employee_id,department,job_level,employment_type,work_mode,age,tenure_years,annual_salary_usd,workload_score,overtime_hours_month,manager_support_score,promotion_wait_years,promotion_count,training_hours_year,satisfaction_score,engagement_score,performance_score,absenteeism_days_year,attrition
EMP-00001,Engineering,Senior,Full-time,On-site,43,4.6,86500,8.5,7.1,7.3,1.1,1,37.8,6.5,7.1,6.8,7.4,0
EMP-00002,Finance,Senior,Full-time,Hybrid,31,3.9,89900,3.9,0.6,5.8,1.4,1,24.3,7.7,7.7,5.5,3.0,0
EMP-00003,Customer Success,Entry,Full-time,Hybrid,28,2.8,40300,6.5,13.1,5.5,0.8,1,47.2,7.4,5.3,6.2,9.5,0
EMP-00004,Sales,Senior,Full-time,On-site,52,8.5,74300,6.1,9.7,6.4,4.1,3,38.3,5.6,7.2,7.1,3.9,0
EMP-00005,Sales,Mid,Full-time,On-site,43,7.9,71300,3.6,0.0,10.0,1.6,3,32.4,9.0,8.8,8.4,4.9,0
EMP-00006,Operations,Senior,Full-time,Hybrid,35,7.0,87700,6.5,8.3,4.9,4.4,2,25.5,8.1,6.4,8.4,11.2,0
EMP-00007,HR,Mid,Full-time,Hybrid,34,4.2,57500,5.2,6.2,10.0,1.5,1,22.2,8.6,7.1,8.3,5.9,0
EMP-00008,Engineering,Entry,Full-time,Hybrid,36,5.8,51400,6.0,0.0,6.1,2.4,1,14.9,6.7,7.3,6.8,5.8,0
EMP-00009,Marketing,Mid,Full-time,Hybrid,34,4.0,82700,4.3,5.4,4.5,1.0,2,18.5,6.7,6.7,8.2,2.7,0
EMP-00010,Sales,Entry,Part-time,Remote,29,2.1,47100,7.2,6.6,7.3,0.1,0,14.1,6.8,4.6,7.7,3.7,0
EMP-00011,HR,Senior,Full-time,On-site,48,11.5,76600,6.7,0.9,7.1,8.9,4,15.2,5.9,7.1,7.2,2.5,0
EMP-00012,HR,Mid,Full-time,Hybrid,31,2.7,56400,7.8,28.1,7.9,0.1,0,22.1,5.4,5.1,6.0,5.3,0
EMP-00013,Finance,Senior,Full-time,On-site,32,2.7,87900,6.3,12.6,8.3,0.2,0,18.6,7.3,7.7,7.0,5.5,0
EMP-00014,Operations,Entry,Full-time,Remote,27,2.9,53400,7.0,19.8,6.9,0.9,0,29.7,4.7,6.2,5.6,6.9,0
EMP-00015,Customer Success,Mid,Part-time,Hybrid,24,2.4,82500,6.6,16.6,9.8,0.1,0,30.8,8.3,8.5,7.0,7.6,0
EMP-00016,Operations,Entry,Full-time,Hybrid,35,3.2,53200,6.1,20.3,9.6,0.6,1,31.1,6.3,6.0,5.9,7.6,0
EMP-00017,Customer Success,Entry,Full-time,Remote,22,1.5,56800,8.0,17.5,6.9,0.1,0,23.0,6.2,7.5,6.5,11.1,0
EMP-00018,Sales,Entry,Full-time,Hybrid,30,2.1,62900,5.6,0.0,5.0,0.1,0,30.7,5.7,7.9,6.0,3.5,0
EMP-00019,Sales,Entry,Full-time,On-site,23,0.2,48000,6.4,13.5,7.4,0.1,1,15.6,7.6,6.6,6.8,7.9,0
EMP-00020,Sales,Entry,Full-time,On-site,28,0.2,54800,6.2,9.0,8.3,0.1,0,28.1,7.0,8.3,9.0,11.1,0
EMP-00021,Customer Success,Mid,Full-time,Hybrid,34,4.1,52700,5.6,1.2,9.1,1.4,1,24.5,6.7,7.8,7.9,6.8,0
EMP-00022,Customer Success,Mid,Full-time,Hybrid,29,3.1,53500,3.9,0.0,6.3,0.1,0,28.0,6.5,6.6,8.0,5.1,0
EMP-00023,Marketing,Entry,Full-time,Hybrid,23,0.2,41900,5.7,0.0,7.8,0.1,0,27.3,6.2,7.0,6.3,8.2,0
EMP-00024,Engineering,Entry,Full-time,Hybrid,21,1.3,60500,5.1,11.0,4.7,0.5,0,43.6,7.0,6.4,5.1,3.7,0
EMP-00025,Customer Success,Entry,Part-time,Hybrid,33,1.2,30000,8.0,17.1,8.0,0.1,0,23.7,5.3,5.0,4.3,12.1,1
EMP-00026,Sales,Senior,Full-time,On-site,43,8.3,84700,7.6,12.4,7.6,4.0,2,27.8,5.9,4.8,7.2,7.3,0
EMP-00027,Engineering,Entry,Full-time,Hybrid,27,3.9,53600,6.1,10.3,6.5,3.0,1,46.0,4.8,5.2,6.3,1.5,0
EMP-00028,Finance,Senior,Full-time,Hybrid,41,6.1,76800,8.0,18.2,6.1,5.6,1,32.0,5.3,6.9,7.3,7.3,0
EMP-00029,Customer Success,Mid,Full-time,On-site,33,3.7,71200,6.5,8.4,8.2,2.0,1,26.9,7.4,7.0,7.9,6.3,0
EMP-00030,Sales,Senior,Full-time,On-site,37,5.0,95500,5.7,2.3,6.6,1.6,1,17.4,7.0,7.9,8.1,0.9,0
EMP-00031,Engineering,Senior,Full-time,Hybrid,39,4.7,91500,7.5,15.9,8.0,1.5,1,19.5,7.5,8.5,6.9,3.4,0
EMP-00032,Operations,Senior,Full-time,On-site,50,7.4,76700,6.8,8.6,8.0,2.8,2,38.3,5.5,5.2,7.8,10.3,1
EMP-00033,Operations,Mid,Full-time,Remote,32,4.3,62100,8.4,27.0,5.9,0.1,1,9.2,7.4,5.9,6.9,7.8,0
EMP-00034,Finance,Mid,Full-time,On-site,31,4.7,67800,5.0,6.1,6.0,1.2,1,0.0,6.4,4.5,6.8,10.7,0
EMP-00035,Sales,Entry,Full-time,Hybrid,26,3.3,43600,3.5,0.0,5.5,0.1,1,33.3,8.4,7.6,6.5,2.1,0
EMP-00036,HR,Entry,Full-time,Hybrid,40,3.8,45300,5.7,10.9,7.8,0.1,1,47.0,8.0,6.8,7.0,10.4,0
EMP-00037,Finance,Mid,Full-time,Hybrid,27,4.1,62600,8.9,19.1,7.4,3.1,1,15.4,4.8,3.3,8.4,9.7,0
EMP-00038,Customer Success,Senior,Full-time,On-site,43,8.2,77700,6.1,11.3,5.4,4.9,2,20.3,6.7,6.2,6.2,3.4,0
EMP-00039,HR,Entry,Full-time,Hybrid,21,0.2,30000,6.0,1.3,7.5,0.1,0,21.2,7.4,6.0,5.0,4.1,0
EMP-00040,Sales,Senior,Full-time,Remote,43,10.4,92500,4.4,0.0,6.7,6.8,2,26.2,8.1,8.2,9.4,0.0,0
EMP-00041,Marketing,Mid,Full-time,Hybrid,38,5.3,57900,7.1,5.8,5.4,1.9,1,35.3,6.6,5.1,8.2,7.4,1
EMP-00042,Sales,Manager,Full-time,Hybrid,29,4.8,105100,4.1,0.0,7.6,0.1,1,20.9,6.1,6.7,8.8,3.9,0
EMP-00043,Sales,Senior,Full-time,Remote,42,6.5,94300,6.2,0.0,7.1,3.9,1,30.2,6.5,6.1,8.1,0.0,0
EMP-00044,Marketing,Entry,Full-time,On-site,21,0.2,48500,6.6,10.7,5.9,0.1,0,23.6,4.6,4.2,5.5,9.4,0
EMP-00045,Sales,Mid,Full-time,On-site,37,3.8,71100,6.1,4.6,9.3,1.1,2,20.8,7.0,7.6,6.1,10.6,0
EMP-00046,Customer Success,Senior,Full-time,On-site,35,4.5,86200,6.8,26.1,4.6,0.1,1,32.6,4.0,4.6,7.0,11.7,1
EMP-00047,Finance,Mid,Full-time,On-site,41,5.3,69100,8.4,19.3,8.4,5.5,1,24.6,4.4,6.2,8.1,7.0,1
EMP-00048,Engineering,Mid,Full-time,Hybrid,27,3.5,73100,7.6,5.7,5.0,1.6,1,34.9,5.9,6.2,5.4,10.0,0
EMP-00049,Marketing,Senior,Full-time,On-site,34,6.5,98400,8.5,8.6,5.6,4.2,1,41.2,4.8,6.2,6.1,0.0,0
EMP-00050,Finance,Mid,Full-time,Remote,26,3.9,82100,6.9,15.8,6.8,1.4,1,27.3,6.4,6.8,6.5,7.9,0
EMP-00051,Finance,Senior,Full-time,On-site,37,6.2,97700,3.5,0.0,8.5,4.6,1,19.1,7.4,7.7,8.5,3.2,0
EMP-00052,Sales,Entry,Full-time,Hybrid,21,0.2,41100,7.1,11.6,6.3,0.1,0,41.2,4.9,5.1,6.6,2.0,1
EMP-00053,Customer Success,Manager,Part-time,Hybrid,47,11.4,111700,7.1,10.4,9.6,6.3,4,33.4,6.4,5.9,7.1,9.8,0
EMP-00054,Customer Success,Entry,Full-time,On-site,24,0.2,51500,6.5,15.5,6.3,0.1,1,22.2,5.5,6.5,8.6,11.7,1
EMP-00055,Customer Success,Mid,Full-time,Remote,23,3.8,49300,4.6,0.0,6.1,0.1,1,22.1,6.1,7.2,6.7,2.3,0
EMP-00056,Marketing,Senior,Full-time,Hybrid,39,9.5,93300,4.7,7.1,6.6,6.5,3,33.8,7.1,7.1,7.3,7.1,0
EMP-00057,Finance,Mid,Full-time,Hybrid,23,1.5,55100,2.6,2.5,8.5,0.1,0,14.7,9.4,7.9,9.8,4.0,0
EMP-00058,Customer Success,Manager,Full-time,Hybrid,33,7.4,121900,6.8,14.7,6.0,4.9,2,20.1,7.5,5.9,6.4,6.0,1
EMP-00059,Engineering,Mid,Full-time,On-site,28,4.7,67000,7.5,15.3,8.1,3.3,1,15.7,6.0,5.5,6.8,9.5,1
EMP-00060,Operations,Entry,Part-time,Hybrid,37,1.7,38900,5.7,14.0,3.2,1.0,0,23.2,5.2,6.3,8.3,6.3,0
EMP-00061,Customer Success,Senior,Full-time,Hybrid,38,7.8,95200,8.1,20.5,8.2,3.1,3,26.8,5.4,7.6,8.5,4.8,0
EMP-00062,Sales,Senior,Full-time,Hybrid,36,8.1,82100,5.8,8.4,7.0,6.5,2,14.2,5.8,6.1,7.3,1.9,0
EMP-00063,Customer Success,Mid,Full-time,Hybrid,25,5.9,65000,6.3,7.2,5.7,5.2,2,27.6,6.1,5.0,6.3,0.9,0
EMP-00064,Engineering,Entry,Full-time,On-site,22,1.1,52800,7.2,7.2,6.0,0.1,1,32.0,4.8,5.6,5.7,11.0,0
EMP-00065,HR,Mid,Full-time,Hybrid,33,3.1,66600,6.9,17.6,7.4,1.4,1,6.8,5.6,6.1,7.7,7.5,0
EMP-00066,HR,Mid,Full-time,Hybrid,36,7.5,78900,7.8,8.7,7.5,5.4,2,13.8,6.5,7.1,6.6,5.6,0
EMP-00067,Engineering,Senior,Full-time,Hybrid,32,6.6,86300,5.5,5.9,5.0,3.2,1,34.8,6.4,6.0,6.7,7.1,0
EMP-00068,Sales,Senior,Full-time,Hybrid,41,7.3,95400,7.1,11.2,8.9,4.6,2,25.2,6.8,7.5,8.0,7.4,0
EMP-00069,Marketing,Mid,Full-time,Hybrid,40,7.8,74100,7.4,3.4,6.3,5.5,2,14.7,3.5,5.1,7.1,6.1,0
EMP-00070,Sales,Manager,Full-time,On-site,41,11.6,107200,6.5,3.9,3.7,9.4,3,18.4,3.6,6.0,7.0,0.6,1
EMP-00071,Finance,Mid,Part-time,Hybrid,28,4.4,78200,4.1,0.0,8.2,1.8,1,21.9,7.0,7.5,8.3,6.8,0
EMP-00072,Customer Success,Mid,Full-time,Hybrid,35,3.1,73800,5.6,6.9,5.5,0.1,1,23.8,6.9,6.3,6.4,4.5,0
EMP-00073,Operations,Mid,Full-time,Remote,26,3.8,69800,4.8,0.0,7.2,2.7,2,14.3,7.9,7.0,7.0,3.3,0
EMP-00074,HR,Entry,Full-time,Remote,30,0.2,51800,5.1,1.1,7.8,0.1,0,22.7,7.9,7.1,7.0,3.8,0
EMP-00075,Operations,Entry,Full-time,Hybrid,34,4.1,41500,7.1,10.2,4.5,0.8,1,45.9,7.8,5.1,6.3,5.5,0
EMP-00076,Finance,Entry,Full-time,Remote,26,2.8,61100,5.8,0.8,5.0,0.3,0,17.9,4.1,6.8,7.3,0.0,0
EMP-00077,Engineering,Entry,Full-time,Hybrid,25,0.2,60100,7.0,15.4,9.7,0.1,1,39.1,5.1,4.5,5.1,8.7,0
EMP-00078,HR,Manager,Full-time,On-site,34,6.0,119300,5.2,0.0,9.3,3.2,1,27.0,8.5,7.2,6.7,5.2,0
EMP-00079,Engineering,Entry,Full-time,Hybrid,26,1.3,61900,9.1,21.6,7.7,0.1,0,14.7,4.7,6.4,6.0,6.5,1
EMP-00080,Sales,Senior,Full-time,Hybrid,42,7.1,87700,3.6,0.8,8.5,5.3,2,25.8,10.0,7.9,10.0,0.0,0
EMP-00081,Sales,Senior,Full-time,Remote,42,8.3,86500,8.0,14.2,5.7,5.8,2,25.5,4.1,5.3,5.4,7.3,1
EMP-00082,Marketing,Mid,Full-time,On-site,27,2.7,67500,7.2,7.7,4.0,1.9,0,24.8,5.9,3.8,4.4,8.9,0
EMP-00083,Customer Success,Mid,Full-time,Hybrid,30,4.4,57200,6.8,11.7,7.4,0.1,1,22.9,6.9,6.8,5.4,10.9,0
EMP-00084,Engineering,Senior,Full-time,Hybrid,48,7.4,93800,6.6,1.6,6.1,3.9,3,25.7,6.3,6.7,8.9,3.9,0
EMP-00085,Engineering,Entry,Full-time,Hybrid,30,3.9,44300,5.9,3.1,8.3,2.1,2,36.6,8.5,8.7,9.1,4.8,0
EMP-00086,Finance,Mid,Full-time,Remote,21,2.1,73500,4.5,3.3,7.6,0.1,1,28.3,8.3,7.4,7.0,4.5,0
EMP-00087,Customer Success,Entry,Full-time,Hybrid,29,1.8,50500,8.1,16.6,5.8,0.1,0,41.6,5.1,5.5,7.0,4.7,0
EMP-00088,Finance,Entry,Full-time,Hybrid,30,3.6,53200,4.5,0.0,5.6,1.0,1,35.5,6.8,8.5,6.1,7.0,0
EMP-00089,Finance,Mid,Full-time,On-site,21,0.3,58500,4.3,1.1,8.5,0.1,1,25.0,10.0,9.2,5.9,3.6,0
EMP-00090,Operations,Mid,Full-time,Remote,30,4.4,58000,5.6,6.3,8.4,2.7,1,0.0,6.3,7.9,7.5,1.5,0
EMP-00091,HR,Senior,Full-time,On-site,30,7.4,78600,6.9,8.8,5.8,4.0,2,38.8,7.6,7.5,7.0,1.1,0
EMP-00092,Engineering,Senior,Full-time,Hybrid,34,4.7,70300,6.0,5.2,7.7,0.2,1,8.8,8.2,7.4,6.9,6.7,0
EMP-00093,HR,Mid,Full-time,Hybrid,33,3.3,85400,7.9,4.6,8.5,2.0,1,19.3,7.9,10.0,8.1,3.0,0
EMP-00094,Operations,Senior,Full-time,On-site,32,7.4,93500,7.8,18.2,5.0,3.8,3,18.5,4.4,6.1,6.4,4.7,0
EMP-00095,Finance,Senior,Full-time,Remote,41,7.4,86600,9.1,12.2,2.1,2.5,2,23.9,4.4,5.3,7.3,9.7,1
EMP-00096,Marketing,Senior,Full-time,Remote,37,4.2,83400,7.7,15.2,4.7,1.2,1,22.2,5.5,6.2,6.6,6.3,0
EMP-00097,Finance,Manager,Full-time,On-site,35,7.6,110500,7.4,4.3,6.8,4.2,2,19.7,7.3,5.8,7.7,0.8,0
EMP-00098,HR,Entry,Full-time,Hybrid,27,1.7,45700,5.8,13.7,5.3,0.5,0,38.8,8.2,5.0,5.2,10.4,0
EMP-00099,Sales,Mid,Full-time,Hybrid,34,2.3,80400,7.6,6.4,4.8,0.1,1,18.9,7.3,5.2,5.6,4.8,0
EMP-00100,Finance,Mid,Full-time,Hybrid,29,2.0,77900,6.4,7.3,7.6,3.7,0,15.5,6.6,5.0,5.5,8.5,0
EMP-00101,Operations,Entry,Full-time,On-site,41,5.2,34000,6.7,9.7,7.8,4.9,1,24.5,8.8,6.3,8.1,3.8,0
EMP-00102,Engineering,Senior,Full-time,Hybrid,35,7.3,97500,6.1,0.0,6.9,4.9,2,14.9,5.7,5.9,7.4,4.6,0
EMP-00103,Finance,Entry,Full-time,Hybrid,33,3.7,53100,5.1,14.8,7.4,0.1,1,17.7,6.4,5.0,8.0,7.7,0
EMP-00104,Customer Success,Entry,Full-time,On-site,35,2.8,43700,7.1,10.1,6.8,0.1,0,27.8,7.7,7.0,7.5,9.4,0
EMP-00105,Operations,Senior,Full-time,Remote,49,10.2,88300,7.3,26.6,8.3,7.0,3,12.1,6.1,5.5,8.1,11.7,1
EMP-00106,Engineering,Manager,Full-time,Hybrid,34,6.1,116400,8.3,19.2,6.0,1.2,1,28.8,6.8,5.7,6.1,6.0,0
EMP-00107,Finance,Senior,Full-time,On-site,36,4.2,85500,8.2,19.5,4.8,0.1,1,31.1,3.0,4.3,5.2,15.3,0
EMP-00108,Operations,Senior,Full-time,On-site,36,7.2,97500,8.5,2.4,7.0,3.9,2,26.0,7.5,5.8,6.0,13.6,0
EMP-00109,Finance,Mid,Full-time,Hybrid,37,4.8,68900,7.4,15.9,4.3,0.1,2,41.7,4.9,4.2,5.8,8.0,0
EMP-00110,Sales,Mid,Full-time,On-site,24,1.6,50800,7.9,2.4,4.3,0.1,1,16.7,6.7,3.4,5.5,9.1,0
EMP-00111,Marketing,Mid,Part-time,Remote,29,0.2,63300,9.1,17.6,8.9,0.1,0,25.4,5.5,4.2,7.4,13.1,0
EMP-00112,Sales,Entry,Full-time,Hybrid,26,2.8,34500,6.0,4.3,8.1,0.1,0,41.5,7.7,5.9,7.5,6.7,0
EMP-00113,Marketing,Entry,Full-time,Hybrid,32,1.7,51300,6.9,7.2,6.1,0.1,0,28.0,7.0,6.4,4.3,3.5,0
EMP-00114,Engineering,Entry,Full-time,Hybrid,28,2.5,62000,6.2,2.2,6.4,0.1,0,43.6,6.8,6.7,8.3,1.1,0
EMP-00115,Sales,Senior,Full-time,On-site,37,4.2,81500,6.8,9.8,7.0,2.5,1,18.6,6.6,6.4,5.1,6.1,0
EMP-00116,Engineering,Entry,Full-time,Remote,28,4.1,53100,7.3,5.9,6.2,1.2,2,19.8,6.0,6.8,8.1,7.5,0
EMP-00117,Engineering,Mid,Full-time,Hybrid,40,6.1,71100,6.0,3.1,6.8,0.7,1,3.5,8.8,6.2,6.7,3.8,0
EMP-00118,Finance,Manager,Full-time,On-site,44,9.4,124200,5.0,0.0,8.2,7.0,2,18.3,7.0,7.8,8.5,7.5,0
EMP-00119,Sales,Senior,Full-time,Hybrid,29,7.8,91200,4.7,8.0,7.5,5.9,2,19.1,6.4,7.0,9.4,3.5,0
EMP-00120,Customer Success,Entry,Full-time,On-site,22,3.5,51000,5.4,9.5,6.7,0.1,1,29.7,7.1,8.1,6.1,6.2,0
EMP-00121,Marketing,Senior,Full-time,On-site,39,6.2,93400,5.5,16.3,8.5,4.5,1,31.4,6.7,5.6,8.3,6.4,0
EMP-00122,Operations,Senior,Full-time,On-site,29,4.7,90700,6.3,13.2,6.0,0.1,1,16.7,4.3,5.9,6.2,5.4,0
EMP-00123,Sales,Entry,Full-time,Hybrid,25,0.2,41100,5.4,1.3,7.9,0.1,1,33.3,6.9,6.4,5.2,0.7,0
EMP-00124,Sales,Entry,Full-time,Hybrid,28,2.8,49500,6.5,8.7,5.6,0.1,0,30.9,5.1,5.3,6.9,6.6,0
EMP-00125,Sales,Senior,Full-time,Hybrid,34,7.9,99500,7.0,18.3,7.9,9.2,3,22.2,6.9,7.9,6.0,7.4,0
EMP-00126,Engineering,Senior,Full-time,Hybrid,53,9.3,85800,7.2,13.5,7.9,5.0,2,23.9,5.8,6.1,6.7,8.6,0
EMP-00127,Marketing,Senior,Full-time,Hybrid,41,6.7,79100,5.4,0.0,4.2,1.0,1,10.0,7.3,5.5,8.1,4.2,0
EMP-00128,Operations,Mid,Full-time,Hybrid,28,1.5,62400,6.7,7.7,6.1,0.1,0,15.6,5.5,5.6,7.9,5.5,0
EMP-00129,Customer Success,Entry,Full-time,Hybrid,24,3.8,57500,5.1,8.8,7.0,2.5,1,34.9,7.7,6.8,8.2,4.1,0
EMP-00130,Finance,Manager,Full-time,On-site,44,6.7,102800,4.3,0.1,5.6,2.0,1,25.3,7.3,8.7,6.6,3.6,0
EMP-00131,HR,Entry,Full-time,Hybrid,35,3.5,44100,7.6,6.0,8.6,0.8,1,27.3,8.9,7.6,7.9,10.6,0
EMP-00132,Marketing,Senior,Full-time,On-site,40,6.9,70700,5.1,0.0,8.7,3.4,2,28.4,7.0,7.8,8.1,0.0,0
EMP-00133,Operations,Senior,Part-time,On-site,35,4.2,93600,3.8,2.7,6.3,0.1,1,32.2,5.7,5.6,7.9,0.0,0
EMP-00134,Operations,Mid,Full-time,On-site,35,3.4,74200,6.3,6.7,6.0,0.1,0,21.5,6.2,6.9,7.6,3.4,0
EMP-00135,Engineering,Mid,Full-time,On-site,30,7.5,78000,6.2,3.1,4.9,4.3,2,34.2,7.0,6.2,7.1,3.8,0
EMP-00136,Marketing,Entry,Full-time,Remote,31,2.3,42000,5.2,5.1,8.8,0.6,0,26.8,6.8,6.7,5.4,3.0,0
EMP-00137,Marketing,Entry,Full-time,Remote,23,1.7,53800,6.3,9.4,6.0,0.1,1,28.4,6.8,5.8,7.4,3.3,0
EMP-00138,Operations,Entry,Part-time,Hybrid,29,4.3,44300,8.6,25.0,6.3,0.3,1,16.0,4.5,5.8,7.5,11.3,1
EMP-00139,Sales,Senior,Full-time,Hybrid,43,7.5,81100,6.4,9.0,6.4,3.9,3,23.9,6.1,5.7,6.8,5.1,0
EMP-00140,Marketing,Entry,Full-time,Hybrid,29,3.0,34100,5.8,7.7,6.4,0.1,1,22.5,5.7,5.8,5.9,0.7,0
EMP-00141,Finance,Mid,Full-time,Hybrid,31,2.7,58700,6.2,7.9,6.0,1.1,1,28.9,6.9,8.0,7.5,9.5,0
EMP-00142,Customer Success,Mid,Full-time,On-site,33,6.6,51400,8.3,14.9,4.8,2.8,1,25.1,4.7,4.5,5.6,12.8,0
EMP-00143,Engineering,Manager,Full-time,Hybrid,36,7.4,120600,6.6,9.0,6.5,3.0,2,13.6,6.6,6.2,8.1,10.7,0
EMP-00144,Sales,Mid,Part-time,On-site,29,2.1,75500,7.4,0.0,8.4,0.1,0,10.3,6.6,8.8,9.2,7.5,0
EMP-00145,HR,Mid,Full-time,Hybrid,32,4.1,52000,6.9,18.5,8.7,2.8,1,28.9,7.0,6.5,7.4,6.6,0
EMP-00146,Engineering,Senior,Full-time,Hybrid,35,7.0,104700,4.1,14.2,7.4,3.1,2,14.5,6.8,6.3,6.5,4.5,0
EMP-00147,Engineering,Mid,Full-time,Hybrid,36,5.0,71000,7.6,0.0,7.4,1.7,1,13.4,6.8,8.3,6.4,3.7,0
EMP-00148,Sales,Senior,Full-time,On-site,28,5.2,82800,4.3,5.6,6.1,4.8,2,31.6,6.5,4.4,7.0,6.6,0
EMP-00149,Engineering,Entry,Full-time,Hybrid,43,3.6,48200,6.7,2.6,7.1,2.1,1,27.6,5.6,6.1,4.9,3.6,0
EMP-00150,Sales,Entry,Full-time,Hybrid,26,0.2,54200,4.3,0.0,6.5,0.4,0,24.9,6.7,8.5,5.7,0.0,0
EMP-00151,HR,Manager,Full-time,Hybrid,32,7.8,106800,6.0,3.8,7.4,4.0,2,35.6,5.2,4.3,7.1,0.8,1
EMP-00152,Sales,Mid,Full-time,Hybrid,29,1.2,70000,6.9,0.2,8.3,0.1,0,23.4,8.4,6.3,5.9,5.0,0
EMP-00153,Finance,Mid,Full-time,Hybrid,33,4.5,63100,6.5,10.0,7.9,0.7,1,16.3,7.4,5.5,7.6,8.1,0
EMP-00154,Sales,Entry,Full-time,Hybrid,21,0.2,39600,6.1,5.2,6.8,0.1,0,22.0,5.4,5.9,5.1,6.5,0
EMP-00155,Marketing,Mid,Full-time,On-site,32,6.4,55800,6.9,7.9,5.4,2.3,2,15.5,6.0,6.2,6.4,4.5,0
EMP-00156,Engineering,Senior,Full-time,On-site,33,4.6,92300,5.6,7.9,8.2,0.1,1,50.9,7.6,5.4,8.6,9.7,0
EMP-00157,Operations,Manager,Full-time,Hybrid,43,8.3,91800,5.4,2.2,5.8,7.3,2,39.4,5.7,4.9,7.3,1.6,0
EMP-00158,Customer Success,Mid,Full-time,On-site,37,5.1,69700,4.0,6.8,6.6,1.0,2,8.7,5.3,5.9,6.7,5.4,0
EMP-00159,Engineering,Entry,Full-time,Hybrid,33,2.9,56500,9.5,15.9,6.9,1.6,1,27.9,5.6,6.9,6.4,6.1,0
EMP-00160,Operations,Manager,Full-time,Hybrid,40,6.6,102200,7.0,17.6,8.9,2.1,1,25.2,6.8,5.2,6.9,9.8,1
EMP-00161,Finance,Senior,Full-time,Hybrid,34,5.0,84100,5.6,0.0,5.9,0.3,1,34.6,9.1,7.2,6.8,4.4,0
EMP-00162,Customer Success,Entry,Full-time,Hybrid,27,1.4,30000,8.5,14.3,5.5,0.1,0,11.6,4.2,2.9,6.1,7.1,1
EMP-00163,Sales,Senior,Full-time,Remote,37,9.2,84300,2.4,10.3,6.2,6.7,2,38.7,5.7,7.6,6.7,5.4,0
EMP-00164,Operations,Mid,Full-time,On-site,26,1.6,47400,7.7,14.8,6.4,0.1,0,17.0,6.5,5.9,6.2,9.1,0
EMP-00165,Sales,Entry,Full-time,Remote,25,3.0,50500,7.1,13.8,8.4,0.1,0,17.7,6.1,4.3,5.9,14.3,0
EMP-00166,Engineering,Entry,Full-time,On-site,25,3.8,56300,8.5,25.2,9.5,1.3,2,33.5,4.8,5.3,4.2,0.9,1
EMP-00167,HR,Mid,Full-time,Hybrid,34,3.1,66200,7.1,9.9,6.8,0.1,0,16.4,6.2,6.1,4.8,5.5,0
EMP-00168,Engineering,Mid,Full-time,Hybrid,39,6.8,56200,5.8,6.2,4.6,5.8,1,17.6,7.6,5.6,5.1,13.5,0
EMP-00169,Engineering,Manager,Part-time,On-site,34,5.8,121700,8.1,14.3,7.5,2.7,1,41.5,6.4,8.5,10.0,6.9,0
EMP-00170,Customer Success,Mid,Full-time,Hybrid,29,3.7,58800,7.5,14.0,7.0,0.1,1,0.0,6.5,7.0,5.7,4.4,0
EMP-00171,Engineering,Mid,Full-time,On-site,40,4.2,80300,5.5,4.1,7.3,0.8,2,33.5,7.0,7.1,4.6,7.9,0
EMP-00172,Sales,Senior,Full-time,Hybrid,40,5.0,76700,2.9,0.0,5.9,3.2,1,22.3,5.7,5.2,5.9,5.5,0
EMP-00173,Finance,Mid,Full-time,Hybrid,36,5.8,70900,6.1,9.6,7.1,3.4,1,27.1,7.5,6.5,7.6,5.2,0
EMP-00174,HR,Mid,Full-time,Remote,43,5.1,66100,7.5,21.3,6.7,0.9,1,31.0,5.9,5.0,6.5,8.3,0
EMP-00175,HR,Entry,Full-time,Hybrid,21,2.4,51200,6.6,0.0,8.7,0.1,0,37.6,7.5,5.7,6.7,6.1,0
EMP-00176,Engineering,Senior,Part-time,On-site,32,5.7,92000,5.5,9.5,6.7,2.5,1,29.4,8.2,7.7,7.9,4.7,0
EMP-00177,Operations,Senior,Full-time,On-site,38,5.4,80800,5.8,5.3,6.6,1.8,1,34.0,7.3,7.5,7.1,11.1,0
EMP-00178,Engineering,Mid,Full-time,Hybrid,22,3.2,58100,6.2,11.9,7.3,0.1,0,21.5,6.6,5.8,7.0,2.0,0
EMP-00179,Operations,Mid,Full-time,Remote,33,6.2,40500,7.2,16.0,4.1,4.0,1,20.6,7.1,6.2,7.4,8.3,0
EMP-00180,Sales,Mid,Full-time,Hybrid,27,3.2,51700,9.2,4.9,6.5,0.1,0,25.6,4.6,5.4,4.3,6.8,0
EMP-00181,Marketing,Senior,Full-time,Remote,32,3.6,99200,6.0,3.6,7.4,2.9,1,34.2,5.9,6.3,6.0,10.4,0
EMP-00182,Marketing,Senior,Full-time,Hybrid,46,9.7,87200,5.6,12.0,4.7,5.9,2,26.7,5.3,6.6,8.7,5.2,0
EMP-00183,Operations,Senior,Full-time,On-site,39,8.0,79300,6.1,4.6,5.2,5.9,2,20.4,6.5,6.8,7.0,10.3,0
EMP-00184,HR,Mid,Full-time,On-site,38,6.7,58600,6.1,14.4,7.2,4.8,2,32.0,6.1,6.5,7.5,3.3,0
EMP-00185,Sales,Mid,Full-time,On-site,37,6.9,45100,7.2,8.7,7.7,3.6,1,19.7,8.6,7.5,8.8,7.5,0
EMP-00186,Finance,Mid,Full-time,Hybrid,24,0.2,66000,5.2,0.0,5.7,0.1,1,19.7,7.1,6.1,6.5,3.5,0
EMP-00187,Marketing,Mid,Full-time,Hybrid,25,3.2,72200,2.0,0.0,8.4,0.1,1,9.8,5.3,8.8,7.4,0.0,0
EMP-00188,Engineering,Mid,Full-time,Hybrid,28,4.5,60300,5.0,0.0,5.0,4.3,2,20.0,7.0,5.7,5.2,5.9,0
EMP-00189,Marketing,Mid,Full-time,Remote,22,3.3,72400,10.0,27.3,7.5,2.2,1,21.6,6.0,4.5,6.2,8.1,0
EMP-00190,Sales,Mid,Full-time,On-site,29,2.0,78900,5.7,7.3,8.9,0.1,0,24.3,7.5,7.2,7.7,5.7,0
EMP-00191,Engineering,Mid,Full-time,On-site,22,2.1,71300,7.1,7.4,6.6,0.1,0,22.0,6.3,5.9,7.2,10.8,0
EMP-00192,Finance,Entry,Full-time,On-site,26,0.2,52000,7.9,15.6,4.3,0.4,0,39.4,4.5,5.3,6.9,8.0,1
EMP-00193,Customer Success,Senior,Full-time,On-site,39,8.1,85600,8.0,16.4,7.5,6.2,2,21.9,4.1,6.1,6.4,4.3,0
EMP-00194,Finance,Mid,Full-time,On-site,35,6.6,81900,9.6,17.6,4.9,2.2,2,26.8,5.4,5.8,8.7,10.6,1
EMP-00195,Marketing,Senior,Full-time,Hybrid,38,9.0,92000,6.1,0.0,6.6,2.7,3,9.9,7.7,7.1,7.5,4.4,0
EMP-00196,Customer Success,Senior,Full-time,On-site,30,5.7,81900,6.8,17.6,7.3,3.2,1,23.9,5.5,4.7,7.5,3.0,0
EMP-00197,HR,Senior,Full-time,Hybrid,40,7.6,96700,7.4,10.5,7.0,3.0,3,32.8,6.0,5.9,5.7,6.8,0
EMP-00198,Engineering,Mid,Full-time,Remote,31,6.3,67400,5.4,14.6,5.3,4.5,1,16.1,6.9,5.2,6.9,1.8,0
EMP-00199,Sales,Senior,Full-time,Hybrid,28,6.2,85000,5.1,0.0,6.0,3.9,1,16.5,8.9,7.3,7.3,0.0,0
EMP-00200,Sales,Senior,Full-time,Hybrid,44,5.9,73200,6.3,0.0,6.0,4.0,1,21.7,7.5,6.0,6.6,7.3,1
EMP-00201,Operations,Mid,Full-time,On-site,37,4.9,50800,5.4,3.4,6.5,3.6,1,26.2,5.9,6.8,7.4,3.0,0
EMP-00202,Marketing,Entry,Full-time,Remote,21,2.3,44200,6.7,19.4,10.0,0.7,0,9.0,7.9,8.1,9.8,6.3,0
EMP-00203,Engineering,Mid,Full-time,Hybrid,28,1.6,56200,6.0,16.8,7.3,0.9,0,41.3,8.1,6.5,7.5,5.4,0
EMP-00204,Operations,Mid,Full-time,Hybrid,33,3.1,58200,5.5,10.8,5.5,0.1,0,21.3,7.9,7.8,7.1,0.3,0
EMP-00205,Operations,Manager,Full-time,Hybrid,40,8.4,104100,5.7,15.7,4.5,3.7,3,28.3,6.0,5.0,6.9,4.3,1
EMP-00206,Operations,Mid,Full-time,Hybrid,36,6.1,57600,7.2,4.2,8.1,1.3,2,30.5,6.5,7.1,8.9,5.9,0
EMP-00207,Engineering,Mid,Full-time,Hybrid,25,0.8,61800,7.1,9.2,9.0,0.1,0,6.8,6.7,6.2,8.0,8.9,0
EMP-00208,Engineering,Entry,Full-time,Hybrid,21,0.7,60800,4.5,0.0,9.9,0.1,0,42.6,8.2,9.8,8.0,9.7,0
EMP-00209,Operations,Manager,Full-time,On-site,35,6.2,101900,7.1,17.3,8.2,0.3,2,17.3,7.7,5.4,5.7,3.9,0
EMP-00210,Operations,Manager,Full-time,On-site,34,6.4,105500,5.5,0.0,10.0,1.9,2,29.7,7.9,7.7,5.8,4.9,0
EMP-00211,Engineering,Mid,Full-time,Hybrid,23,2.7,74100,6.8,3.4,7.9,0.1,1,23.2,7.7,7.5,7.7,8.4,0
EMP-00212,Finance,Manager,Full-time,Hybrid,34,9.0,96300,2.7,0.0,6.8,4.2,2,15.4,6.5,6.9,7.0,12.1,0
EMP-00213,Sales,Mid,Full-time,Hybrid,32,4.7,50200,8.5,6.3,6.4,1.5,1,21.8,5.7,6.7,5.9,10.2,0
EMP-00214,Customer Success,Entry,Full-time,Hybrid,32,3.6,44300,5.8,0.0,6.8,0.9,1,45.5,7.7,8.8,5.9,0.0,0
EMP-00215,Engineering,Manager,Full-time,Hybrid,29,6.0,132400,6.6,10.8,7.5,3.0,1,35.0,7.1,5.5,7.3,8.8,0
EMP-00216,Sales,Entry,Full-time,Hybrid,26,1.7,48900,5.6,0.0,6.8,1.0,0,30.3,8.2,8.0,7.7,2.8,0
EMP-00217,Sales,Mid,Full-time,Hybrid,41,5.1,79900,5.3,3.3,4.4,3.0,1,20.5,5.7,6.4,8.4,13.4,0
EMP-00218,HR,Manager,Full-time,Remote,43,7.0,95700,5.8,7.3,5.5,3.0,2,32.3,7.1,6.0,6.3,1.8,1
EMP-00219,Finance,Entry,Full-time,Hybrid,22,3.6,54100,6.2,4.4,7.9,2.9,1,41.8,7.5,6.7,8.0,7.7,0
EMP-00220,Engineering,Mid,Full-time,Hybrid,26,2.1,80500,6.6,6.0,10.0,0.1,0,10.2,5.2,5.6,6.7,0.4,0
EMP-00221,Customer Success,Mid,Full-time,Hybrid,32,2.6,51600,8.2,24.5,7.3,0.1,0,7.3,4.9,7.0,6.6,7.2,1
EMP-00222,Customer Success,Mid,Full-time,Hybrid,29,2.4,71000,7.4,17.5,8.6,0.1,0,4.6,6.0,7.2,7.1,7.5,0
EMP-00223,Finance,Mid,Full-time,On-site,33,4.6,74200,5.7,7.7,8.2,0.7,2,36.8,9.3,7.6,8.0,5.8,0
EMP-00224,Customer Success,Mid,Full-time,Remote,32,4.9,51500,4.7,0.0,7.9,2.7,1,28.7,8.2,8.1,8.5,3.6,0
EMP-00225,Customer Success,Mid,Full-time,On-site,30,5.4,66700,7.7,19.4,6.3,1.4,2,8.4,5.4,7.3,7.7,13.8,0
EMP-00226,Sales,Senior,Full-time,On-site,35,5.3,103800,6.6,10.1,8.6,3.3,1,0.0,5.9,6.0,6.4,7.5,1
EMP-00227,Finance,Manager,Full-time,Hybrid,45,10.1,109900,6.7,9.1,6.0,5.7,2,21.8,4.9,4.2,6.8,3.4,0
EMP-00228,HR,Senior,Full-time,On-site,37,6.8,75600,6.6,17.3,2.2,5.0,1,33.4,4.2,3.8,7.4,7.1,1
EMP-00229,Finance,Mid,Full-time,On-site,30,4.7,58600,6.8,4.5,9.5,0.1,2,31.5,7.5,7.2,8.7,0.0,0
EMP-00230,Operations,Mid,Full-time,Hybrid,43,4.9,64400,5.4,6.2,8.1,2.3,1,20.8,7.7,6.9,7.6,0.0,0
EMP-00231,Engineering,Mid,Full-time,Hybrid,40,5.7,68200,6.1,5.8,9.7,0.4,1,18.5,7.6,7.6,9.6,3.9,0
EMP-00232,Engineering,Senior,Full-time,Hybrid,36,7.7,92100,8.7,25.1,7.1,2.5,2,29.8,6.2,7.7,6.0,5.6,0
EMP-00233,Operations,Senior,Full-time,Hybrid,35,4.5,70700,4.8,3.4,10.0,0.1,1,29.1,7.5,8.2,7.4,5.5,0
EMP-00234,Finance,Entry,Part-time,Remote,28,2.8,59600,4.9,15.5,6.6,1.5,0,14.5,7.2,6.4,5.5,6.2,0
EMP-00235,Customer Success,Manager,Full-time,Hybrid,44,8.3,105300,5.7,7.3,6.9,3.7,2,26.4,6.7,8.1,6.4,4.9,0
EMP-00236,Sales,Mid,Part-time,Hybrid,38,7.8,81900,5.8,10.0,7.3,6.9,2,17.3,5.3,5.3,8.2,2.9,0
EMP-00237,Sales,Entry,Full-time,Remote,28,3.3,40200,6.7,0.0,9.0,1.7,0,29.5,8.5,8.7,7.2,3.6,0
EMP-00238,Marketing,Mid,Full-time,On-site,37,6.6,60400,6.1,8.6,7.7,1.7,1,12.4,5.9,5.4,7.4,5.5,0
EMP-00239,Sales,Mid,Full-time,Remote,29,3.6,61400,4.6,1.5,8.3,1.1,1,12.2,8.3,6.9,6.1,2.3,0
EMP-00240,Customer Success,Senior,Full-time,Hybrid,35,5.8,87900,6.5,10.3,6.9,4.0,1,41.5,6.5,5.8,7.1,4.3,0
EMP-00241,Operations,Senior,Full-time,Hybrid,38,9.4,75800,8.5,10.5,7.0,8.0,2,19.0,6.0,6.7,7.7,3.9,0
EMP-00242,HR,Senior,Full-time,Hybrid,39,5.3,88800,5.1,12.3,7.7,3.1,1,34.7,5.6,6.7,6.5,1.7,1
EMP-00243,HR,Senior,Full-time,On-site,36,8.3,91100,5.6,8.3,4.9,6.1,2,36.4,5.0,4.8,7.5,8.6,0
EMP-00244,Customer Success,Manager,Full-time,Hybrid,36,6.0,101500,7.6,23.5,7.8,2.5,1,28.8,5.1,6.3,8.9,11.5,1
EMP-00245,Engineering,Entry,Full-time,On-site,30,2.5,63400,5.6,3.7,5.1,0.5,1,22.4,7.2,9.1,5.7,7.4,0
EMP-00246,Engineering,Mid,Full-time,Remote,28,4.1,71100,5.0,11.7,4.9,0.4,1,29.8,6.6,7.4,6.5,6.6,0
EMP-00247,Customer Success,Mid,Full-time,Remote,40,6.4,72000,6.7,10.2,7.6,0.1,1,12.5,7.4,6.7,8.8,8.1,0
EMP-00248,Engineering,Senior,Full-time,On-site,39,9.8,97900,6.3,12.0,5.6,8.1,2,17.3,5.0,4.8,6.9,0.9,0
EMP-00249,Engineering,Senior,Full-time,Hybrid,37,4.6,79200,5.0,10.3,8.4,0.1,1,18.1,7.8,8.9,8.3,4.4,0
EMP-00250,Sales,Mid,Full-time,Hybrid,32,2.7,77000,6.5,5.5,9.0,0.1,0,15.5,8.5,7.1,9.3,11.5,0
EMP-00251,HR,Senior,Part-time,On-site,46,8.6,96900,10.0,24.9,8.3,7.6,3,31.7,5.0,4.1,7.4,13.7,1
EMP-00252,Engineering,Mid,Full-time,Hybrid,32,5.4,73300,5.4,9.4,4.8,2.0,1,11.7,5.8,5.4,7.1,0.0,1
EMP-00253,Engineering,Manager,Part-time,On-site,42,11.1,137300,8.2,16.9,7.2,7.0,3,29.5,5.9,6.0,6.5,8.7,1
EMP-00254,HR,Mid,Full-time,Remote,33,7.5,60300,5.5,2.0,6.8,1.2,3,31.7,7.3,6.5,6.9,3.9,1
EMP-00255,Finance,Mid,Full-time,Hybrid,27,2.5,72800,6.6,12.4,5.9,0.4,0,11.9,4.8,5.0,4.1,14.6,0
EMP-00256,Marketing,Mid,Full-time,Hybrid,27,3.8,78800,4.5,10.7,5.0,0.1,1,13.0,6.1,5.8,5.2,7.0,0
EMP-00257,Sales,Mid,Full-time,On-site,42,2.7,79500,6.0,9.8,5.5,0.7,0,27.2,4.4,5.4,5.6,6.1,0
EMP-00258,HR,Mid,Full-time,On-site,33,3.3,60500,6.1,1.6,8.2,0.9,0,36.9,6.5,8.4,7.7,4.9,0
EMP-00259,HR,Senior,Part-time,Hybrid,36,6.2,80900,6.2,16.5,5.9,4.3,1,29.9,6.2,5.8,6.6,11.2,0
EMP-00260,Finance,Mid,Full-time,On-site,38,5.4,61900,6.4,0.0,7.6,5.5,1,6.4,6.2,6.8,8.4,4.4,0
EMP-00261,HR,Mid,Full-time,Hybrid,35,5.1,63300,7.0,17.7,6.3,2.9,2,28.9,7.5,5.8,8.0,2.0,0
EMP-00262,Customer Success,Entry,Full-time,Hybrid,21,0.2,35200,6.7,16.6,5.9,0.1,0,34.3,6.0,4.4,3.4,5.1,1
EMP-00263,Customer Success,Senior,Full-time,Hybrid,43,9.9,79100,7.7,17.8,7.3,7.3,2,34.6,5.8,6.2,9.0,11.4,0
EMP-00264,Operations,Manager,Full-time,On-site,43,6.4,92900,6.6,18.1,4.7,2.2,2,20.0,4.5,6.1,6.6,8.7,0
EMP-00265,Marketing,Senior,Full-time,Hybrid,35,5.5,79000,5.9,5.3,7.9,3.1,1,14.2,6.4,6.7,5.8,5.0,0
EMP-00266,Engineering,Senior,Full-time,On-site,37,6.7,89800,5.4,13.1,6.9,2.9,1,19.7,6.9,5.8,6.1,7.5,0
EMP-00267,Customer Success,Mid,Full-time,On-site,28,4.9,65500,7.1,15.3,7.7,1.5,1,19.0,6.0,4.7,5.1,10.4,0
EMP-00268,Engineering,Senior,Full-time,Hybrid,26,6.6,86600,8.0,11.7,7.4,1.1,2,32.8,5.2,4.9,7.1,5.3,0
EMP-00269,Operations,Entry,Full-time,On-site,30,2.3,31500,6.5,5.1,7.9,0.1,0,25.7,6.8,6.2,6.7,3.5,0
EMP-00270,Finance,Manager,Full-time,Remote,37,8.7,100800,4.1,14.1,6.8,2.6,3,21.8,6.0,6.9,9.0,8.8,0
EMP-00271,Engineering,Senior,Full-time,On-site,38,8.6,82600,6.6,6.8,5.4,4.3,2,18.2,6.2,4.4,5.2,6.1,0
EMP-00272,HR,Manager,Full-time,Remote,32,5.8,110200,6.9,17.4,9.6,0.1,1,41.7,6.8,6.5,7.4,4.4,0
EMP-00273,HR,Mid,Full-time,Hybrid,37,5.4,58500,5.8,0.9,8.4,3.5,2,19.6,7.5,6.7,7.9,9.4,0
EMP-00274,Marketing,Entry,Full-time,Hybrid,36,1.3,34900,4.6,8.1,8.0,0.5,1,34.8,8.4,6.4,8.6,7.7,0
EMP-00275,Customer Success,Senior,Full-time,Hybrid,39,6.6,95100,6.2,15.3,8.1,2.7,1,26.7,4.9,7.2,8.0,8.1,0
EMP-00276,Finance,Entry,Full-time,On-site,25,0.9,47000,8.6,19.1,4.5,0.1,1,27.9,5.2,6.2,5.8,3.3,0
EMP-00277,Engineering,Senior,Full-time,Hybrid,29,3.6,92300,6.7,11.5,4.8,0.1,1,17.2,3.4,4.1,5.6,4.4,1
EMP-00278,Engineering,Mid,Full-time,Hybrid,33,3.9,74300,5.9,8.9,9.0,1.9,2,32.0,6.2,7.8,8.4,10.9,0
EMP-00279,Sales,Entry,Full-time,On-site,33,3.5,52800,6.9,15.9,4.1,0.1,1,21.8,5.8,5.8,6.9,6.9,0
EMP-00280,Customer Success,Mid,Full-time,Hybrid,37,6.3,54800,7.9,15.6,5.8,0.1,1,19.4,5.6,8.3,7.1,11.6,0
EMP-00281,Operations,Entry,Full-time,Remote,29,2.8,50400,8.1,20.5,8.8,0.1,0,28.0,5.8,4.3,6.3,7.7,1
EMP-00282,Engineering,Mid,Full-time,Hybrid,30,3.0,88800,7.2,18.6,6.8,0.1,1,21.4,5.0,5.4,6.5,8.9,1
EMP-00283,Engineering,Entry,Full-time,On-site,29,1.2,52800,5.3,7.7,6.6,0.1,1,31.3,7.4,6.5,5.1,3.6,0
EMP-00284,Marketing,Entry,Full-time,Hybrid,21,0.2,56200,7.7,13.8,7.2,0.1,1,37.1,4.3,6.2,5.3,6.8,0
EMP-00285,Operations,Entry,Full-time,Remote,27,1.8,56300,6.5,16.4,6.7,0.9,0,25.2,5.4,4.6,5.5,9.8,0
EMP-00286,Operations,Senior,Full-time,On-site,37,7.1,85900,6.2,4.4,5.4,4.0,2,27.8,6.5,6.6,5.7,0.0,1
EMP-00287,Operations,Senior,Full-time,Hybrid,43,8.5,88800,6.1,7.2,5.1,4.7,2,21.4,5.5,6.1,5.7,7.0,0
EMP-00288,HR,Mid,Full-time,On-site,29,4.1,55900,6.1,7.7,7.1,0.1,1,8.9,6.0,7.3,8.5,6.3,0
EMP-00289,Customer Success,Mid,Full-time,Hybrid,36,5.9,57500,7.4,3.8,7.2,4.9,1,18.8,6.2,6.5,7.0,11.0,0
EMP-00290,Operations,Senior,Full-time,On-site,41,9.1,91000,7.7,15.8,8.4,2.3,2,7.2,4.7,4.7,9.3,11.6,1
EMP-00291,Customer Success,Manager,Full-time,On-site,45,9.6,110500,2.4,0.0,7.0,7.8,2,0.0,8.9,7.7,9.0,3.2,0
EMP-00292,Sales,Senior,Full-time,Hybrid,44,7.8,87900,5.1,1.8,4.3,5.5,2,44.3,6.2,7.0,8.1,8.5,0
EMP-00293,HR,Mid,Full-time,Hybrid,34,4.1,74000,5.0,3.4,5.3,0.1,1,27.3,7.4,5.2,5.6,6.5,0
EMP-00294,Customer Success,Manager,Full-time,On-site,35,5.0,105800,6.3,24.6,7.1,2.2,1,24.0,6.5,6.1,6.3,7.9,0
EMP-00295,Operations,Mid,Full-time,Hybrid,21,1.3,64300,6.9,2.3,7.8,0.1,0,34.4,7.1,6.4,7.5,11.6,0
EMP-00296,Customer Success,Mid,Full-time,Hybrid,21,0.3,75200,9.3,28.0,9.7,0.1,0,17.9,6.4,6.4,6.4,9.2,0
EMP-00297,Engineering,Senior,Full-time,Remote,35,7.1,112300,6.2,4.3,6.4,7.4,3,31.7,7.6,9.8,6.3,7.6,0
EMP-00298,Engineering,Senior,Full-time,On-site,32,6.2,100500,4.5,5.2,7.6,1.8,1,16.6,6.3,7.5,6.8,6.6,0
EMP-00299,Customer Success,Manager,Full-time,On-site,34,10.1,116300,6.6,10.0,7.4,8.6,2,29.4,6.6,6.6,5.6,8.3,0
EMP-00300,Marketing,Mid,Full-time,Hybrid,36,6.2,67300,5.7,0.0,8.9,2.8,2,23.7,8.3,8.3,8.5,5.0,0
EMP-00301,Operations,Mid,Part-time,Hybrid,27,4.7,82000,3.1,7.0,5.3,0.1,2,15.0,6.1,7.3,6.4,0.0,0
EMP-00302,Sales,Entry,Full-time,On-site,23,0.2,55100,4.6,7.3,5.4,0.1,0,32.9,8.1,7.6,5.8,5.5,0
EMP-00303,Engineering,Mid,Full-time,Hybrid,26,5.2,71300,6.9,5.4,6.3,3.7,1,11.8,6.0,6.0,7.3,10.1,0
EMP-00304,Customer Success,Entry,Full-time,Remote,28,0.2,41000,7.8,15.3,10.0,0.1,0,45.1,7.5,7.2,7.6,8.8,0
EMP-00305,Engineering,Senior,Full-time,On-site,34,5.3,82800,6.2,1.9,7.0,0.9,1,31.4,5.5,7.0,6.5,6.9,0
EMP-00306,Sales,Senior,Part-time,Hybrid,44,7.8,95600,5.3,9.6,9.4,4.5,2,39.3,8.7,10.0,9.1,9.5,0
EMP-00307,Finance,Senior,Full-time,On-site,53,8.1,77300,4.1,0.0,7.8,6.0,2,47.4,7.5,7.9,8.6,6.0,0
EMP-00308,Customer Success,Entry,Full-time,Hybrid,38,3.3,37100,7.6,11.9,7.4,1.4,0,23.4,6.0,5.4,5.3,5.7,1
EMP-00309,Customer Success,Mid,Full-time,Hybrid,33,5.0,57800,6.0,7.2,8.7,1.9,1,33.3,7.5,6.6,7.7,8.2,0
EMP-00310,Engineering,Mid,Full-time,Remote,30,0.9,77000,5.0,0.0,4.7,0.1,1,1.5,7.7,6.1,5.6,0.0,0
EMP-00311,Engineering,Entry,Full-time,On-site,25,0.4,39900,5.3,11.6,7.2,0.1,0,24.4,7.0,7.4,7.7,2.7,0
EMP-00312,Operations,Mid,Full-time,Remote,32,4.0,58800,6.0,14.2,8.2,0.9,1,9.4,6.7,5.9,7.8,8.3,0
EMP-00313,Customer Success,Mid,Part-time,Hybrid,21,1.1,64300,7.0,24.3,6.8,0.3,0,28.6,6.2,6.1,6.9,6.4,0
EMP-00314,Operations,Entry,Full-time,On-site,21,2.1,37200,8.8,25.4,6.0,0.1,0,32.0,5.0,7.7,5.7,3.6,0
EMP-00315,Operations,Mid,Full-time,Hybrid,22,3.1,60900,8.5,26.7,7.5,0.1,0,9.1,5.9,4.3,4.8,15.5,1
EMP-00316,Engineering,Senior,Full-time,Remote,52,8.9,95000,2.8,5.6,5.6,2.7,2,25.8,8.3,8.2,7.9,2.4,0
EMP-00317,Customer Success,Entry,Full-time,Hybrid,29,1.1,58700,7.7,13.6,5.4,0.1,1,14.0,6.6,6.4,4.2,9.0,1
EMP-00318,Customer Success,Manager,Full-time,On-site,42,9.9,105900,6.5,14.4,8.6,8.5,2,15.0,7.3,5.9,9.5,5.2,0
EMP-00319,Engineering,Mid,Full-time,Hybrid,43,8.7,77400,6.4,18.8,9.5,6.5,2,35.6,6.0,7.1,8.7,2.7,1
EMP-00320,Engineering,Manager,Full-time,Hybrid,44,7.8,120100,7.8,12.2,9.4,4.3,2,0.0,4.9,4.8,7.7,11.4,1
EMP-00321,Operations,Mid,Full-time,On-site,33,4.2,58300,5.8,11.3,9.2,0.1,1,10.9,6.6,6.6,6.5,8.6,1
EMP-00322,Operations,Senior,Full-time,Hybrid,46,8.7,88000,8.0,9.2,8.8,5.5,2,31.5,7.0,7.3,7.2,5.4,0
EMP-00323,Customer Success,Senior,Full-time,Hybrid,27,4.4,112100,8.1,13.8,7.6,0.3,1,30.4,4.8,5.4,8.4,10.0,1
EMP-00324,Marketing,Mid,Full-time,On-site,38,7.7,66200,6.1,9.1,4.9,3.9,2,27.0,5.4,4.1,5.7,3.7,0
EMP-00325,Customer Success,Senior,Full-time,On-site,31,4.4,96400,7.3,6.5,4.0,1.6,1,10.7,5.1,6.6,6.6,5.0,0
EMP-00326,Operations,Entry,Full-time,On-site,26,0.8,30000,6.8,12.7,8.7,0.1,0,27.0,7.5,6.9,8.2,2.2,1
EMP-00327,Sales,Senior,Full-time,Remote,40,7.6,93000,4.5,5.8,8.0,2.9,2,11.2,8.2,7.8,6.5,0.0,0
EMP-00328,Customer Success,Mid,Full-time,Hybrid,27,2.8,64900,8.0,0.0,8.3,0.1,0,19.2,7.1,4.5,8.5,14.5,0
EMP-00329,Operations,Manager,Full-time,Hybrid,49,9.2,111200,6.1,8.1,7.1,5.9,2,32.5,6.0,6.0,6.4,6.6,0
EMP-00330,Operations,Mid,Full-time,On-site,40,6.1,63300,7.5,10.2,8.2,1.9,1,4.6,5.8,7.3,7.5,5.9,1
EMP-00331,Sales,Senior,Full-time,Hybrid,36,7.2,109100,3.3,7.0,5.7,5.9,2,26.1,6.9,8.4,8.5,1.2,0
EMP-00332,Operations,Mid,Full-time,Hybrid,30,5.5,53000,5.5,15.1,6.2,4.2,1,17.7,6.7,7.3,7.0,5.5,0
EMP-00333,Customer Success,Mid,Full-time,Hybrid,40,4.3,59900,7.4,16.5,7.4,1.0,1,39.1,6.6,5.8,9.0,10.2,0
EMP-00334,Marketing,Senior,Full-time,Hybrid,47,7.9,78700,8.1,19.9,7.9,3.9,2,35.4,4.3,5.1,5.5,15.5,0
EMP-00335,Marketing,Entry,Full-time,On-site,21,0.2,37100,5.6,2.0,7.6,0.1,1,33.9,6.8,5.2,6.5,3.3,0
EMP-00336,Customer Success,Mid,Full-time,Hybrid,33,5.9,72600,5.9,1.8,7.8,2.9,2,22.3,8.3,7.2,8.0,4.7,0
EMP-00337,Operations,Mid,Full-time,Hybrid,32,5.2,52200,6.0,3.3,4.9,0.1,2,16.7,7.4,6.8,6.5,5.2,0
EMP-00338,Customer Success,Senior,Full-time,On-site,30,5.1,88100,8.3,10.3,5.1,2.6,1,26.3,5.0,5.1,6.0,3.8,0
EMP-00339,HR,Mid,Full-time,On-site,21,0.4,69800,3.9,5.4,8.3,0.1,0,14.9,8.3,7.0,6.3,4.0,0
EMP-00340,HR,Entry,Full-time,On-site,22,0.4,35100,5.9,11.9,5.8,0.1,0,28.1,6.5,6.0,7.2,1.3,0
EMP-00341,HR,Senior,Full-time,Hybrid,48,8.1,90100,5.8,6.8,7.5,3.4,2,22.5,8.0,7.2,6.8,4.2,0
EMP-00342,HR,Mid,Part-time,On-site,23,1.2,47300,5.1,10.9,7.3,0.1,0,21.6,7.1,6.7,7.5,3.4,0
EMP-00343,Engineering,Entry,Full-time,Hybrid,26,0.2,54500,5.8,15.1,8.4,0.1,1,44.9,6.9,6.3,5.5,8.9,0
EMP-00344,Marketing,Senior,Full-time,Hybrid,29,6.3,81300,8.7,17.5,6.7,4.7,1,34.3,5.1,6.3,8.3,9.3,0
EMP-00345,Operations,Senior,Full-time,On-site,38,4.2,86100,5.0,10.9,7.3,0.1,1,24.8,9.2,7.6,8.0,5.2,0
EMP-00346,Customer Success,Entry,Full-time,Remote,21,0.7,48000,9.6,28.9,7.2,0.1,1,30.2,5.1,5.6,5.6,12.1,1
EMP-00347,Customer Success,Senior,Full-time,On-site,38,6.0,82100,5.6,11.0,6.3,2.4,2,21.4,5.0,6.7,4.2,7.6,0
EMP-00348,Engineering,Mid,Full-time,On-site,31,3.5,68500,4.5,8.4,8.2,2.2,1,0.4,5.5,5.2,5.4,6.4,0
EMP-00349,Engineering,Mid,Full-time,Hybrid,23,2.7,72200,5.9,15.2,7.8,0.1,1,18.9,6.9,7.3,7.5,4.2,0
EMP-00350,Operations,Mid,Part-time,On-site,39,4.6,71800,7.1,13.7,8.0,3.7,1,20.2,7.1,8.3,8.4,1.3,0
EMP-00351,Engineering,Mid,Full-time,On-site,29,3.3,80800,4.6,0.0,3.3,0.1,0,21.8,5.3,6.7,6.3,5.3,0
EMP-00352,Marketing,Senior,Full-time,On-site,31,4.7,69400,6.5,6.2,5.0,1.3,2,34.5,7.1,7.0,6.1,2.1,0
EMP-00353,Engineering,Manager,Full-time,Hybrid,43,6.3,108300,10.0,17.0,7.2,6.4,1,45.0,4.2,3.9,5.6,13.0,1
EMP-00354,Customer Success,Entry,Full-time,Hybrid,29,2.9,39500,6.4,0.6,6.4,0.1,0,26.6,8.6,8.2,8.7,2.9,0
EMP-00355,Engineering,Entry,Full-time,On-site,24,3.2,50900,6.0,11.3,9.9,0.9,0,36.9,7.2,7.6,8.2,4.8,0
EMP-00356,Marketing,Senior,Full-time,On-site,38,6.2,86400,4.7,11.8,7.0,3.5,1,23.0,7.6,8.5,8.0,7.2,0
EMP-00357,Sales,Senior,Full-time,Hybrid,43,8.7,87700,5.9,2.7,7.8,3.4,3,41.0,8.3,8.0,5.9,8.6,0
EMP-00358,Customer Success,Entry,Full-time,On-site,31,2.9,43400,5.5,4.8,6.0,2.1,0,20.4,6.8,7.2,9.8,2.6,0
EMP-00359,Sales,Mid,Full-time,On-site,40,4.7,62700,7.0,1.7,4.8,1.2,1,32.0,7.5,7.6,6.5,3.7,0
EMP-00360,Customer Success,Mid,Full-time,Hybrid,35,5.2,54600,5.5,1.9,7.2,2.6,2,4.1,6.9,6.7,7.1,9.8,1
EMP-00361,Marketing,Senior,Part-time,Hybrid,41,7.5,92200,5.8,13.2,6.6,4.3,2,25.1,5.8,7.0,8.2,6.1,0
EMP-00362,Engineering,Senior,Part-time,On-site,40,7.8,98000,6.2,5.8,8.3,2.3,3,28.8,8.3,8.2,7.2,11.1,0
EMP-00363,Operations,Manager,Full-time,Hybrid,47,7.0,113500,4.9,12.6,8.1,3.6,3,23.6,6.3,6.1,9.2,3.3,0
EMP-00364,Operations,Mid,Full-time,On-site,37,7.4,58300,7.2,27.4,6.4,4.4,3,12.3,5.3,6.5,7.3,9.2,0
EMP-00365,HR,Senior,Full-time,On-site,26,2.8,78500,5.8,0.0,8.7,2.4,0,37.3,8.1,7.8,7.8,0.0,0
EMP-00366,Customer Success,Senior,Full-time,On-site,39,6.5,86300,8.4,21.3,6.0,3.4,2,19.7,4.4,4.7,8.1,7.3,0
EMP-00367,Operations,Mid,Full-time,Hybrid,30,3.5,79700,7.0,8.6,7.3,0.1,1,13.8,8.5,5.8,7.3,0.5,0
EMP-00368,Engineering,Manager,Full-time,On-site,46,7.4,127400,6.5,0.0,8.3,4.7,2,31.0,6.0,7.4,8.5,6.1,0
EMP-00369,HR,Mid,Full-time,On-site,38,3.6,64100,7.1,2.7,8.6,0.1,1,25.7,6.9,7.1,6.4,5.6,0
EMP-00370,Engineering,Mid,Full-time,Hybrid,38,5.2,71100,4.7,0.0,6.6,3.3,1,36.8,8.3,3.8,7.3,1.2,0
EMP-00371,Sales,Entry,Full-time,Hybrid,23,2.0,46800,4.6,0.0,6.7,0.1,0,26.8,8.2,7.3,7.4,0.0,0
EMP-00372,Engineering,Entry,Full-time,Remote,23,2.7,41600,9.2,16.4,6.3,0.1,0,35.3,6.8,5.9,6.9,5.8,0
EMP-00373,Operations,Mid,Full-time,On-site,44,8.4,64900,7.4,5.7,7.2,5.9,2,21.6,5.7,5.8,9.0,8.3,1
EMP-00374,Customer Success,Senior,Full-time,Hybrid,40,8.1,83000,6.8,17.7,9.8,5.1,2,34.7,6.3,8.5,8.7,2.6,0
EMP-00375,HR,Senior,Full-time,On-site,39,7.3,84700,4.5,10.9,4.7,5.1,2,15.1,4.9,4.8,5.6,3.5,0
EMP-00376,Engineering,Senior,Full-time,Hybrid,38,7.7,88100,4.8,0.6,8.2,2.5,3,38.6,6.5,5.6,6.5,5.8,0
EMP-00377,Operations,Entry,Full-time,Hybrid,31,2.0,31900,5.3,18.9,7.5,0.1,0,43.1,7.3,7.6,6.9,3.8,0
EMP-00378,Sales,Senior,Part-time,On-site,38,6.9,95500,6.9,15.6,6.3,5.5,1,18.0,6.5,7.1,7.6,4.6,0
EMP-00379,Sales,Senior,Part-time,Remote,32,5.7,83000,6.0,16.9,4.0,3.1,1,24.8,4.4,5.9,6.3,9.8,0
EMP-00380,Marketing,Senior,Full-time,On-site,41,7.1,96500,3.6,4.1,7.4,1.2,3,11.8,7.5,7.7,8.7,6.3,0
EMP-00381,Engineering,Entry,Full-time,Hybrid,27,3.6,52300,3.7,1.5,8.2,0.1,1,34.4,8.2,8.0,6.4,7.2,0
EMP-00382,Customer Success,Mid,Full-time,Hybrid,37,7.4,59700,8.8,19.0,7.7,4.9,2,8.6,5.2,4.9,8.1,14.2,0
EMP-00383,Customer Success,Entry,Full-time,Remote,21,1.0,61900,5.8,9.1,6.6,0.1,0,38.1,5.8,6.2,9.6,4.5,1
EMP-00384,Engineering,Entry,Full-time,Hybrid,26,2.0,49000,5.9,12.4,6.9,0.1,0,21.3,7.4,6.8,7.9,11.8,0
EMP-00385,Customer Success,Mid,Full-time,On-site,27,3.9,70600,7.8,16.5,6.0,0.8,1,21.3,5.4,5.7,6.2,2.5,0
EMP-00386,Sales,Mid,Full-time,Hybrid,25,3.1,55600,7.8,17.6,8.4,0.1,0,36.3,6.1,7.9,6.1,2.1,0
EMP-00387,Sales,Senior,Full-time,On-site,40,8.8,94300,2.8,5.4,7.9,4.5,2,36.0,9.0,9.8,7.8,4.9,0
EMP-00388,HR,Manager,Full-time,Hybrid,29,3.3,106600,5.4,3.9,5.6,0.1,0,33.1,7.1,7.7,6.8,7.0,0
EMP-00389,Finance,Mid,Full-time,On-site,30,3.5,66700,7.4,9.4,7.4,1.6,2,13.3,6.6,6.9,5.8,5.9,0
EMP-00390,Engineering,Entry,Full-time,Hybrid,23,2.3,51300,8.0,11.0,5.2,0.8,0,14.1,4.6,4.2,5.6,5.8,1
EMP-00391,Operations,Mid,Full-time,On-site,34,4.9,71800,8.2,11.7,6.4,1.8,1,36.7,7.1,6.0,9.7,6.5,0
EMP-00392,Sales,Manager,Full-time,Hybrid,40,6.4,113100,3.6,9.2,6.9,2.2,2,20.7,5.0,5.0,8.5,4.7,0
EMP-00393,Finance,Manager,Full-time,On-site,33,7.0,110300,5.4,10.1,8.7,1.9,2,19.3,8.1,8.1,8.8,9.7,0
EMP-00394,Sales,Mid,Full-time,On-site,23,4.2,78700,6.6,13.1,5.5,0.5,1,29.7,7.0,6.2,5.8,4.5,0
EMP-00395,Finance,Entry,Full-time,Remote,27,2.2,50000,6.4,5.7,6.3,0.1,0,22.2,5.6,5.7,6.8,10.7,0
EMP-00396,Marketing,Mid,Full-time,On-site,34,5.0,59600,6.5,17.9,7.2,4.4,1,24.1,5.4,5.6,7.1,3.6,0
EMP-00397,Sales,Senior,Full-time,Hybrid,33,6.2,115900,4.8,9.0,7.3,2.5,2,26.8,8.6,6.7,7.0,4.8,0
EMP-00398,Operations,Senior,Full-time,Remote,41,9.6,94200,6.8,12.5,7.3,5.3,3,28.4,6.2,5.5,5.7,9.6,0
EMP-00399,Finance,Mid,Part-time,Hybrid,42,6.9,62200,7.2,12.8,7.1,4.6,1,15.7,5.3,5.8,6.1,5.0,0
EMP-00400,Finance,Mid,Full-time,Hybrid,32,5.7,61900,7.1,25.1,6.6,3.7,2,31.0,5.6,5.2,8.4,12.9,0
EMP-00401,Engineering,Mid,Full-time,On-site,25,1.2,64700,4.1,12.7,5.0,0.1,0,28.8,5.6,5.1,5.3,4.2,0
EMP-00402,Sales,Manager,Full-time,On-site,48,8.4,124700,7.1,0.0,5.4,3.8,3,33.8,6.8,8.1,8.4,5.8,0
EMP-00403,Customer Success,Entry,Full-time,On-site,29,2.5,45400,7.8,23.2,5.7,0.7,0,26.2,4.8,4.5,4.7,7.1,0
EMP-00404,Engineering,Mid,Full-time,Remote,39,5.9,65500,5.9,18.4,7.9,2.7,1,17.7,6.6,8.5,8.4,2.0,0
EMP-00405,Engineering,Manager,Full-time,Remote,37,5.8,133300,7.2,12.9,8.4,4.2,2,18.7,3.6,4.9,7.4,9.5,0
EMP-00406,Marketing,Mid,Full-time,Hybrid,31,6.9,74100,6.1,0.0,10.0,5.1,2,18.7,9.5,10.0,8.0,6.0,0
EMP-00407,Sales,Entry,Full-time,On-site,24,1.5,51900,6.9,7.4,7.2,0.1,0,27.4,6.2,7.1,7.1,4.7,0
EMP-00408,Marketing,Entry,Full-time,Remote,30,1.5,49100,3.9,0.0,5.5,0.1,0,40.8,5.2,8.2,7.0,3.7,0
EMP-00409,Engineering,Senior,Part-time,On-site,41,8.6,89300,7.5,8.5,6.1,5.8,3,30.0,5.5,4.6,7.2,8.5,1
EMP-00410,Operations,Mid,Part-time,On-site,30,4.1,65300,8.5,14.9,5.4,1.7,1,10.9,4.5,5.3,5.1,5.2,1
EMP-00411,Engineering,Manager,Full-time,On-site,37,8.9,115300,7.6,19.4,6.9,5.7,2,17.7,6.1,5.2,7.2,1.2,1
EMP-00412,Operations,Senior,Full-time,On-site,34,7.3,75300,6.1,6.3,10.0,2.7,2,22.0,7.1,8.0,5.2,10.9,0
EMP-00413,HR,Entry,Full-time,Hybrid,30,1.9,48400,6.1,5.0,6.9,0.5,0,33.5,7.3,6.7,6.3,6.4,0
EMP-00414,Marketing,Mid,Full-time,Remote,32,4.2,62800,6.3,10.4,5.1,0.1,1,29.8,6.0,6.2,4.7,2.8,0
EMP-00415,Customer Success,Mid,Full-time,Hybrid,40,4.0,61400,6.6,12.8,7.5,0.5,1,23.4,7.7,5.7,6.4,8.1,0
EMP-00416,Engineering,Mid,Part-time,Hybrid,24,2.2,79200,8.6,7.3,9.1,0.1,0,21.8,6.4,7.1,7.3,11.8,0
EMP-00417,Operations,Mid,Full-time,On-site,28,2.5,65000,5.6,7.9,8.1,0.4,0,12.0,8.5,7.3,6.6,9.7,0
EMP-00418,Finance,Manager,Full-time,Hybrid,42,9.3,123900,6.7,11.6,2.8,8.7,3,32.6,6.0,4.1,7.4,7.7,1
EMP-00419,Engineering,Senior,Full-time,On-site,38,5.1,97900,7.0,0.0,6.8,1.1,1,53.1,6.6,6.8,6.8,0.9,0
EMP-00420,Finance,Senior,Full-time,Hybrid,37,6.8,82200,8.9,8.4,5.1,3.7,1,36.2,5.6,5.2,8.9,9.3,1
EMP-00421,Engineering,Mid,Full-time,On-site,27,6.0,71200,6.6,13.2,6.5,6.4,1,18.5,5.5,6.1,7.4,4.0,0
EMP-00422,Customer Success,Senior,Full-time,Hybrid,40,4.9,97500,6.6,18.7,4.5,6.1,1,27.4,4.3,5.3,6.8,2.5,1
EMP-00423,Finance,Mid,Full-time,Hybrid,22,1.7,57600,6.6,9.4,8.7,0.1,0,2.5,7.0,6.1,7.1,8.4,0
EMP-00424,Operations,Mid,Full-time,Hybrid,30,3.6,79900,4.4,1.3,8.4,0.1,1,16.0,8.5,7.7,9.8,0.5,0
EMP-00425,Sales,Senior,Full-time,Hybrid,34,7.2,92200,7.8,14.5,5.1,2.4,2,37.8,5.2,4.9,4.3,7.5,0
EMP-00426,Sales,Entry,Full-time,Hybrid,21,1.8,54400,5.0,0.0,5.5,0.1,0,36.2,6.6,6.8,8.1,0.0,0
EMP-00427,Sales,Mid,Part-time,Hybrid,33,3.2,49200,5.3,0.0,9.7,0.9,0,26.3,8.8,7.9,9.1,1.9,0
EMP-00428,Engineering,Manager,Full-time,Hybrid,37,5.2,112600,6.0,0.0,7.0,3.1,1,22.3,6.5,8.1,7.8,13.1,0
EMP-00429,HR,Senior,Full-time,Hybrid,37,7.8,79800,5.1,16.4,6.2,5.3,3,35.8,4.4,5.4,7.5,8.4,0
EMP-00430,Operations,Entry,Full-time,Hybrid,21,2.2,46200,5.7,4.9,5.1,0.1,0,29.7,5.2,5.8,7.6,5.0,0
EMP-00431,Finance,Entry,Full-time,Hybrid,26,0.8,45900,5.7,15.6,4.6,0.1,0,34.9,6.3,5.2,6.2,4.7,0
EMP-00432,Engineering,Entry,Full-time,Hybrid,21,0.5,36200,4.7,2.3,4.7,0.1,0,30.7,6.4,7.0,8.1,7.8,0
EMP-00433,Engineering,Senior,Full-time,Hybrid,41,11.4,100000,6.8,16.6,8.9,9.8,4,23.0,3.9,5.6,7.5,10.5,1
EMP-00434,HR,Entry,Full-time,On-site,36,2.5,38600,5.1,8.4,7.8,1.2,0,24.6,6.7,6.5,7.8,5.9,0
EMP-00435,Engineering,Entry,Full-time,Remote,27,2.0,47600,7.1,6.1,8.2,0.1,0,17.7,7.7,6.0,8.2,3.6,0
EMP-00436,Engineering,Entry,Full-time,Hybrid,29,0.8,63300,6.5,11.9,5.9,0.1,1,37.0,4.0,6.8,6.3,5.0,1
EMP-00437,Operations,Entry,Full-time,Hybrid,38,6.5,35800,7.5,14.9,3.9,4.7,1,27.4,5.7,3.2,5.9,6.4,1
EMP-00438,Sales,Entry,Full-time,Hybrid,25,2.4,61100,6.9,8.4,9.1,0.1,1,27.1,7.1,5.5,8.7,2.2,0
EMP-00439,Customer Success,Entry,Full-time,Hybrid,26,0.2,37900,7.7,20.1,7.2,0.1,0,63.6,5.6,4.5,6.1,8.9,1
EMP-00440,Customer Success,Mid,Full-time,On-site,40,5.6,74000,7.2,9.3,7.8,1.2,1,35.9,8.7,7.6,8.1,1.6,0
EMP-00441,Marketing,Senior,Full-time,On-site,35,5.1,78500,6.5,13.8,6.0,0.1,1,44.9,6.1,5.0,6.7,8.6,0
EMP-00442,Customer Success,Senior,Full-time,On-site,29,6.3,80900,4.2,4.9,4.4,4.0,2,24.3,5.4,3.6,5.6,3.2,0
EMP-00443,Operations,Mid,Part-time,Hybrid,34,6.5,60200,7.4,15.6,6.3,5.1,2,8.1,6.8,5.8,6.1,10.5,0
EMP-00444,Customer Success,Entry,Full-time,On-site,30,3.0,40200,7.7,9.0,9.1,0.1,0,51.9,6.8,7.0,5.8,7.9,0
EMP-00445,Sales,Manager,Full-time,Hybrid,41,7.3,124000,4.2,5.4,7.3,7.6,2,10.6,6.1,7.2,7.6,0.2,0
EMP-00446,Engineering,Mid,Full-time,Hybrid,41,6.7,74800,6.1,8.1,6.1,5.5,1,16.6,6.1,4.8,8.1,3.5,0
EMP-00447,Operations,Entry,Full-time,On-site,32,3.0,31000,9.0,14.5,7.7,0.1,0,20.4,7.4,7.1,7.4,4.5,0
EMP-00448,Engineering,Mid,Full-time,Hybrid,30,2.6,81200,5.9,10.1,8.4,0.1,0,19.5,4.4,3.4,6.9,4.8,0
EMP-00449,Finance,Manager,Full-time,On-site,37,5.7,103100,7.1,13.3,8.6,2.3,1,25.9,7.0,8.0,9.5,8.1,0
EMP-00450,Finance,Manager,Full-time,Hybrid,37,9.5,94900,4.6,3.5,7.2,4.8,2,12.7,7.6,7.3,7.5,2.7,0
EMP-00451,HR,Mid,Full-time,On-site,35,6.5,66800,4.4,0.0,6.8,3.0,1,48.8,6.5,7.6,8.9,7.6,0
EMP-00452,Engineering,Entry,Full-time,Hybrid,24,2.9,49100,5.0,6.0,10.0,0.1,0,34.7,7.6,6.4,5.3,3.0,0
EMP-00453,Engineering,Manager,Full-time,On-site,38,7.0,109800,8.2,23.7,8.6,6.1,2,24.4,5.6,4.2,8.1,10.7,0
EMP-00454,Marketing,Mid,Full-time,On-site,28,2.5,73400,6.8,2.4,4.0,0.1,0,12.9,7.0,7.3,6.3,5.4,0
EMP-00455,Sales,Senior,Full-time,Hybrid,35,4.3,98400,5.5,10.8,7.8,1.2,1,25.5,7.3,6.8,7.5,9.8,0
EMP-00456,Engineering,Senior,Full-time,Hybrid,48,7.3,89100,4.5,3.0,9.7,3.6,2,15.7,6.7,7.2,8.8,3.6,0
EMP-00457,Operations,Senior,Full-time,On-site,36,6.9,85100,7.0,10.0,9.1,6.7,1,27.7,6.4,7.7,7.1,0.0,0
EMP-00458,Marketing,Senior,Full-time,Remote,32,5.4,92700,7.4,6.1,5.8,2.8,2,22.5,6.4,7.0,8.0,6.2,0
EMP-00459,Sales,Senior,Full-time,Hybrid,35,6.5,90500,8.0,2.7,9.1,5.2,1,16.4,5.7,6.0,7.5,8.0,0
EMP-00460,Engineering,Manager,Full-time,Hybrid,47,9.0,121200,4.0,4.9,6.6,3.1,2,18.9,8.2,9.7,7.8,5.8,0
EMP-00461,Operations,Entry,Full-time,Hybrid,21,1.5,52300,6.4,5.9,7.9,0.1,0,38.8,9.2,9.0,6.0,4.7,0
EMP-00462,Finance,Senior,Full-time,Hybrid,29,6.3,108800,3.6,0.0,6.8,1.2,1,26.5,8.6,7.2,8.5,1.3,0
EMP-00463,HR,Entry,Full-time,Remote,27,2.6,30000,5.5,9.2,9.2,0.9,0,24.9,7.8,7.7,5.6,9.1,0
EMP-00464,Customer Success,Senior,Full-time,Hybrid,26,3.0,107200,7.8,17.4,5.3,0.4,0,29.7,4.5,5.0,5.8,14.3,0
EMP-00465,Sales,Mid,Full-time,Remote,30,4.6,78200,5.0,0.0,8.4,2.8,1,15.3,6.5,6.9,8.7,3.4,0
EMP-00466,Engineering,Mid,Full-time,Hybrid,34,4.0,69100,6.0,13.4,6.1,0.1,1,13.6,6.4,6.5,5.9,12.0,0
EMP-00467,Customer Success,Entry,Full-time,On-site,37,3.2,44600,7.6,8.8,4.9,3.5,0,22.9,6.7,6.1,5.4,6.0,0
EMP-00468,Marketing,Mid,Full-time,On-site,34,3.0,80000,3.3,0.0,6.6,0.1,0,9.2,8.0,6.7,5.9,1.2,0
EMP-00469,Engineering,Entry,Full-time,Hybrid,24,0.7,48300,5.4,21.7,5.9,0.1,0,33.8,7.1,3.9,7.3,8.3,0
EMP-00470,Customer Success,Manager,Full-time,Hybrid,26,5.1,98600,8.1,14.3,7.8,0.8,1,32.1,6.4,7.2,7.3,10.5,0
EMP-00471,Customer Success,Mid,Full-time,Hybrid,35,4.3,43100,8.4,10.9,5.8,1.4,1,15.1,5.5,6.3,5.9,6.4,0
EMP-00472,Marketing,Entry,Full-time,Hybrid,29,0.7,34900,5.7,12.3,5.2,0.1,0,34.3,6.1,6.2,8.0,5.7,1
EMP-00473,Engineering,Mid,Full-time,Hybrid,30,3.7,84000,5.8,6.1,5.4,0.9,1,37.5,5.9,7.2,7.4,5.1,1
EMP-00474,Operations,Entry,Full-time,On-site,36,6.2,39300,9.2,8.8,6.9,3.4,1,35.6,6.1,6.8,5.3,5.3,1
EMP-00475,Sales,Senior,Full-time,On-site,38,7.9,75700,4.6,2.7,5.9,4.4,2,25.8,6.7,6.8,7.8,9.0,0
EMP-00476,Operations,Senior,Full-time,Hybrid,35,5.9,94900,6.4,8.3,6.7,2.8,1,17.7,5.6,4.9,7.6,6.3,0
EMP-00477,Operations,Entry,Full-time,Hybrid,30,0.6,46400,3.3,0.0,7.9,0.1,0,32.2,7.1,7.2,6.9,7.0,0
EMP-00478,Operations,Mid,Full-time,On-site,40,5.2,48300,6.5,0.0,6.8,1.4,2,14.4,7.2,4.8,7.1,6.6,0
EMP-00479,Sales,Entry,Full-time,Remote,36,4.5,49300,4.6,0.0,7.0,0.1,1,26.6,6.4,6.6,6.7,5.3,0
EMP-00480,Operations,Mid,Full-time,Hybrid,48,6.9,53200,6.0,7.9,7.6,2.2,1,19.7,4.9,5.9,7.0,1.9,0
EMP-00481,Sales,Mid,Full-time,On-site,28,1.2,63700,4.2,4.4,6.7,0.1,0,29.5,6.8,9.4,6.5,3.3,0
EMP-00482,Customer Success,Entry,Full-time,Hybrid,24,0.6,49200,8.7,18.9,5.7,0.1,0,38.0,3.9,6.2,5.3,12.9,1
EMP-00483,Engineering,Entry,Full-time,On-site,31,0.2,39400,7.6,6.7,5.2,0.1,1,20.6,6.7,6.9,6.6,7.8,0
EMP-00484,Customer Success,Senior,Full-time,On-site,31,5.4,82400,6.1,19.5,4.3,2.0,1,19.8,7.0,6.3,6.7,8.9,0
EMP-00485,Engineering,Manager,Part-time,Hybrid,41,7.3,117800,7.8,13.9,5.2,7.6,2,29.3,4.0,4.8,7.3,11.0,1
EMP-00486,HR,Entry,Full-time,On-site,31,4.4,42300,4.4,1.6,8.7,0.1,1,18.4,8.2,10.0,9.2,7.1,0
EMP-00487,Engineering,Senior,Full-time,Hybrid,45,8.2,99800,8.1,23.5,7.5,3.3,3,37.2,5.2,5.0,6.6,5.3,1
EMP-00488,Customer Success,Mid,Full-time,On-site,41,5.6,59200,5.3,0.0,7.2,1.5,1,17.5,7.9,6.3,7.8,5.2,0
EMP-00489,Operations,Mid,Full-time,On-site,27,3.1,65400,7.5,11.1,7.0,2.5,0,18.4,8.0,6.9,7.6,2.0,0
EMP-00490,Engineering,Senior,Full-time,Hybrid,41,8.7,93200,7.7,18.5,7.5,7.3,2,30.5,5.3,7.6,8.1,10.9,1
EMP-00491,Finance,Entry,Full-time,Hybrid,21,0.6,65600,5.3,13.5,8.3,0.1,0,40.4,7.8,8.9,6.8,7.1,0
EMP-00492,Customer Success,Entry,Full-time,Hybrid,26,1.9,44700,4.4,11.5,6.4,0.1,1,20.6,7.9,5.8,8.7,2.2,0
EMP-00493,Operations,Entry,Full-time,Remote,21,0.2,41600,5.8,7.6,7.7,0.1,0,18.8,8.5,6.4,4.9,7.2,0
EMP-00494,Marketing,Senior,Full-time,Remote,35,5.8,86700,6.7,12.5,7.2,1.3,1,25.9,6.5,6.0,7.8,6.7,0
EMP-00495,Operations,Entry,Part-time,On-site,31,1.4,38600,6.4,20.7,7.6,0.3,0,40.2,4.6,6.5,7.9,8.0,0
EMP-00496,Operations,Senior,Full-time,Hybrid,33,5.2,106800,6.0,13.9,6.1,3.5,2,5.3,5.3,5.2,4.9,4.5,0
EMP-00497,Finance,Mid,Full-time,On-site,29,5.6,59100,7.2,7.3,6.5,2.6,1,17.5,4.7,7.0,5.9,11.6,0
EMP-00498,Sales,Mid,Full-time,Hybrid,21,2.1,43100,8.4,19.6,7.0,0.1,0,33.6,5.6,6.7,7.3,12.3,0
EMP-00499,Engineering,Entry,Part-time,Hybrid,27,2.9,54600,8.5,13.1,6.6,0.1,0,23.2,4.2,4.6,7.0,3.6,0
EMP-00500,Engineering,Senior,Full-time,Hybrid,40,7.4,109000,2.6,0.0,7.6,4.3,2,24.8,8.1,7.0,5.3,0.0,0
EMP-00501,Operations,Mid,Full-time,Hybrid,37,6.6,64100,7.4,16.1,10.0,2.2,1,7.5,5.3,5.2,9.0,15.0,0
EMP-00502,Sales,Senior,Full-time,On-site,33,4.9,73800,4.5,4.2,6.3,1.3,1,23.5,8.0,9.9,6.7,9.3,0
EMP-00503,Operations,Mid,Full-time,Hybrid,26,0.4,61500,8.2,9.1,6.4,0.1,0,12.8,6.1,4.9,5.5,10.7,0
EMP-00504,Sales,Mid,Full-time,Hybrid,35,4.9,60600,5.2,10.1,6.1,2.6,2,6.9,5.0,4.2,6.3,10.0,0
EMP-00505,Engineering,Entry,Full-time,On-site,22,0.2,57900,5.6,0.0,6.2,0.1,0,30.8,6.4,7.3,7.7,6.2,0
EMP-00506,Sales,Mid,Full-time,On-site,32,4.4,66900,7.2,8.2,9.4,0.1,2,32.9,6.9,5.8,4.9,5.5,0
EMP-00507,Customer Success,Mid,Full-time,On-site,34,6.9,64300,5.1,5.9,6.6,4.2,1,19.1,6.0,5.8,5.6,4.4,0
EMP-00508,Engineering,Manager,Full-time,Hybrid,35,7.4,122400,6.2,4.5,6.7,5.1,2,28.0,4.4,7.4,7.3,6.0,0
EMP-00509,Customer Success,Senior,Full-time,On-site,44,9.2,90800,8.1,12.1,3.3,6.2,2,36.6,4.9,6.8,6.2,10.9,0
EMP-00510,Operations,Manager,Full-time,On-site,46,10.5,93500,8.2,17.3,5.1,9.4,4,27.9,5.0,4.9,7.4,7.7,1
EMP-00511,Customer Success,Mid,Full-time,Hybrid,30,3.5,50600,5.8,9.6,9.0,0.1,1,33.1,5.3,5.9,7.5,4.2,0
EMP-00512,Customer Success,Mid,Full-time,On-site,28,3.5,74900,6.2,10.8,8.2,1.6,2,24.6,6.6,5.7,8.0,6.2,0
EMP-00513,HR,Mid,Full-time,Hybrid,33,3.9,74500,8.5,8.5,8.2,0.1,1,27.1,5.4,6.2,6.9,14.9,1
EMP-00514,Engineering,Mid,Full-time,Remote,36,7.0,76500,8.6,10.2,9.9,4.8,3,44.0,6.1,6.8,7.7,10.2,0
EMP-00515,Finance,Mid,Full-time,Hybrid,32,3.0,60000,6.4,7.5,8.1,0.4,0,4.0,8.3,6.0,7.1,2.9,0
EMP-00516,HR,Mid,Full-time,On-site,21,4.3,47500,6.9,6.9,8.1,0.7,1,22.9,6.8,6.1,6.4,5.2,0
EMP-00517,Customer Success,Entry,Part-time,On-site,35,2.2,50000,7.3,15.2,6.7,0.1,0,21.5,5.3,5.7,6.5,0.4,0
EMP-00518,Finance,Manager,Full-time,On-site,39,10.0,120900,4.9,10.5,8.7,5.7,2,20.0,7.0,7.5,9.4,7.1,0
EMP-00519,Finance,Entry,Full-time,Hybrid,22,1.9,46500,7.1,25.9,6.0,2.7,0,10.1,3.7,6.0,7.9,14.3,1
EMP-00520,Engineering,Manager,Full-time,Hybrid,29,7.1,101300,7.8,14.8,10.0,5.1,2,25.1,7.7,6.7,7.6,8.0,0
EMP-00521,Marketing,Mid,Full-time,On-site,33,3.6,68600,4.9,0.0,7.7,0.2,1,23.3,9.3,6.8,7.5,2.7,0
EMP-00522,HR,Senior,Full-time,Hybrid,37,6.5,87100,4.5,3.6,7.4,5.5,2,19.2,8.6,8.7,8.4,6.3,0
EMP-00523,HR,Mid,Full-time,Hybrid,24,5.1,54700,5.0,1.3,8.2,1.5,2,13.1,8.9,8.7,7.0,8.1,0
EMP-00524,Finance,Entry,Full-time,Hybrid,24,0.5,49700,7.5,10.8,6.0,0.1,0,32.9,6.9,7.4,6.8,9.0,0
EMP-00525,Sales,Senior,Full-time,Hybrid,27,3.1,88500,5.1,13.9,6.4,0.8,0,19.5,4.8,6.9,7.6,6.6,0
EMP-00526,Marketing,Mid,Full-time,On-site,24,4.0,49300,5.9,2.6,5.9,0.1,1,40.9,6.6,6.0,6.6,8.2,0
EMP-00527,HR,Entry,Full-time,Hybrid,25,0.5,43400,6.2,17.2,7.3,0.1,1,26.8,5.4,6.8,5.5,8.9,0
EMP-00528,HR,Senior,Full-time,On-site,33,6.8,92100,5.4,2.7,6.4,3.9,2,12.6,7.4,6.9,6.9,8.3,0
EMP-00529,Sales,Manager,Full-time,Hybrid,37,7.5,108600,4.9,1.1,5.1,4.0,2,19.7,7.1,7.9,6.7,0.2,0
EMP-00530,HR,Mid,Full-time,Hybrid,27,5.2,55100,2.5,0.2,6.9,1.5,1,31.5,5.0,6.8,8.0,4.3,0
EMP-00531,Marketing,Senior,Full-time,On-site,33,6.8,87200,7.4,6.9,3.9,2.8,1,47.2,6.3,5.8,8.1,7.3,0
EMP-00532,Operations,Entry,Full-time,Hybrid,27,0.2,48000,6.7,0.0,8.0,0.1,1,36.5,7.1,7.4,6.1,7.3,0
EMP-00533,Engineering,Mid,Full-time,Hybrid,38,4.3,76700,9.7,22.8,7.5,2.2,1,25.4,3.7,4.8,5.7,9.1,0
EMP-00534,HR,Senior,Full-time,Remote,31,7.0,90100,7.4,16.3,9.1,5.2,2,15.0,6.9,4.3,5.7,3.0,0
EMP-00535,Operations,Mid,Full-time,Remote,26,3.6,49400,6.6,6.3,6.7,0.1,1,15.5,6.3,4.3,7.9,4.0,0
EMP-00536,Engineering,Mid,Full-time,On-site,27,0.2,85800,7.0,14.1,7.3,0.1,0,40.8,6.9,4.9,4.9,5.4,0
EMP-00537,Finance,Entry,Full-time,Hybrid,23,0.2,56200,5.9,18.8,6.3,0.1,0,29.1,5.1,4.2,5.5,6.5,0
EMP-00538,Engineering,Senior,Full-time,Hybrid,33,5.9,85400,6.1,9.7,9.1,2.2,1,44.3,8.2,7.4,10.0,8.7,0
EMP-00539,Marketing,Mid,Full-time,Hybrid,35,7.5,51100,6.8,17.1,7.9,3.8,3,39.5,6.4,7.5,8.2,2.6,0
EMP-00540,Finance,Entry,Full-time,Remote,24,0.2,51000,6.0,9.4,8.7,0.1,0,23.9,6.6,6.1,8.1,9.1,0
EMP-00541,Finance,Mid,Full-time,On-site,35,4.1,69100,6.3,4.5,4.6,0.1,1,21.3,7.9,7.3,8.1,7.6,0
EMP-00542,Operations,Manager,Full-time,Hybrid,41,6.1,101300,5.5,8.8,7.0,4.3,1,20.3,7.6,7.0,7.0,4.5,0
EMP-00543,Operations,Entry,Full-time,Hybrid,30,0.3,60200,3.3,0.0,6.9,0.1,0,18.3,9.8,6.6,6.6,0.0,0
EMP-00544,Engineering,Entry,Part-time,Hybrid,21,0.3,62800,7.9,14.4,4.6,0.1,0,16.0,5.3,2.6,4.2,5.2,1
EMP-00545,Operations,Entry,Full-time,Hybrid,21,0.2,35000,5.9,20.9,6.3,0.1,0,40.8,6.5,7.1,8.0,6.6,0
EMP-00546,Finance,Mid,Full-time,Hybrid,38,6.8,86200,6.0,17.4,8.1,5.1,1,15.7,5.9,5.6,6.3,1.6,0
EMP-00547,Engineering,Senior,Full-time,On-site,48,9.7,90400,8.7,25.5,5.9,6.2,3,29.3,3.5,5.4,6.8,10.1,0
EMP-00548,Sales,Senior,Full-time,Hybrid,40,8.3,89900,4.8,3.5,6.0,6.7,2,30.6,5.4,7.0,7.2,6.6,0
EMP-00549,Customer Success,Entry,Full-time,Hybrid,25,1.2,30000,7.5,13.4,6.9,0.1,0,40.3,5.9,5.9,5.8,2.6,0
EMP-00550,Operations,Manager,Full-time,On-site,51,10.1,95600,5.6,13.3,6.1,9.1,2,17.0,6.2,4.7,7.6,12.0,1
EMP-00551,Operations,Mid,Full-time,On-site,40,4.2,70100,8.2,20.8,8.1,0.1,2,17.2,4.4,3.4,6.9,13.0,1
EMP-00552,Engineering,Manager,Full-time,On-site,34,8.2,114700,6.4,5.5,6.7,5.1,3,11.4,5.5,5.8,6.3,6.6,0
EMP-00553,Customer Success,Manager,Full-time,Hybrid,45,6.9,102200,7.4,22.3,8.7,3.3,2,37.5,5.7,6.7,8.7,12.6,0
EMP-00554,Operations,Mid,Full-time,On-site,26,5.7,59700,5.7,2.9,5.8,4.4,1,25.0,6.3,4.8,7.9,7.6,0
EMP-00555,Finance,Mid,Full-time,Hybrid,32,5.2,84000,5.6,0.0,3.4,1.7,1,11.1,6.9,5.9,6.8,0.2,0
EMP-00556,Operations,Entry,Full-time,Remote,21,0.6,30000,3.3,0.0,9.4,0.1,0,32.2,8.8,7.8,6.1,5.7,0
EMP-00557,Finance,Manager,Full-time,Remote,47,10.1,129400,4.9,0.0,9.1,6.3,2,19.6,7.2,7.0,7.5,2.6,0
EMP-00558,Sales,Senior,Full-time,On-site,38,5.1,70800,5.3,17.5,10.0,0.1,1,12.4,6.3,6.4,7.9,5.7,0
EMP-00559,Customer Success,Entry,Full-time,Remote,26,2.2,53700,9.9,18.1,6.4,0.1,1,18.6,5.4,4.7,6.2,11.4,1
EMP-00560,Customer Success,Senior,Full-time,On-site,41,7.3,94300,7.7,17.7,9.0,2.8,2,5.9,4.9,6.2,6.6,6.1,1
EMP-00561,Operations,Mid,Full-time,Hybrid,38,7.9,66000,6.6,12.4,5.1,3.9,3,15.5,7.3,6.0,6.3,0.0,1
EMP-00562,Sales,Senior,Full-time,Hybrid,28,4.7,98100,7.3,4.2,5.2,0.9,1,29.1,6.4,7.8,6.2,10.5,0
EMP-00563,Sales,Mid,Part-time,Hybrid,33,3.6,69200,5.6,13.8,5.9,0.1,1,20.8,4.7,6.5,7.0,12.3,0
EMP-00564,Operations,Entry,Full-time,Hybrid,31,0.9,37300,5.3,14.1,6.5,0.1,1,28.5,7.2,6.3,6.8,5.1,0
EMP-00565,Customer Success,Mid,Full-time,Remote,24,4.3,65900,7.5,9.6,7.8,0.6,1,20.7,5.9,5.8,6.8,0.0,0
EMP-00566,Customer Success,Senior,Full-time,Remote,38,5.7,79900,8.3,18.5,9.4,3.9,1,30.4,5.8,6.7,8.8,13.1,0
EMP-00567,HR,Manager,Full-time,On-site,43,8.1,126300,7.0,5.4,6.6,2.7,2,23.2,5.5,5.9,8.2,11.7,0
EMP-00568,Marketing,Senior,Full-time,On-site,28,4.1,76900,6.8,1.3,8.1,2.3,1,2.0,6.6,5.9,6.4,6.6,0
EMP-00569,Marketing,Manager,Full-time,On-site,33,8.6,113400,5.4,0.0,5.8,5.9,2,21.4,7.8,7.1,6.0,5.1,0
EMP-00570,HR,Entry,Part-time,Hybrid,25,0.9,42600,5.3,10.2,6.0,0.1,1,42.2,6.6,5.3,5.8,7.1,0
EMP-00571,Marketing,Mid,Full-time,On-site,26,0.2,59200,5.1,10.8,7.2,0.1,1,13.3,4.9,5.8,7.8,6.6,0
EMP-00572,HR,Senior,Full-time,Remote,23,4.7,86300,8.2,0.2,7.2,4.4,1,20.2,4.9,6.7,7.2,6.7,0
EMP-00573,Finance,Senior,Full-time,Hybrid,47,8.5,93400,5.7,12.8,7.6,5.4,2,0.0,7.4,5.9,7.1,10.1,0
EMP-00574,Finance,Mid,Full-time,On-site,30,5.9,55000,6.1,14.5,6.2,4.1,1,25.4,4.6,5.2,6.9,7.4,1
EMP-00575,Sales,Mid,Full-time,On-site,44,9.0,70600,4.9,5.4,7.6,6.0,3,29.8,5.4,5.7,9.2,6.0,0
EMP-00576,Sales,Entry,Full-time,On-site,27,0.3,41700,9.2,15.8,4.6,0.1,0,28.9,6.1,5.5,5.6,14.1,0
EMP-00577,Customer Success,Senior,Full-time,Hybrid,27,4.1,66700,5.2,17.3,8.9,1.0,1,43.8,7.7,7.5,7.9,9.8,0
EMP-00578,Engineering,Entry,Full-time,On-site,31,3.8,59800,6.7,14.9,8.1,3.6,1,31.9,6.4,7.2,8.2,1.2,0
EMP-00579,Engineering,Mid,Full-time,On-site,33,2.8,64200,7.3,13.9,7.4,1.7,0,6.7,6.0,6.7,8.8,3.4,0
EMP-00580,Marketing,Senior,Full-time,Hybrid,37,8.1,83300,3.7,7.2,6.3,3.7,2,19.8,8.4,8.0,7.3,6.6,0
EMP-00581,Marketing,Mid,Full-time,On-site,41,6.1,68700,6.5,5.3,7.6,1.8,2,13.8,7.0,6.2,8.3,5.0,0
EMP-00582,Engineering,Mid,Part-time,Remote,25,1.1,85900,9.9,24.1,7.3,0.1,0,22.5,5.7,5.5,7.8,10.2,0
EMP-00583,Engineering,Entry,Full-time,Hybrid,32,4.9,65700,5.0,7.1,9.4,3.2,1,35.3,8.8,8.5,7.4,0.0,0
EMP-00584,Finance,Senior,Full-time,Hybrid,37,6.5,89300,5.3,11.0,3.9,3.0,1,34.5,6.0,5.9,6.5,1.6,0
EMP-00585,Customer Success,Senior,Full-time,On-site,38,8.5,87500,5.1,9.1,7.0,5.2,2,26.2,6.7,6.4,6.0,6.1,0
EMP-00586,Finance,Mid,Full-time,Hybrid,43,8.5,86200,4.7,10.0,4.4,5.6,2,14.6,3.9,4.8,7.6,5.6,0
EMP-00587,Engineering,Mid,Full-time,On-site,31,8.3,61100,7.7,12.2,6.7,3.6,2,25.7,6.3,6.0,6.5,4.4,0
EMP-00588,Operations,Mid,Part-time,On-site,26,2.7,65900,5.6,18.1,3.9,0.9,0,19.4,5.3,6.2,4.0,6.2,0
EMP-00589,Sales,Entry,Full-time,On-site,27,3.2,44600,5.5,10.5,5.6,0.6,0,30.8,6.2,6.7,6.6,2.0,1
EMP-00590,Sales,Entry,Full-time,Remote,27,1.3,35700,5.4,1.5,10.0,0.1,0,39.5,7.4,8.2,7.3,9.8,0
EMP-00591,Customer Success,Entry,Full-time,Remote,21,0.4,42300,7.3,1.7,7.7,0.1,0,29.5,5.2,6.1,5.0,4.2,0
EMP-00592,Finance,Senior,Full-time,On-site,41,7.5,88400,5.3,8.6,6.9,2.4,3,40.4,4.6,5.6,6.1,0.0,0
EMP-00593,HR,Senior,Full-time,Hybrid,40,7.6,76200,5.2,5.1,6.5,4.4,2,32.6,7.0,4.7,7.5,4.3,0
EMP-00594,Engineering,Mid,Full-time,Hybrid,33,5.9,73400,7.1,6.9,7.8,1.2,2,20.0,6.8,6.0,6.2,11.6,0
EMP-00595,Engineering,Entry,Full-time,Hybrid,37,6.1,48100,6.8,0.0,7.1,3.5,1,35.3,7.0,7.7,6.9,6.9,0
EMP-00596,Engineering,Senior,Part-time,On-site,33,5.0,110600,3.6,3.8,6.8,2.6,2,21.4,8.2,8.4,7.4,2.8,0
EMP-00597,Operations,Senior,Full-time,Hybrid,43,7.7,91700,9.1,25.9,7.3,3.9,2,17.8,6.2,6.4,5.9,7.8,0
EMP-00598,Customer Success,Senior,Full-time,Hybrid,33,5.7,92700,9.6,30.8,6.6,0.1,1,24.1,3.9,5.1,7.8,9.3,1
EMP-00599,HR,Senior,Full-time,Hybrid,30,5.1,84900,5.8,2.6,9.6,0.1,2,22.7,6.0,7.1,9.8,5.3,0
EMP-00600,Engineering,Senior,Full-time,Hybrid,41,9.3,89500,7.2,7.2,7.9,8.5,2,10.6,6.3,5.2,7.3,7.0,0
EMP-00601,Customer Success,Entry,Full-time,On-site,30,1.8,49700,7.1,13.4,6.3,0.1,1,44.4,5.4,6.8,5.9,9.1,0
EMP-00602,Operations,Mid,Full-time,Hybrid,37,5.6,57300,8.7,24.4,7.5,3.2,1,26.8,6.3,6.5,7.1,2.0,0
EMP-00603,Customer Success,Mid,Full-time,Hybrid,37,5.9,58400,5.5,5.9,6.4,4.5,1,31.4,6.3,5.7,5.3,10.9,0
EMP-00604,Customer Success,Senior,Full-time,Remote,37,8.6,68800,5.5,15.6,5.4,8.5,2,1.0,4.7,5.5,8.7,9.2,1
EMP-00605,Operations,Entry,Full-time,Hybrid,21,1.3,43700,6.9,12.8,3.7,0.1,0,36.4,5.7,4.2,4.6,7.2,0
EMP-00606,Customer Success,Mid,Full-time,On-site,26,3.5,81500,6.5,9.8,9.5,0.1,1,11.1,7.1,5.6,6.5,2.8,0
EMP-00607,HR,Entry,Full-time,On-site,32,1.9,54300,6.9,8.4,9.1,0.1,0,23.9,6.3,6.2,4.9,6.0,0
EMP-00608,Sales,Mid,Full-time,Hybrid,37,6.4,60500,4.3,13.4,6.4,1.6,2,9.0,6.6,5.1,5.7,6.2,0
EMP-00609,Finance,Mid,Full-time,On-site,32,5.6,75800,7.5,18.6,8.0,2.3,1,26.1,6.0,6.6,7.1,9.7,0
EMP-00610,Finance,Mid,Full-time,Hybrid,21,1.4,60600,5.7,4.4,7.3,0.1,0,16.8,10.0,6.6,5.9,5.2,0
EMP-00611,HR,Manager,Full-time,On-site,37,6.2,102800,6.7,7.6,6.4,1.9,2,42.4,6.9,7.0,5.3,1.3,0
EMP-00612,Engineering,Entry,Full-time,Remote,28,1.4,57100,6.7,0.0,7.0,0.1,0,31.2,5.0,7.8,7.5,9.6,0
EMP-00613,Operations,Mid,Full-time,Hybrid,32,2.2,71600,4.7,14.4,7.6,0.1,0,14.7,7.0,6.9,7.1,5.1,0
EMP-00614,Marketing,Manager,Part-time,On-site,53,10.1,96900,5.9,0.0,7.5,6.8,2,21.0,6.7,5.6,5.1,2.0,0
EMP-00615,Operations,Senior,Full-time,On-site,50,9.1,86800,6.6,13.0,7.3,6.7,2,25.1,6.0,6.4,5.3,7.8,0
EMP-00616,Finance,Mid,Full-time,On-site,21,3.0,67200,4.0,0.0,6.3,0.1,0,13.2,5.8,6.5,7.9,7.3,0
EMP-00617,Customer Success,Senior,Full-time,On-site,44,6.8,82200,6.3,15.7,7.9,0.3,1,29.5,6.2,6.1,5.4,2.1,0
EMP-00618,Operations,Senior,Full-time,Hybrid,35,5.9,83600,5.6,9.8,6.4,3.8,2,26.9,7.5,8.1,5.8,4.8,0
EMP-00619,Sales,Mid,Full-time,Hybrid,33,2.6,55400,7.0,8.5,5.9,2.6,0,26.8,5.3,4.8,6.5,8.9,0
EMP-00620,Engineering,Entry,Full-time,On-site,30,1.1,48900,7.1,15.1,8.2,0.1,1,33.0,5.9,8.0,7.5,9.3,1
EMP-00621,Operations,Mid,Full-time,Hybrid,34,3.3,71800,7.5,21.6,7.0,1.0,0,33.3,5.7,4.7,7.1,10.9,0
EMP-00622,Operations,Senior,Full-time,On-site,43,7.2,78000,5.7,14.9,7.5,5.1,3,38.0,7.9,7.8,6.6,5.6,0
EMP-00623,Operations,Mid,Full-time,Hybrid,35,5.9,51100,4.8,0.0,7.6,5.4,1,16.8,6.3,6.4,6.6,5.0,0
EMP-00624,Customer Success,Senior,Full-time,Hybrid,34,7.4,87000,6.5,4.0,5.8,3.5,2,37.0,6.5,6.6,7.2,2.6,0
EMP-00625,Marketing,Mid,Full-time,Hybrid,21,1.8,61700,6.2,6.3,4.9,0.1,0,29.3,6.3,7.3,8.0,4.3,0
EMP-00626,Marketing,Mid,Full-time,Hybrid,33,5.0,68300,7.5,24.2,6.8,0.9,1,24.5,6.0,3.5,6.3,5.0,1
EMP-00627,Sales,Mid,Full-time,Remote,31,4.8,66400,5.7,0.0,8.5,1.1,1,24.8,7.0,10.0,9.4,0.1,0
EMP-00628,Operations,Mid,Full-time,Hybrid,33,5.1,48300,9.4,25.9,8.4,0.1,1,39.8,5.5,6.2,7.1,11.2,0
EMP-00629,HR,Entry,Full-time,On-site,30,2.6,41600,6.4,17.1,7.1,1.9,1,36.3,5.3,6.9,6.5,7.3,0
EMP-00630,Sales,Senior,Full-time,Hybrid,37,7.3,85300,6.1,7.0,8.6,6.0,3,38.9,5.9,6.0,7.4,12.2,0
EMP-00631,Sales,Entry,Full-time,On-site,27,0.2,54900,8.0,17.9,3.2,0.1,1,15.3,4.1,5.3,6.0,6.3,1
EMP-00632,Finance,Mid,Full-time,Hybrid,27,4.1,68100,5.2,0.5,8.8,0.1,2,22.8,8.6,7.5,8.4,6.4,0
EMP-00633,Operations,Manager,Full-time,Hybrid,39,5.9,99300,4.9,0.8,5.7,3.4,2,26.3,5.6,6.2,7.6,4.6,0
EMP-00634,Finance,Entry,Full-time,On-site,25,0.7,33200,5.3,1.2,5.1,0.3,0,28.8,6.7,6.3,8.6,4.5,0
EMP-00635,HR,Entry,Full-time,Hybrid,21,2.2,61400,4.9,7.6,5.9,0.1,1,30.4,7.9,6.9,7.6,8.4,0
EMP-00636,HR,Manager,Full-time,Hybrid,43,11.0,115700,2.0,0.0,6.9,7.0,3,12.6,7.5,7.6,7.2,2.4,0
EMP-00637,Marketing,Entry,Full-time,On-site,32,4.9,46300,8.2,10.2,5.9,2.5,2,25.4,3.5,6.7,6.6,6.8,0
EMP-00638,Marketing,Mid,Full-time,Hybrid,30,2.5,60300,6.3,15.6,7.4,0.1,0,7.4,7.6,8.3,7.8,6.7,0
EMP-00639,Engineering,Manager,Full-time,Hybrid,39,7.0,112000,8.7,9.4,5.4,4.6,2,15.7,6.7,7.9,7.5,9.2,0
EMP-00640,Sales,Entry,Full-time,On-site,33,2.7,36500,6.1,9.5,6.9,1.5,0,37.0,5.3,8.3,8.8,6.5,0
EMP-00641,Operations,Entry,Full-time,On-site,36,3.4,49800,8.1,15.5,6.9,1.0,1,26.4,6.0,7.9,9.1,10.8,0
EMP-00642,Customer Success,Entry,Full-time,On-site,25,3.3,49300,6.8,6.1,8.4,3.6,1,20.5,7.5,7.2,8.2,11.3,0
EMP-00643,Sales,Entry,Full-time,On-site,36,2.7,53800,7.1,4.8,6.0,0.1,1,35.9,8.4,6.4,7.7,0.0,0
EMP-00644,Engineering,Entry,Full-time,On-site,32,4.8,52000,6.6,11.5,5.1,1.0,1,29.9,4.3,5.0,5.6,10.6,0
EMP-00645,Sales,Mid,Full-time,Hybrid,29,5.7,53800,7.5,17.5,8.3,2.6,1,28.3,5.5,4.7,7.2,5.9,1
EMP-00646,Finance,Mid,Full-time,Hybrid,29,5.8,64100,6.8,17.8,4.3,1.1,1,29.2,5.3,4.5,6.3,2.5,1
EMP-00647,HR,Manager,Full-time,Hybrid,38,6.6,110200,6.9,0.0,7.7,3.1,2,25.6,7.0,6.1,7.5,4.6,1
EMP-00648,Customer Success,Senior,Part-time,Hybrid,39,5.0,84300,5.8,8.1,5.9,1.4,1,37.8,6.0,6.3,5.8,5.2,0
EMP-00649,Operations,Entry,Full-time,Hybrid,23,2.4,34100,6.7,2.7,4.3,0.1,1,53.0,6.5,6.2,8.8,0.0,0
EMP-00650,Engineering,Mid,Full-time,On-site,34,4.5,62100,4.6,9.1,9.3,0.8,2,44.5,7.4,6.8,7.3,6.0,0
EMP-00651,Operations,Entry,Full-time,On-site,21,1.0,48000,6.4,14.8,7.4,0.1,1,18.6,6.6,5.9,6.6,7.6,0
EMP-00652,HR,Mid,Full-time,Hybrid,33,3.3,65800,2.6,5.1,7.0,0.1,1,21.1,8.2,8.4,6.9,5.5,0
EMP-00653,Customer Success,Mid,Full-time,Hybrid,31,5.9,76300,6.8,13.7,7.0,2.3,1,13.6,5.3,5.6,7.6,11.3,1
EMP-00654,Customer Success,Mid,Full-time,On-site,47,6.2,78700,6.2,14.7,8.4,1.5,2,18.5,6.3,6.8,4.2,2.3,1
EMP-00655,HR,Entry,Full-time,Hybrid,33,2.3,58500,6.4,11.8,8.7,0.1,1,14.3,7.7,6.3,7.3,2.3,0
EMP-00656,Sales,Manager,Full-time,Hybrid,40,6.6,102500,7.6,16.8,7.4,2.5,1,34.0,6.6,6.6,4.5,8.5,0
EMP-00657,HR,Mid,Full-time,On-site,31,2.6,53200,5.9,5.8,7.2,0.1,0,42.8,7.6,6.2,9.1,6.4,0
EMP-00658,HR,Entry,Full-time,Hybrid,30,0.2,40800,7.0,7.8,7.2,0.1,0,21.2,6.1,7.1,8.6,6.7,0
EMP-00659,HR,Mid,Full-time,Hybrid,28,4.5,79400,3.2,0.0,6.5,2.0,1,8.7,7.4,7.3,7.6,5.0,0
EMP-00660,Operations,Senior,Full-time,On-site,41,7.8,94700,9.1,17.5,8.3,5.4,2,27.0,5.3,3.2,5.8,6.7,1
EMP-00661,Customer Success,Mid,Full-time,On-site,29,5.7,69200,6.5,11.6,6.6,2.8,2,34.5,7.2,4.7,6.7,10.3,0
EMP-00662,Marketing,Mid,Full-time,Hybrid,29,4.4,62000,5.2,0.0,5.9,0.1,1,16.6,7.8,6.2,5.5,5.0,0
EMP-00663,Customer Success,Senior,Full-time,On-site,35,8.0,94600,6.9,13.0,6.7,3.0,3,26.3,4.6,6.2,7.7,4.1,0
EMP-00664,Sales,Entry,Full-time,Hybrid,32,0.2,47700,3.7,0.0,4.8,0.1,0,41.2,7.1,6.6,7.8,1.0,0
EMP-00665,HR,Manager,Part-time,Hybrid,43,9.1,122400,5.7,6.8,7.8,6.7,2,22.2,6.0,6.5,8.6,3.0,0
EMP-00666,Engineering,Manager,Full-time,Hybrid,41,8.6,108500,7.7,18.1,7.2,9.3,2,14.7,5.5,5.7,9.3,11.6,1
EMP-00667,Sales,Entry,Full-time,On-site,22,0.6,42800,5.8,5.8,7.8,0.1,0,28.5,7.1,6.8,8.0,10.0,0
EMP-00668,HR,Mid,Full-time,Hybrid,26,4.8,85100,7.8,5.1,7.7,2.3,1,15.1,7.5,7.0,5.8,9.7,0
EMP-00669,HR,Mid,Full-time,On-site,33,2.5,65300,6.4,14.0,4.9,0.4,0,9.0,5.9,6.7,8.0,7.3,1
EMP-00670,Sales,Senior,Full-time,Hybrid,43,10.5,96100,7.0,0.1,5.9,3.3,3,33.9,7.7,6.4,9.7,3.2,0
EMP-00671,HR,Entry,Full-time,On-site,30,3.3,39400,5.5,20.9,9.1,0.1,1,38.4,6.6,8.7,5.0,7.5,0
EMP-00672,Operations,Mid,Full-time,On-site,41,4.8,65600,6.3,11.6,9.0,1.3,1,30.7,6.6,7.6,7.8,1.9,0
EMP-00673,Operations,Manager,Full-time,Remote,40,7.2,104400,5.9,3.6,6.1,7.3,2,39.8,6.3,6.5,6.3,9.1,0
EMP-00674,Finance,Manager,Full-time,Hybrid,41,11.1,102800,6.5,3.4,8.8,5.5,3,24.9,4.7,6.3,9.4,2.9,0
EMP-00675,Customer Success,Senior,Full-time,Hybrid,35,7.3,104600,8.2,13.0,8.7,5.6,2,29.4,5.8,8.1,9.0,5.0,0
EMP-00676,Engineering,Mid,Full-time,On-site,37,6.1,59600,5.5,18.5,7.7,3.3,1,28.1,7.4,8.4,8.7,6.9,0
EMP-00677,Sales,Mid,Full-time,On-site,31,3.8,71000,4.5,0.0,8.2,0.1,2,17.8,9.1,8.7,8.9,0.3,0
EMP-00678,Sales,Manager,Full-time,On-site,47,10.0,100700,5.9,0.0,7.1,7.5,2,36.5,5.9,7.3,7.0,6.2,0
EMP-00679,Engineering,Mid,Full-time,Hybrid,29,2.9,71400,5.2,5.8,7.0,0.1,1,9.4,8.0,7.2,7.6,1.5,0
EMP-00680,Engineering,Senior,Full-time,Hybrid,44,8.3,100100,5.3,5.1,8.5,7.6,2,7.6,8.8,6.8,6.4,0.9,1
EMP-00681,Sales,Senior,Full-time,Remote,44,7.8,84600,2.7,0.0,7.9,5.2,2,30.1,8.0,7.7,8.8,2.9,0
EMP-00682,Customer Success,Mid,Full-time,Hybrid,32,3.7,61500,8.1,14.6,7.9,0.1,1,26.2,6.1,5.7,7.2,0.3,0
EMP-00683,Operations,Entry,Full-time,On-site,31,2.5,39200,3.6,0.0,5.8,0.1,0,21.8,6.9,6.8,5.6,2.8,0
EMP-00684,Finance,Mid,Full-time,On-site,33,5.5,76600,3.5,0.0,5.6,0.1,1,30.3,7.9,6.6,5.6,5.4,0
EMP-00685,Finance,Senior,Full-time,Remote,35,5.2,106700,7.0,8.4,6.3,0.2,1,20.1,4.5,5.8,7.2,8.8,0
EMP-00686,Operations,Manager,Part-time,Remote,47,7.5,104600,7.6,8.5,7.0,1.9,2,16.2,7.1,8.2,7.9,0.2,0
EMP-00687,Operations,Mid,Full-time,Hybrid,31,4.4,60500,4.7,12.4,8.4,1.5,2,21.2,8.9,8.0,7.4,1.3,0
EMP-00688,Customer Success,Senior,Full-time,Hybrid,32,6.8,87200,5.5,3.4,6.9,4.5,2,14.4,7.0,6.9,6.8,6.0,0
EMP-00689,Finance,Entry,Full-time,On-site,24,0.2,52600,5.5,10.4,10.0,0.1,0,30.9,7.9,7.2,4.3,0.0,0
EMP-00690,HR,Senior,Full-time,Hybrid,36,5.6,84500,9.6,18.0,7.9,1.7,2,17.9,3.8,7.4,8.5,11.4,0
EMP-00691,Engineering,Mid,Full-time,Hybrid,24,1.9,77400,7.5,13.6,6.1,2.8,0,21.3,6.3,5.4,6.6,4.6,0
EMP-00692,Finance,Mid,Full-time,On-site,21,4.2,46200,7.1,10.0,6.8,0.4,2,21.0,5.2,5.2,6.8,8.3,1
EMP-00693,Operations,Senior,Full-time,On-site,34,6.7,83300,5.5,4.9,5.7,2.9,2,32.0,7.1,9.4,9.1,6.3,0
EMP-00694,Customer Success,Senior,Full-time,On-site,38,6.9,77600,7.8,4.2,7.3,3.3,1,21.2,7.5,7.0,6.8,6.4,0
EMP-00695,Operations,Entry,Full-time,Hybrid,25,1.2,50400,7.5,13.6,7.7,0.1,0,40.8,6.9,7.1,6.9,1.7,0
EMP-00696,Operations,Mid,Full-time,On-site,27,3.3,65400,5.2,10.6,9.1,2.3,1,15.0,9.1,6.8,7.4,2.1,0
EMP-00697,Operations,Mid,Full-time,Hybrid,21,0.2,57700,7.6,19.5,7.7,0.1,1,23.1,6.0,5.4,6.5,5.5,0
EMP-00698,Customer Success,Senior,Full-time,Hybrid,49,9.6,95300,9.1,4.5,4.6,7.4,2,28.2,5.3,5.3,6.6,10.3,1
EMP-00699,Marketing,Mid,Full-time,Remote,27,2.5,49700,5.9,1.0,7.8,1.7,0,24.8,6.9,8.4,7.2,8.6,0
EMP-00700,Marketing,Mid,Full-time,Hybrid,30,2.5,66600,4.5,5.2,7.6,0.7,0,1.8,5.3,5.4,6.3,8.7,0
EMP-00701,Customer Success,Entry,Full-time,Hybrid,24,0.2,36500,5.1,0.0,8.0,0.1,0,9.8,8.1,8.6,7.7,9.8,0
EMP-00702,Engineering,Mid,Full-time,On-site,33,3.5,89300,6.5,7.6,6.0,0.1,1,0.0,5.6,5.4,6.3,5.6,0
EMP-00703,HR,Entry,Full-time,Hybrid,23,0.6,52600,6.8,8.1,8.3,0.1,1,31.7,6.7,4.1,7.4,0.0,1
EMP-00704,Customer Success,Senior,Full-time,Hybrid,33,7.7,81200,4.4,15.6,6.2,2.9,2,34.4,7.4,6.9,6.4,5.7,0
EMP-00705,Sales,Mid,Full-time,Hybrid,43,5.8,72600,4.6,4.7,6.9,2.7,2,21.1,7.7,8.3,5.9,7.2,0
EMP-00706,Sales,Mid,Full-time,Hybrid,23,3.9,58200,4.7,9.9,7.1,0.1,1,7.3,5.4,7.4,5.0,3.4,0
EMP-00707,Customer Success,Entry,Full-time,Hybrid,35,2.0,36700,6.2,14.9,7.5,0.1,0,34.3,9.2,6.4,6.3,2.8,0
EMP-00708,Finance,Senior,Full-time,On-site,42,6.6,106800,5.8,10.4,5.4,5.5,2,32.8,6.0,7.8,7.1,7.9,0
EMP-00709,Customer Success,Senior,Full-time,Hybrid,30,6.9,82500,7.2,15.4,6.7,2.8,1,25.7,7.3,7.4,9.4,7.6,0
EMP-00710,Customer Success,Entry,Full-time,On-site,33,2.9,39600,6.1,4.9,7.6,0.7,0,10.8,6.0,6.7,8.1,2.5,0
EMP-00711,Engineering,Manager,Full-time,Hybrid,35,8.4,117100,3.8,0.0,4.2,4.3,2,11.3,7.0,7.0,7.5,9.0,0
EMP-00712,HR,Mid,Part-time,On-site,39,4.3,51700,5.9,10.5,6.5,3.5,1,39.2,6.8,6.4,9.4,4.7,0
EMP-00713,Engineering,Entry,Full-time,Hybrid,24,2.0,52800,4.7,3.3,7.7,0.1,0,32.4,10.0,7.1,6.6,5.2,1
EMP-00714,HR,Entry,Full-time,Remote,30,3.3,45900,5.4,1.7,6.0,0.1,0,43.8,7.2,6.6,8.1,3.9,0
EMP-00715,Engineering,Senior,Full-time,Hybrid,36,8.3,105000,6.5,7.5,8.5,5.3,3,26.7,4.6,5.6,9.5,4.3,0
EMP-00716,Customer Success,Entry,Full-time,Hybrid,31,4.9,30000,7.7,11.6,7.7,1.9,2,21.5,5.6,5.9,7.9,13.6,1
EMP-00717,Operations,Senior,Full-time,Remote,32,6.1,95100,4.5,7.9,8.6,2.2,1,37.9,7.8,7.5,6.0,3.1,0
EMP-00718,Marketing,Senior,Part-time,Hybrid,40,5.4,91700,8.2,8.3,7.7,4.1,2,36.5,5.9,5.6,7.5,2.6,1
EMP-00719,Marketing,Entry,Full-time,On-site,34,3.6,53800,4.9,8.7,6.3,0.5,1,18.5,5.9,5.8,7.7,10.7,0
EMP-00720,Engineering,Senior,Full-time,On-site,33,5.3,117400,4.9,0.0,7.0,5.9,1,30.1,5.8,6.3,7.5,3.2,0
EMP-00721,Operations,Senior,Full-time,Hybrid,46,7.4,79700,5.5,4.8,4.9,5.1,2,24.1,6.8,5.6,7.6,8.0,0
EMP-00722,Marketing,Mid,Full-time,Hybrid,31,4.0,81100,8.5,20.4,6.9,1.2,1,13.2,5.0,4.0,7.5,8.2,1
EMP-00723,HR,Senior,Full-time,Hybrid,38,7.4,91000,7.0,11.3,8.6,4.7,2,36.4,5.6,5.7,6.8,7.5,1
EMP-00724,HR,Mid,Full-time,On-site,30,5.8,74000,5.2,2.7,7.1,1.9,1,16.8,6.5,9.0,7.0,7.9,0
EMP-00725,Operations,Mid,Full-time,Hybrid,32,4.3,60100,6.3,0.0,7.7,0.9,1,15.9,5.4,5.0,6.9,10.5,0
EMP-00726,Operations,Entry,Full-time,Hybrid,23,0.2,30300,9.0,16.2,8.9,0.1,0,35.8,5.4,7.7,9.6,10.5,0
EMP-00727,HR,Mid,Full-time,On-site,33,3.3,76700,8.7,18.0,5.7,2.2,0,25.4,5.1,4.6,6.9,6.7,1
EMP-00728,Marketing,Entry,Full-time,On-site,23,3.1,49300,6.4,19.7,9.0,0.2,0,21.9,6.4,6.6,7.4,9.9,0
EMP-00729,Finance,Senior,Full-time,Hybrid,42,6.8,105700,6.2,4.8,7.7,3.2,1,39.1,5.7,7.2,6.6,4.1,1
EMP-00730,Customer Success,Entry,Full-time,Remote,21,1.4,49400,7.7,13.7,7.5,0.1,0,47.0,6.5,5.9,6.3,11.2,0
EMP-00731,Customer Success,Mid,Full-time,Hybrid,36,4.0,76500,6.6,9.0,4.4,0.9,1,35.8,7.0,5.2,5.1,5.4,1
EMP-00732,Finance,Senior,Full-time,Remote,38,5.6,111300,7.9,14.7,8.3,0.3,1,21.3,8.3,6.3,8.5,3.1,0
EMP-00733,Finance,Manager,Full-time,Hybrid,45,5.8,113400,6.3,4.8,9.0,3.3,1,9.8,7.8,7.4,8.4,3.0,0
EMP-00734,Engineering,Mid,Full-time,On-site,30,4.8,89700,5.5,0.3,6.0,0.3,1,7.9,6.2,6.1,7.1,1.0,0
EMP-00735,Engineering,Mid,Full-time,On-site,41,5.9,73400,6.8,11.0,9.2,0.1,1,12.7,4.6,4.7,7.9,11.8,0
EMP-00736,Customer Success,Mid,Full-time,Remote,44,4.7,77800,9.4,21.0,4.6,0.1,1,22.3,4.5,5.5,7.4,9.5,0
EMP-00737,Sales,Senior,Full-time,Hybrid,41,7.0,83000,7.1,9.0,6.7,4.3,2,6.6,5.3,5.6,6.3,5.6,0
EMP-00738,Marketing,Senior,Full-time,Hybrid,39,7.4,87800,6.1,0.0,5.9,2.5,3,4.3,5.8,6.7,6.6,10.2,0
EMP-00739,HR,Mid,Part-time,On-site,32,7.5,61100,7.4,7.3,8.1,3.9,2,25.2,5.9,5.7,7.7,8.6,0
EMP-00740,Sales,Manager,Full-time,Remote,33,5.5,123200,7.1,13.3,8.2,2.4,1,37.6,7.2,4.5,6.3,5.9,0
EMP-00741,Operations,Mid,Full-time,Hybrid,34,6.5,57300,6.5,14.3,7.4,4.8,2,40.2,5.8,5.4,6.3,8.8,0
EMP-00742,Sales,Entry,Full-time,Hybrid,30,3.4,45200,5.5,5.9,4.6,3.0,1,48.4,6.1,5.5,8.4,4.5,0
EMP-00743,Marketing,Manager,Full-time,Hybrid,43,8.7,115100,6.1,10.7,7.0,7.1,2,18.6,6.3,6.2,7.5,7.5,1
EMP-00744,Engineering,Senior,Part-time,On-site,36,5.4,92700,7.6,9.6,3.2,3.1,1,27.4,5.1,5.8,6.8,9.9,0
EMP-00745,Finance,Mid,Full-time,Remote,32,4.2,65100,5.8,9.8,6.9,1.5,2,17.7,5.8,7.7,7.6,0.0,0
EMP-00746,Customer Success,Entry,Full-time,On-site,29,4.0,49400,7.6,18.1,6.9,0.1,2,12.6,6.4,3.5,4.0,11.9,0
EMP-00747,Operations,Senior,Full-time,On-site,35,7.5,88400,7.2,5.3,7.8,2.7,2,22.1,7.0,7.5,6.9,6.3,0
EMP-00748,Engineering,Mid,Full-time,Hybrid,40,4.7,70900,4.5,2.8,8.1,2.2,1,10.9,7.5,8.6,7.0,3.0,0
EMP-00749,Customer Success,Entry,Full-time,On-site,34,0.9,48400,5.2,1.1,8.0,0.1,1,30.1,6.7,7.2,6.7,4.8,0
EMP-00750,Operations,Entry,Full-time,On-site,23,1.9,40200,6.0,6.1,7.6,0.1,1,31.8,7.1,7.3,8.2,11.0,0
EMP-00751,Marketing,Mid,Full-time,Hybrid,45,4.8,60800,5.8,9.4,9.4,1.9,1,25.4,6.4,7.7,5.9,9.0,0
EMP-00752,Engineering,Manager,Full-time,On-site,37,9.8,124200,5.6,6.6,6.5,5.7,2,19.4,5.5,6.0,8.2,5.9,0
EMP-00753,Operations,Entry,Full-time,Hybrid,31,4.1,35700,5.8,5.7,5.8,0.1,1,30.3,7.0,7.1,7.1,5.6,0
EMP-00754,Sales,Entry,Full-time,Hybrid,21,0.6,30000,6.6,11.8,6.9,0.1,0,16.6,5.0,3.3,4.5,5.0,1
EMP-00755,Engineering,Entry,Full-time,On-site,21,1.0,49900,6.7,5.4,7.4,1.0,1,17.6,6.1,6.1,6.0,8.5,0
EMP-00756,Engineering,Mid,Full-time,Hybrid,30,2.1,74500,6.3,0.0,7.8,0.1,0,24.7,7.6,8.1,7.4,3.1,0
EMP-00757,Operations,Mid,Full-time,Hybrid,38,4.9,65200,7.6,19.4,5.1,1.4,1,23.1,5.1,5.7,6.9,11.9,0
EMP-00758,Operations,Mid,Part-time,Hybrid,25,2.7,49900,7.5,8.1,6.7,0.1,1,4.8,7.5,7.9,7.3,6.8,0
EMP-00759,Operations,Mid,Full-time,Hybrid,32,2.8,37000,4.2,5.4,6.4,1.0,0,24.7,8.0,7.9,6.8,4.6,0
EMP-00760,Operations,Mid,Full-time,Remote,38,7.4,43300,8.2,14.7,5.6,5.0,3,26.2,6.0,5.4,8.4,10.2,0
EMP-00761,Operations,Mid,Full-time,Hybrid,41,7.0,62300,7.3,17.1,7.7,2.8,2,8.5,6.4,5.2,8.0,7.8,1
EMP-00762,HR,Mid,Full-time,Hybrid,34,4.3,72300,6.9,12.0,8.3,0.1,2,23.9,6.1,6.7,6.8,5.7,0
EMP-00763,Customer Success,Mid,Full-time,Hybrid,31,2.6,45600,8.6,20.8,6.7,0.1,0,20.8,6.2,5.9,8.2,10.7,0
EMP-00764,Finance,Entry,Full-time,Hybrid,35,1.5,57700,5.7,13.3,6.7,0.1,1,22.4,7.1,6.9,6.7,2.7,0
EMP-00765,HR,Entry,Full-time,On-site,21,1.4,42900,6.0,8.4,7.9,0.1,0,0.0,7.6,7.6,4.1,5.1,0
EMP-00766,Customer Success,Mid,Full-time,Hybrid,35,3.9,62500,7.2,14.8,6.6,1.9,1,25.9,6.3,6.3,6.7,8.2,1
EMP-00767,Sales,Senior,Full-time,Hybrid,26,2.9,75000,4.7,19.2,9.1,1.9,0,16.4,6.4,7.5,6.6,9.3,0
EMP-00768,HR,Manager,Full-time,Hybrid,41,7.6,115700,6.4,3.6,5.4,2.7,2,29.0,8.2,7.5,7.1,8.1,0
EMP-00769,Engineering,Entry,Full-time,Hybrid,31,2.3,43900,4.6,2.7,8.8,0.1,0,33.2,8.6,8.5,8.8,7.8,0
EMP-00770,Finance,Manager,Full-time,Hybrid,39,8.5,113400,6.3,11.8,6.4,4.4,2,26.9,7.8,7.2,6.0,7.8,0
EMP-00771,HR,Mid,Part-time,Remote,26,1.9,73100,4.5,0.0,4.8,0.1,0,44.6,6.6,5.8,6.3,0.2,0
EMP-00772,Operations,Entry,Full-time,Hybrid,34,0.9,44200,5.5,14.3,5.5,0.1,0,33.4,6.5,7.1,6.6,4.5,0
EMP-00773,Finance,Entry,Full-time,Hybrid,31,2.6,54400,5.2,0.0,5.3,0.1,0,28.6,6.4,6.8,7.0,5.3,0
EMP-00774,Customer Success,Entry,Full-time,Hybrid,22,0.2,58900,5.8,8.2,6.8,0.1,0,35.8,7.1,7.6,5.5,2.8,1
EMP-00775,Sales,Entry,Full-time,Hybrid,28,1.5,33700,7.3,7.7,7.3,0.1,0,27.7,6.7,5.6,7.1,8.6,0
EMP-00776,Finance,Mid,Full-time,Hybrid,34,4.4,62900,5.6,0.0,5.5,1.1,2,21.9,5.9,6.1,6.0,3.8,0
EMP-00777,Marketing,Manager,Full-time,On-site,47,5.6,118200,3.3,8.0,6.0,3.1,1,5.8,8.3,6.3,8.0,5.5,0
EMP-00778,Finance,Senior,Full-time,On-site,44,8.3,73600,5.6,2.3,4.4,6.7,2,12.6,5.6,7.1,6.6,1.8,0
EMP-00779,Operations,Senior,Full-time,Hybrid,30,3.2,84500,4.4,19.5,9.4,0.1,0,25.1,7.4,7.4,8.6,6.5,1
EMP-00780,HR,Senior,Full-time,On-site,35,7.7,78400,7.0,6.2,10.0,2.8,2,40.2,4.7,6.9,7.0,5.2,0
EMP-00781,Finance,Mid,Full-time,Hybrid,22,0.7,65700,5.4,0.0,6.7,0.1,0,24.0,7.2,8.2,7.5,6.4,0
EMP-00782,Marketing,Mid,Full-time,Hybrid,26,3.9,72000,7.4,2.6,6.2,0.1,1,22.8,7.8,6.9,7.8,6.7,0
EMP-00783,Operations,Mid,Full-time,Hybrid,30,5.1,60800,8.8,15.8,7.0,3.3,1,31.7,6.0,7.2,6.2,7.7,0
EMP-00784,Finance,Mid,Full-time,Hybrid,23,3.7,76000,8.5,9.4,6.1,1.8,1,45.5,6.2,5.8,4.1,6.7,0
EMP-00785,Sales,Mid,Full-time,Hybrid,30,3.8,71600,7.6,4.6,6.3,0.6,1,22.4,6.1,3.9,4.2,7.3,1
EMP-00786,Operations,Mid,Full-time,On-site,21,3.3,68700,5.6,11.2,8.1,0.1,0,22.1,8.9,8.1,5.9,6.0,0
EMP-00787,Operations,Mid,Full-time,On-site,26,1.5,61100,6.7,13.7,9.7,0.1,0,24.2,6.4,5.6,6.4,4.6,0
EMP-00788,HR,Entry,Full-time,Hybrid,21,0.5,44500,5.7,10.2,8.7,0.1,0,32.2,6.1,7.8,4.9,4.4,0
EMP-00789,Engineering,Mid,Full-time,On-site,42,3.6,79600,6.8,1.9,5.9,1.7,1,20.7,5.2,5.4,4.4,5.4,0
EMP-00790,Customer Success,Senior,Full-time,Hybrid,42,9.1,69900,7.8,21.4,6.2,7.9,2,24.9,4.3,4.1,6.1,3.6,1
EMP-00791,Engineering,Manager,Full-time,Hybrid,41,9.0,107800,6.3,2.5,6.2,5.3,2,31.1,5.8,7.5,7.0,6.7,0
EMP-00792,Customer Success,Senior,Full-time,Hybrid,39,6.8,83800,8.7,9.6,6.9,6.7,1,26.2,8.5,6.1,6.4,3.1,0
EMP-00793,Customer Success,Mid,Full-time,Hybrid,25,4.4,75700,6.7,7.0,10.0,2.1,2,30.1,7.3,6.3,6.9,4.6,0
EMP-00794,Engineering,Mid,Full-time,Hybrid,31,4.6,77700,8.9,14.7,10.0,0.1,1,33.2,8.2,5.7,4.5,0.0,0
EMP-00795,HR,Entry,Full-time,On-site,33,4.1,50200,6.4,17.5,8.7,2.0,1,27.9,7.7,8.9,7.0,3.0,0
EMP-00796,Operations,Mid,Full-time,Hybrid,24,3.9,49900,7.5,12.0,5.3,1.4,1,25.2,4.4,4.9,6.6,2.4,0
EMP-00797,Customer Success,Entry,Full-time,Hybrid,31,3.4,49300,7.2,7.0,8.3,3.7,0,16.0,5.5,7.1,6.2,4.9,0
EMP-00798,Operations,Mid,Full-time,Remote,26,4.5,65400,5.5,11.9,6.1,2.4,1,33.5,7.4,6.9,6.9,3.5,0
EMP-00799,Sales,Entry,Full-time,Hybrid,23,0.2,61700,6.6,9.2,6.0,0.1,1,22.2,6.4,6.2,5.9,4.6,0
EMP-00800,Sales,Manager,Full-time,On-site,28,5.8,101200,7.8,14.6,7.5,2.5,1,17.7,5.7,5.8,7.7,14.2,0
EMP-00801,Operations,Senior,Full-time,On-site,39,5.7,87100,4.8,6.9,7.7,4.0,1,0.0,5.7,6.7,7.3,6.8,0
EMP-00802,Marketing,Entry,Full-time,On-site,28,3.2,35700,7.2,14.6,5.3,0.1,0,31.9,5.0,6.3,7.8,3.9,0
EMP-00803,Operations,Senior,Part-time,On-site,21,3.4,86800,6.6,23.1,9.5,0.1,0,25.8,9.4,9.3,8.9,1.5,0
EMP-00804,Customer Success,Mid,Part-time,On-site,31,1.6,61600,5.1,2.7,6.7,0.1,1,11.2,4.6,6.8,7.1,9.3,0
EMP-00805,Engineering,Mid,Full-time,Hybrid,36,4.9,85500,6.3,6.6,5.9,2.5,1,12.8,6.5,5.3,6.5,8.1,0
EMP-00806,Customer Success,Mid,Full-time,Hybrid,34,6.5,56400,7.5,17.8,6.3,3.1,1,14.9,5.8,4.5,5.4,6.1,1
EMP-00807,Operations,Entry,Full-time,On-site,21,0.2,42100,7.5,21.1,7.2,0.1,0,22.4,7.2,3.5,5.3,10.8,0
EMP-00808,Operations,Entry,Full-time,On-site,23,3.1,45900,6.0,13.0,9.3,0.2,0,19.7,5.4,6.4,6.8,12.2,0
EMP-00809,HR,Mid,Full-time,Remote,26,0.8,57700,6.3,0.7,9.1,0.1,1,32.6,6.2,6.9,9.1,7.9,0
EMP-00810,HR,Senior,Full-time,Hybrid,33,7.6,77200,4.1,9.9,4.3,5.3,2,26.3,5.4,5.6,6.8,11.8,1
EMP-00811,Sales,Entry,Full-time,Hybrid,25,2.1,49800,5.3,0.0,8.7,0.1,0,46.2,8.8,9.8,8.0,2.9,0
EMP-00812,Operations,Mid,Full-time,Hybrid,36,3.9,51100,7.8,15.8,5.2,0.1,2,15.8,5.0,6.4,8.5,9.9,0
EMP-00813,HR,Entry,Full-time,Remote,21,1.1,30000,6.4,0.0,5.8,0.1,0,12.1,7.2,6.8,5.9,7.0,0
EMP-00814,Sales,Manager,Full-time,Remote,36,7.7,116200,7.8,20.0,7.1,4.7,3,21.1,6.4,6.0,5.9,7.2,1
EMP-00815,Engineering,Entry,Full-time,Hybrid,23,2.6,56200,6.8,14.1,5.7,0.1,1,29.1,6.1,6.2,8.9,7.4,0
EMP-00816,Engineering,Senior,Full-time,Hybrid,30,6.0,91400,4.8,2.5,4.8,2.0,1,16.8,7.6,6.7,6.6,4.7,0
EMP-00817,Operations,Mid,Full-time,Remote,48,4.4,55900,5.7,4.4,5.8,1.2,1,5.1,5.4,5.5,7.7,7.6,0
EMP-00818,Operations,Entry,Full-time,Remote,31,2.0,43200,7.3,10.8,8.6,0.7,0,6.7,6.8,5.7,7.8,6.7,0
EMP-00819,Sales,Senior,Part-time,On-site,34,7.4,75200,6.3,7.8,3.7,3.4,2,31.7,5.7,4.0,7.0,5.3,0
EMP-00820,HR,Entry,Full-time,Hybrid,22,0.2,40800,5.5,7.6,7.2,0.1,0,36.9,8.1,6.3,8.0,4.9,0
EMP-00821,Sales,Entry,Full-time,On-site,31,3.6,51700,4.6,13.1,5.6,2.1,1,27.5,8.5,7.1,7.1,0.4,0
EMP-00822,Marketing,Mid,Part-time,Hybrid,46,6.6,66300,5.0,16.5,3.3,0.8,2,35.7,5.3,5.2,6.6,7.5,0
EMP-00823,Engineering,Entry,Full-time,Hybrid,29,2.3,62200,8.5,22.7,7.9,0.1,0,18.7,5.1,5.7,6.9,7.2,1
EMP-00824,Operations,Senior,Full-time,Hybrid,37,8.4,82100,5.3,3.0,10.0,4.0,2,29.5,6.4,7.0,7.9,8.0,0
EMP-00825,Engineering,Senior,Full-time,Hybrid,40,7.8,93100,5.9,6.5,7.2,4.1,2,29.0,8.5,5.6,6.6,10.4,0
EMP-00826,Finance,Entry,Full-time,Hybrid,32,4.2,50600,8.1,11.4,7.2,0.5,1,24.3,7.6,6.4,6.1,6.0,0
EMP-00827,Sales,Senior,Full-time,Hybrid,42,6.0,85200,5.3,8.7,7.9,4.4,1,39.4,6.0,4.8,7.4,1.5,0
EMP-00828,Marketing,Mid,Full-time,Remote,27,4.6,56400,6.8,7.6,6.1,3.8,1,28.9,6.3,6.0,9.7,2.1,1
EMP-00829,Operations,Entry,Part-time,Remote,26,0.8,57900,9.1,22.9,5.2,0.1,1,45.1,5.9,2.8,4.7,18.6,1
EMP-00830,Sales,Mid,Full-time,Hybrid,40,6.7,82400,4.6,0.4,7.7,3.3,1,7.6,7.2,8.8,8.8,2.5,0
EMP-00831,HR,Mid,Full-time,Hybrid,50,6.3,76500,5.2,0.0,6.5,4.6,1,20.1,7.3,7.4,7.4,7.4,0
EMP-00832,Customer Success,Mid,Full-time,Remote,30,6.2,78000,5.3,17.7,3.5,1.2,1,13.8,5.3,3.4,4.6,6.6,0
EMP-00833,Customer Success,Entry,Full-time,Hybrid,28,4.6,32600,8.0,7.4,8.9,0.1,1,29.5,7.2,8.5,10.0,4.5,0
EMP-00834,Engineering,Mid,Full-time,Hybrid,25,2.9,69100,5.5,0.5,7.3,0.1,1,28.3,7.3,5.1,8.0,7.2,0
EMP-00835,Engineering,Senior,Full-time,Hybrid,31,4.8,94200,6.5,1.1,7.8,2.1,2,32.1,6.3,8.7,6.9,2.7,0
EMP-00836,Engineering,Mid,Full-time,Remote,28,3.8,68200,6.0,14.4,8.6,0.1,2,24.3,8.6,5.7,8.1,4.7,0
EMP-00837,Operations,Entry,Full-time,On-site,28,3.8,36100,6.7,21.1,8.6,0.3,1,26.6,6.3,7.5,6.6,9.5,0
EMP-00838,Engineering,Mid,Full-time,Hybrid,31,6.6,84400,6.2,6.5,7.7,6.2,1,27.1,6.9,5.9,7.7,7.1,0
EMP-00839,Marketing,Manager,Full-time,Hybrid,37,7.2,114800,8.6,7.3,9.5,3.7,2,34.5,7.5,7.0,6.8,9.8,0
EMP-00840,Finance,Manager,Full-time,Hybrid,43,7.7,116700,7.2,10.6,7.4,2.8,2,8.4,6.9,7.2,8.9,6.7,0
EMP-00841,Finance,Senior,Full-time,Hybrid,48,6.9,87900,6.8,0.0,6.7,3.3,1,38.2,6.7,5.8,6.1,9.7,0
EMP-00842,Customer Success,Entry,Full-time,Remote,29,1.4,30000,8.1,21.8,7.1,0.1,0,31.7,5.1,4.5,7.5,11.0,0
EMP-00843,Engineering,Mid,Full-time,Hybrid,21,0.3,58500,3.6,0.0,9.1,0.1,1,23.0,7.7,6.4,5.4,0.0,0
EMP-00844,Engineering,Mid,Full-time,On-site,35,4.7,76800,3.7,2.9,6.3,2.7,1,9.3,8.6,7.6,8.2,2.8,0
EMP-00845,Marketing,Entry,Full-time,Hybrid,31,1.5,43400,6.0,5.5,6.9,0.1,0,36.2,7.9,7.9,8.7,1.0,0
EMP-00846,Operations,Entry,Full-time,On-site,26,1.9,30000,4.8,0.0,5.3,0.1,0,20.9,5.6,5.4,5.5,0.0,0
EMP-00847,Customer Success,Mid,Full-time,Hybrid,22,6.4,74000,7.0,21.6,5.5,1.1,2,20.0,5.5,5.6,9.2,13.7,0
EMP-00848,Customer Success,Entry,Full-time,On-site,25,1.0,50200,4.8,8.7,5.6,0.1,0,31.9,6.1,7.2,4.4,5.7,0
EMP-00849,Operations,Senior,Full-time,On-site,39,6.6,79400,5.9,7.3,6.1,1.7,1,14.8,8.2,9.4,9.0,3.1,0
EMP-00850,Engineering,Mid,Part-time,On-site,21,1.5,83000,5.0,10.7,7.1,0.1,0,17.2,5.6,5.5,6.7,9.9,0
EMP-00851,Finance,Entry,Full-time,Hybrid,27,1.9,49700,2.9,0.0,5.2,0.1,0,16.9,7.6,5.0,5.7,0.0,0
EMP-00852,HR,Mid,Full-time,Hybrid,25,2.1,54200,3.9,5.9,7.2,0.1,0,17.8,6.4,6.6,5.2,8.0,0
EMP-00853,Customer Success,Mid,Part-time,On-site,32,6.4,68300,8.3,10.8,8.6,2.5,1,33.4,6.3,6.2,4.7,8.0,0
EMP-00854,Sales,Entry,Full-time,Hybrid,27,1.0,45800,4.2,5.5,7.0,0.1,0,21.7,7.7,5.9,7.0,8.8,0
EMP-00855,Sales,Entry,Full-time,On-site,30,2.9,54200,4.4,4.7,5.1,0.8,0,37.3,7.6,6.8,7.0,6.2,0
EMP-00856,Finance,Mid,Full-time,Hybrid,35,5.6,76000,8.3,10.1,8.3,2.0,1,28.9,5.1,6.3,6.9,2.2,0
EMP-00857,Operations,Entry,Full-time,Remote,28,0.8,46800,5.8,8.0,7.2,0.1,0,34.4,8.0,7.1,9.5,2.8,0
EMP-00858,Marketing,Entry,Full-time,Remote,33,1.1,40700,7.0,12.4,8.7,0.1,1,40.4,5.3,6.0,5.9,4.7,0
EMP-00859,Sales,Manager,Full-time,Hybrid,35,8.6,100700,6.9,10.9,8.2,5.6,2,21.7,4.7,5.9,10.0,8.7,0
EMP-00860,Customer Success,Mid,Full-time,Hybrid,24,2.4,49900,8.2,12.0,6.4,2.0,0,0.0,4.9,7.1,8.3,10.4,1
EMP-00861,Finance,Senior,Full-time,Hybrid,42,8.0,101000,4.1,2.2,7.1,6.1,2,24.2,5.7,7.1,8.2,2.7,0
EMP-00862,Finance,Mid,Full-time,On-site,40,3.6,54600,3.8,0.0,5.1,0.1,1,31.1,6.2,6.6,7.9,4.9,0
EMP-00863,Engineering,Entry,Full-time,Hybrid,26,1.3,67100,7.0,21.5,6.1,0.1,0,38.2,5.9,6.2,5.5,2.2,0
EMP-00864,Finance,Mid,Part-time,On-site,38,8.7,63800,6.9,6.6,5.7,3.8,2,27.9,5.5,5.7,5.6,7.6,0
EMP-00865,Operations,Mid,Full-time,On-site,35,4.7,65000,6.4,6.1,6.8,1.7,1,32.0,8.7,8.0,7.1,2.3,0
EMP-00866,Engineering,Entry,Full-time,On-site,31,3.3,52600,7.3,10.0,8.3,0.9,0,26.2,6.7,7.6,6.0,8.6,0
EMP-00867,Operations,Mid,Full-time,Remote,21,1.9,68500,9.6,22.6,9.3,0.1,1,16.8,6.0,6.7,6.8,11.6,0
EMP-00868,Engineering,Mid,Full-time,Hybrid,36,4.0,58800,6.2,12.5,4.9,0.1,1,42.7,7.0,7.0,6.9,10.1,0
EMP-00869,Engineering,Manager,Full-time,Hybrid,46,9.4,124900,6.3,11.2,5.4,6.6,3,23.4,6.5,6.1,6.2,2.3,0
EMP-00870,Finance,Senior,Full-time,Hybrid,37,7.1,90700,7.6,19.4,6.8,4.0,2,40.6,4.6,6.0,6.5,7.9,1
EMP-00871,Operations,Entry,Full-time,Hybrid,29,2.8,42200,7.5,29.9,6.1,0.8,0,48.2,6.7,5.5,4.1,11.9,0
EMP-00872,Finance,Entry,Part-time,Remote,27,1.9,44200,5.4,0.0,7.4,0.1,0,15.9,7.6,6.7,6.4,9.6,0
EMP-00873,Finance,Mid,Full-time,On-site,34,6.9,61900,8.5,25.7,7.1,4.6,1,1.7,6.1,5.2,6.0,10.7,0
EMP-00874,Engineering,Entry,Full-time,Hybrid,23,0.2,75100,6.5,2.4,8.7,0.1,0,38.0,6.8,5.7,4.9,1.8,1
EMP-00875,Finance,Manager,Full-time,Remote,33,8.5,117000,6.5,9.7,5.6,6.7,3,12.9,4.7,5.3,7.0,6.3,1
EMP-00876,Customer Success,Manager,Full-time,Hybrid,48,8.8,101500,7.5,11.6,8.4,3.1,2,28.7,6.7,7.8,5.2,10.0,0
EMP-00877,Engineering,Mid,Full-time,Remote,42,5.1,74400,7.5,23.6,9.4,2.6,1,33.1,6.6,8.8,6.6,13.3,0
EMP-00878,Operations,Entry,Full-time,On-site,36,3.2,56500,6.9,24.2,8.7,0.1,1,27.9,5.9,5.8,7.0,7.8,0
EMP-00879,Engineering,Mid,Full-time,On-site,37,5.2,68100,6.4,5.2,7.1,1.7,2,19.4,6.0,7.1,6.1,6.3,0
EMP-00880,Customer Success,Senior,Full-time,Hybrid,41,7.4,98600,6.3,6.4,9.3,4.0,3,40.4,7.9,7.0,7.8,1.8,0
EMP-00881,Customer Success,Mid,Full-time,Hybrid,21,2.4,70200,4.9,7.3,10.0,0.1,0,27.7,7.4,8.1,9.6,6.8,0
EMP-00882,Marketing,Senior,Full-time,Hybrid,41,7.4,103900,6.1,15.0,7.5,3.7,2,32.4,4.6,5.3,9.2,10.9,1
EMP-00883,Operations,Senior,Full-time,Hybrid,25,4.2,93900,6.7,15.6,8.1,0.5,1,35.1,6.3,5.7,5.8,10.4,0
EMP-00884,Operations,Entry,Full-time,Remote,27,1.3,34300,5.8,12.6,6.7,0.1,0,32.5,5.9,6.3,6.8,6.9,0
EMP-00885,Engineering,Mid,Part-time,On-site,26,4.5,67900,7.7,5.4,6.0,0.3,2,26.7,5.5,3.7,7.7,4.0,0
EMP-00886,Sales,Mid,Full-time,Hybrid,21,0.2,57800,6.2,16.5,7.2,0.3,1,0.0,5.0,6.3,6.0,11.4,1
EMP-00887,Customer Success,Manager,Full-time,Hybrid,40,10.5,95600,8.4,17.2,2.8,6.6,3,30.1,6.0,4.4,7.1,14.2,1
EMP-00888,Sales,Senior,Full-time,Hybrid,34,4.5,96800,7.3,8.9,7.9,2.7,1,32.7,5.5,5.1,7.3,6.4,0
EMP-00889,Marketing,Entry,Full-time,Remote,21,0.4,41600,8.2,7.5,7.2,0.1,0,15.7,6.0,6.7,6.8,10.8,0
EMP-00890,Finance,Mid,Full-time,Hybrid,21,4.9,82100,6.0,0.0,5.1,2.6,2,7.7,6.0,6.5,6.4,4.8,0
EMP-00891,Customer Success,Mid,Full-time,On-site,33,5.1,60000,6.5,14.2,7.7,2.3,1,37.3,6.5,6.1,7.9,3.1,0
EMP-00892,Finance,Manager,Full-time,Remote,46,9.0,104600,6.4,0.0,9.1,4.7,2,27.2,6.1,7.8,6.1,7.3,0
EMP-00893,Customer Success,Senior,Full-time,Remote,37,6.4,92200,8.9,17.1,9.6,4.0,1,43.3,6.3,5.1,7.0,4.3,1
EMP-00894,Operations,Senior,Full-time,Remote,30,4.7,72700,7.2,19.4,6.5,3.7,2,13.7,6.1,5.6,6.2,9.9,1
EMP-00895,Operations,Entry,Full-time,Hybrid,34,2.1,54100,5.6,4.9,6.0,0.1,0,32.9,6.6,5.7,5.1,8.3,0
EMP-00896,Operations,Mid,Full-time,Hybrid,33,3.4,62100,6.3,13.1,3.5,0.1,0,15.9,5.9,4.3,7.1,12.8,1
EMP-00897,HR,Senior,Full-time,Hybrid,38,5.4,80700,7.9,10.0,7.3,0.1,1,20.4,7.5,7.3,6.5,4.2,0
EMP-00898,Marketing,Mid,Full-time,Hybrid,33,4.6,55000,5.5,4.7,7.7,0.5,1,17.8,6.4,5.8,8.4,5.8,0
EMP-00899,Marketing,Manager,Full-time,On-site,42,8.8,99700,6.7,3.6,7.4,6.7,2,15.8,5.7,6.9,7.8,2.0,1
EMP-00900,Operations,Entry,Full-time,On-site,31,3.5,38800,5.2,5.2,8.8,0.1,1,35.2,7.3,7.5,6.5,4.0,0
EMP-00901,Finance,Senior,Full-time,Hybrid,34,4.4,86200,8.1,14.2,6.2,4.0,2,26.4,6.3,4.8,6.2,3.7,0
EMP-00902,HR,Senior,Full-time,Hybrid,38,7.0,68400,7.2,9.7,7.1,2.1,2,15.2,5.8,5.5,8.7,4.2,0
EMP-00903,Customer Success,Manager,Full-time,Hybrid,37,7.8,122200,4.3,5.3,7.5,5.4,2,14.8,6.0,6.1,7.9,6.7,0
EMP-00904,Sales,Senior,Full-time,On-site,43,7.8,87800,5.5,10.0,6.3,4.5,2,36.4,6.3,7.0,7.4,5.1,0
EMP-00905,Engineering,Mid,Full-time,On-site,26,3.7,81000,5.9,16.3,10.0,2.1,1,16.7,6.9,5.3,7.6,5.4,0
EMP-00906,HR,Mid,Full-time,On-site,29,0.2,59500,4.3,0.0,7.8,0.1,0,29.4,8.0,6.0,6.1,5.4,0
EMP-00907,Engineering,Entry,Full-time,Hybrid,28,0.2,73700,8.5,18.1,9.9,0.1,0,32.2,6.0,7.1,6.7,5.7,1
EMP-00908,HR,Entry,Full-time,On-site,25,0.9,50200,5.0,0.0,5.0,0.1,0,30.5,6.1,5.6,6.7,4.5,1
EMP-00909,Sales,Mid,Full-time,Remote,28,3.0,58100,6.8,0.7,8.2,0.1,0,25.8,8.1,8.1,7.2,2.5,0
EMP-00910,HR,Mid,Full-time,Remote,34,3.1,72000,4.7,2.1,8.8,0.1,1,21.1,7.1,5.4,7.0,0.5,0
EMP-00911,Engineering,Mid,Full-time,Hybrid,43,4.3,77300,6.8,9.2,4.3,1.2,2,16.5,8.1,5.8,5.7,6.9,0
EMP-00912,Sales,Mid,Full-time,Hybrid,37,4.5,63400,8.4,18.0,9.3,1.9,1,32.4,6.5,4.8,7.5,14.7,0
EMP-00913,Operations,Mid,Full-time,Hybrid,36,4.0,55200,7.8,10.9,7.5,0.1,1,19.1,4.6,6.7,7.4,10.0,0
EMP-00914,Customer Success,Entry,Full-time,Hybrid,30,2.1,33700,6.9,0.0,8.0,0.1,0,26.8,5.7,7.5,7.6,5.6,0
EMP-00915,Customer Success,Senior,Part-time,Hybrid,31,6.8,92400,6.4,3.9,6.8,2.6,1,8.1,5.8,6.7,7.0,10.1,0
EMP-00916,Engineering,Entry,Full-time,On-site,27,1.5,38200,4.2,0.0,9.1,0.1,0,35.1,7.9,10.0,9.6,0.0,0
EMP-00917,Engineering,Mid,Full-time,Remote,28,1.6,77600,6.6,1.8,7.0,0.1,0,20.0,6.9,5.5,7.3,8.8,1
EMP-00918,Operations,Senior,Full-time,Remote,38,7.8,70800,4.6,3.7,6.5,5.1,2,38.3,7.0,6.2,8.1,3.3,1
EMP-00919,Finance,Entry,Full-time,Hybrid,33,2.1,32500,5.8,9.6,6.7,1.9,0,28.3,6.3,7.4,9.0,14.5,0
EMP-00920,Operations,Senior,Full-time,On-site,41,5.3,80800,7.7,14.2,9.4,2.8,1,1.0,7.3,6.3,6.7,13.9,0
EMP-00921,Sales,Manager,Full-time,Hybrid,37,7.4,106000,6.8,7.9,6.7,2.6,2,26.1,5.2,3.8,7.4,11.6,0
EMP-00922,Customer Success,Mid,Full-time,Hybrid,36,3.5,59100,6.9,10.7,7.4,3.3,1,18.1,5.5,7.4,6.6,6.5,0
EMP-00923,HR,Mid,Full-time,Hybrid,37,3.3,65900,7.0,11.6,7.3,1.1,0,35.0,6.2,6.1,7.1,8.7,1
EMP-00924,HR,Mid,Full-time,Remote,32,4.3,52500,6.9,5.5,5.3,0.1,2,10.7,6.4,7.0,6.9,5.2,0
EMP-00925,Finance,Entry,Full-time,Hybrid,23,3.5,44000,4.7,0.0,4.6,0.2,2,37.0,5.2,7.4,7.3,0.0,0
EMP-00926,Marketing,Mid,Full-time,Hybrid,27,4.5,79400,6.1,3.7,6.6,3.5,2,33.9,5.9,6.8,9.0,9.9,0
EMP-00927,Engineering,Entry,Full-time,Hybrid,21,0.2,63600,4.7,0.0,6.7,0.1,0,19.4,7.5,7.2,8.1,6.5,0
EMP-00928,Sales,Manager,Full-time,Hybrid,31,6.9,113800,8.1,14.6,6.8,6.7,1,11.4,5.4,5.3,7.1,3.6,1
EMP-00929,Finance,Entry,Full-time,On-site,31,2.2,59400,3.9,0.0,7.8,2.2,0,11.8,6.3,8.5,6.9,7.3,0
EMP-00930,Customer Success,Senior,Full-time,Hybrid,40,6.9,89000,8.5,7.1,5.8,2.5,1,41.0,4.2,5.0,6.0,3.8,1
EMP-00931,Sales,Entry,Full-time,Hybrid,24,0.8,31700,7.5,15.7,7.2,0.1,0,27.9,4.8,4.4,6.3,8.9,1
EMP-00932,Marketing,Manager,Full-time,Hybrid,40,7.6,96500,7.9,6.5,5.5,6.6,2,17.9,5.6,3.8,6.6,6.8,1
EMP-00933,Sales,Entry,Full-time,Hybrid,21,1.2,47000,4.6,10.8,6.0,0.1,1,33.5,6.2,7.6,7.7,0.3,0
EMP-00934,HR,Mid,Full-time,On-site,28,1.8,70700,8.2,9.0,3.6,0.5,0,11.5,4.4,5.5,2.8,8.3,0
EMP-00935,Engineering,Entry,Full-time,Hybrid,23,0.2,46700,7.8,6.2,7.7,0.1,1,18.5,6.7,5.2,5.6,6.8,1
EMP-00936,Marketing,Mid,Full-time,Hybrid,24,2.4,66300,3.9,10.2,4.6,0.1,0,22.6,8.0,6.5,6.0,0.0,0
EMP-00937,Customer Success,Senior,Full-time,Remote,31,7.1,87100,5.5,9.0,5.7,0.7,2,29.9,8.2,6.4,9.0,8.1,0
EMP-00938,Marketing,Mid,Full-time,Hybrid,36,5.5,66800,2.0,0.0,6.6,4.5,1,24.5,8.7,8.2,8.8,1.9,0
EMP-00939,Customer Success,Entry,Full-time,Hybrid,34,2.8,45800,6.3,7.3,5.5,0.1,0,41.4,6.1,5.7,4.7,10.7,0
EMP-00940,Sales,Mid,Full-time,Hybrid,37,4.4,79300,5.5,13.4,9.5,1.1,1,39.6,6.5,5.1,7.3,8.0,0
EMP-00941,Marketing,Senior,Full-time,Hybrid,46,10.6,100600,6.8,4.3,7.1,9.2,3,31.7,7.4,5.6,8.3,1.0,0
EMP-00942,HR,Senior,Full-time,Hybrid,31,6.4,82300,5.5,0.0,4.2,1.5,2,18.7,5.3,7.2,6.4,2.1,0
EMP-00943,Marketing,Senior,Part-time,Remote,28,4.5,80500,8.0,19.0,8.4,0.1,1,34.6,8.0,6.4,7.4,8.9,1
EMP-00944,Engineering,Senior,Full-time,Hybrid,37,3.6,93800,7.7,0.1,10.0,0.1,1,44.0,7.1,8.0,7.8,7.8,0
EMP-00945,Engineering,Senior,Full-time,Hybrid,42,9.6,87300,4.6,0.0,7.4,4.7,3,18.2,7.5,7.4,9.4,5.3,0
EMP-00946,Engineering,Mid,Full-time,Hybrid,32,4.1,57200,7.7,11.0,6.7,0.1,1,22.0,4.3,6.1,6.4,7.7,1
EMP-00947,Sales,Mid,Full-time,Remote,26,3.9,79200,5.1,0.0,6.9,1.1,1,13.7,9.2,9.8,5.7,2.5,0
EMP-00948,Engineering,Senior,Part-time,Hybrid,40,6.4,108900,6.0,0.0,7.4,3.2,1,28.9,7.3,6.8,7.2,4.5,0
EMP-00949,HR,Mid,Full-time,Remote,36,5.6,69500,5.7,11.0,8.5,1.9,1,12.7,8.0,6.4,7.4,6.4,0
EMP-00950,Sales,Mid,Full-time,Hybrid,34,5.2,65000,5.8,5.4,4.6,0.1,1,19.8,5.2,5.4,5.9,4.0,0
EMP-00951,Customer Success,Mid,Full-time,On-site,38,4.2,81500,7.6,19.2,7.2,1.7,2,20.5,6.6,4.1,6.8,2.6,1
EMP-00952,Engineering,Entry,Full-time,Hybrid,24,0.2,56600,7.6,4.2,8.4,0.1,0,50.9,8.5,7.4,6.8,9.0,0
EMP-00953,Sales,Manager,Full-time,Hybrid,40,9.3,95800,2.1,0.0,6.4,4.8,2,19.5,7.7,6.8,7.2,1.5,0
EMP-00954,Finance,Mid,Full-time,On-site,24,1.0,65100,6.9,9.7,6.8,0.1,0,27.9,6.7,7.8,6.6,13.8,0
EMP-00955,Customer Success,Entry,Full-time,Hybrid,35,0.9,50400,7.3,15.4,9.8,0.1,0,31.8,7.0,7.4,7.8,11.0,0
EMP-00956,Engineering,Senior,Full-time,Remote,41,8.3,74500,6.4,9.6,4.0,5.1,2,15.7,5.6,5.6,6.3,5.5,0
EMP-00957,Operations,Mid,Full-time,Hybrid,38,7.1,70500,7.0,20.7,8.1,5.3,2,42.4,5.5,4.0,5.3,9.8,0
EMP-00958,HR,Manager,Full-time,Remote,45,10.4,95300,8.7,7.6,5.6,7.1,3,25.0,5.9,6.2,8.1,13.6,1
EMP-00959,Sales,Entry,Full-time,Hybrid,21,3.5,51100,6.6,4.3,5.2,0.1,1,31.1,6.2,5.8,5.0,7.4,0
EMP-00960,Sales,Mid,Full-time,Remote,34,6.2,64800,6.3,11.4,5.3,5.3,2,9.9,7.6,7.1,6.5,5.7,0
EMP-00961,Operations,Entry,Full-time,Hybrid,23,0.2,39900,5.5,0.0,5.7,0.1,0,23.9,7.0,8.8,8.9,5.4,1
EMP-00962,Customer Success,Mid,Full-time,Hybrid,30,1.2,68100,6.9,4.2,5.6,0.1,0,18.9,5.2,5.9,6.3,5.4,0
EMP-00963,Engineering,Entry,Full-time,On-site,21,0.2,58300,5.0,2.3,8.5,0.1,0,41.7,6.3,6.7,6.9,1.0,0
EMP-00964,Engineering,Entry,Full-time,Hybrid,27,0.6,56900,6.6,6.7,5.1,0.1,0,31.1,4.9,5.9,6.2,5.5,0
EMP-00965,HR,Mid,Full-time,Hybrid,28,2.2,61600,4.2,0.6,8.3,0.1,0,25.0,9.3,8.2,7.4,4.2,0
EMP-00966,Marketing,Entry,Full-time,Hybrid,25,1.7,36500,5.0,3.4,3.5,0.9,0,22.9,6.6,5.2,6.1,4.4,0
EMP-00967,Customer Success,Mid,Full-time,On-site,44,7.8,67400,4.0,2.0,5.8,5.4,3,37.4,5.5,8.1,6.8,8.3,1
EMP-00968,Engineering,Mid,Full-time,On-site,40,3.9,70400,2.0,3.8,6.2,0.8,2,25.6,9.0,6.7,7.6,2.0,0
EMP-00969,HR,Manager,Full-time,Hybrid,49,10.7,99300,6.4,13.7,6.4,6.5,3,44.7,5.4,5.7,9.0,10.0,0
EMP-00970,Sales,Mid,Full-time,Remote,33,2.7,78900,4.2,6.7,7.4,0.1,1,19.0,6.6,7.8,8.7,9.0,0
EMP-00971,Sales,Mid,Full-time,Hybrid,32,4.5,68300,5.3,0.0,6.8,1.1,1,20.9,10.0,8.1,6.3,2.4,0
EMP-00972,Operations,Mid,Full-time,Hybrid,33,3.7,64600,7.5,11.8,8.5,1.4,1,10.8,7.0,5.6,5.9,9.3,0
EMP-00973,Operations,Senior,Full-time,Hybrid,33,5.0,83900,4.8,11.4,6.7,0.1,1,47.8,6.0,5.5,5.7,1.4,0
EMP-00974,Engineering,Senior,Full-time,On-site,29,7.5,92700,7.2,12.6,5.7,2.0,2,29.6,4.8,3.9,6.5,8.7,0
EMP-00975,Finance,Mid,Full-time,On-site,33,3.8,59400,6.3,5.4,5.6,0.1,1,13.9,7.6,6.1,7.9,5.1,0
EMP-00976,Sales,Mid,Full-time,Hybrid,32,3.5,68500,4.8,0.0,7.6,2.2,1,24.3,6.5,7.9,7.0,0.0,0
EMP-00977,HR,Mid,Full-time,On-site,45,4.2,73500,6.7,13.5,7.0,0.1,1,13.1,6.4,6.8,7.5,7.3,1
EMP-00978,Sales,Manager,Full-time,Hybrid,37,8.3,111000,4.4,0.0,9.5,6.2,2,21.3,6.9,8.0,10.0,4.7,0
EMP-00979,Sales,Manager,Full-time,Hybrid,44,7.5,111900,2.0,0.0,5.7,5.1,2,32.9,6.4,6.2,6.9,0.0,0
EMP-00980,Marketing,Senior,Full-time,Hybrid,36,6.3,84900,5.6,2.9,6.3,2.0,1,28.6,8.0,5.5,7.2,9.2,0
EMP-00981,HR,Mid,Full-time,On-site,31,0.5,65300,6.9,4.8,6.8,0.1,0,28.3,7.4,7.5,7.7,5.5,0
EMP-00982,Marketing,Entry,Full-time,On-site,22,1.4,45900,4.4,0.0,4.7,0.1,0,26.3,6.3,7.0,5.6,1.6,0
EMP-00983,Finance,Mid,Full-time,Hybrid,36,3.5,63800,6.3,0.8,2.7,2.6,2,16.9,5.6,5.5,5.4,4.4,0
EMP-00984,Engineering,Senior,Full-time,Hybrid,36,6.6,118000,5.1,0.0,8.0,2.5,1,8.7,6.6,8.1,5.5,6.1,0
EMP-00985,Sales,Mid,Full-time,On-site,36,6.4,72500,5.2,0.0,4.2,3.8,1,19.6,5.1,5.5,5.2,8.1,0
EMP-00986,Operations,Senior,Full-time,On-site,40,7.4,83000,4.9,1.7,7.4,4.7,2,35.8,7.9,9.0,7.5,4.9,0
EMP-00987,Engineering,Entry,Full-time,On-site,39,3.1,48500,7.9,15.2,7.3,0.1,0,17.7,5.2,3.7,6.6,5.4,0
EMP-00988,HR,Mid,Full-time,On-site,23,3.0,62700,6.4,6.5,7.4,2.3,1,36.8,6.8,8.5,8.1,9.4,0
EMP-00989,HR,Entry,Full-time,Hybrid,21,1.7,36600,6.0,5.9,5.3,0.3,1,52.7,5.0,4.8,5.3,4.8,0
EMP-00990,Finance,Mid,Full-time,Hybrid,33,3.2,63600,4.3,6.2,9.8,0.1,1,8.4,7.2,5.1,7.9,2.4,1
EMP-00991,Sales,Entry,Full-time,Hybrid,28,0.2,52700,3.3,4.3,4.9,0.1,0,22.5,7.4,6.6,5.7,1.1,0
EMP-00992,HR,Entry,Full-time,Hybrid,23,0.2,37000,7.1,16.6,3.9,0.1,0,37.0,6.8,5.7,4.0,9.2,0
EMP-00993,Operations,Senior,Full-time,Hybrid,38,5.7,91900,6.9,14.4,5.6,2.9,1,21.2,6.3,5.2,5.9,8.6,0
EMP-00994,Marketing,Senior,Full-time,Hybrid,30,6.9,77400,5.6,5.2,6.4,5.7,1,12.8,5.1,8.2,9.1,2.0,1
EMP-00995,Engineering,Senior,Full-time,Hybrid,36,8.9,85500,5.0,3.0,7.3,3.7,3,33.5,6.9,5.8,7.3,3.6,0
EMP-00996,Finance,Mid,Full-time,Hybrid,32,2.4,80300,6.7,0.0,5.7,0.9,1,8.7,6.9,8.1,8.1,10.6,0
EMP-00997,Operations,Mid,Full-time,Hybrid,24,4.6,73900,6.3,7.9,6.9,5.4,1,20.5,6.2,6.4,8.8,7.1,0
EMP-00998,Sales,Entry,Full-time,Hybrid,21,2.0,58400,6.1,14.4,7.5,0.1,0,40.4,5.3,7.1,4.8,3.4,0
EMP-00999,Sales,Entry,Full-time,Hybrid,23,0.2,52600,4.3,0.0,5.7,0.1,0,40.1,7.7,5.8,5.6,3.3,0
EMP-01000,Customer Success,Manager,Full-time,Hybrid,49,9.7,106400,7.2,4.8,9.2,8.8,2,26.6,6.0,6.2,8.9,12.5,1
EMP-01001,Operations,Mid,Full-time,Hybrid,33,7.5,62500,8.2,13.9,8.9,3.1,3,25.2,7.3,6.6,8.4,12.1,0
EMP-01002,Engineering,Senior,Full-time,On-site,31,6.1,114900,6.2,0.0,7.1,2.5,1,10.1,7.6,8.8,7.0,5.8,0
EMP-01003,Marketing,Mid,Full-time,Hybrid,32,5.9,69400,5.7,14.1,7.2,0.6,2,38.1,7.5,8.0,7.2,3.6,0
EMP-01004,Finance,Senior,Full-time,On-site,34,4.1,101900,6.0,13.8,7.4,2.2,1,18.0,5.7,6.0,6.5,4.7,0
EMP-01005,Marketing,Mid,Full-time,On-site,21,5.2,62200,7.6,9.1,8.7,4.4,2,9.4,5.3,5.9,6.6,9.2,0
EMP-01006,Engineering,Senior,Full-time,On-site,28,4.5,90000,5.8,3.3,8.9,0.4,2,23.4,8.6,9.3,7.3,4.8,0
EMP-01007,HR,Mid,Full-time,Hybrid,31,5.7,56000,7.1,1.4,6.4,3.6,1,12.7,5.2,6.4,8.2,3.6,0
EMP-01008,Engineering,Entry,Full-time,Hybrid,38,4.6,53600,9.2,8.8,6.9,0.4,1,25.2,6.5,6.8,7.0,6.8,0
EMP-01009,Operations,Mid,Full-time,On-site,29,2.1,80200,8.3,15.5,5.5,0.1,0,21.8,6.0,6.3,6.9,7.3,0
EMP-01010,Engineering,Mid,Full-time,On-site,27,2.0,82400,5.5,12.3,4.9,0.1,1,26.6,7.8,8.2,6.8,2.1,0
EMP-01011,Marketing,Senior,Full-time,On-site,37,9.8,96100,4.2,4.0,9.3,8.5,2,23.2,7.4,8.1,9.8,3.0,0
EMP-01012,Sales,Senior,Full-time,Hybrid,43,9.3,101700,6.8,16.7,5.4,4.5,2,11.8,5.9,7.1,6.5,7.9,0
EMP-01013,Sales,Mid,Full-time,Hybrid,35,7.9,63400,7.4,17.1,6.3,3.1,2,30.2,4.2,5.1,6.5,8.1,1
EMP-01014,Operations,Mid,Full-time,Hybrid,32,4.9,53700,6.3,4.5,5.3,1.0,1,23.5,6.3,5.8,6.9,0.0,0
EMP-01015,Customer Success,Mid,Full-time,Hybrid,34,6.6,56600,4.5,15.1,5.5,4.2,1,24.6,5.8,6.0,7.4,6.4,1
EMP-01016,Customer Success,Senior,Full-time,Remote,33,5.5,83900,5.8,4.9,7.9,3.1,2,37.5,5.9,6.9,8.4,4.1,0
EMP-01017,Finance,Senior,Full-time,On-site,43,8.4,80600,4.3,0.0,7.7,2.6,3,30.4,6.4,7.7,6.8,4.8,0
EMP-01018,Engineering,Mid,Part-time,On-site,34,6.3,68100,4.6,0.0,7.2,3.5,1,13.5,10.0,8.0,7.6,3.7,0
EMP-01019,Marketing,Mid,Full-time,Hybrid,36,6.7,60900,7.4,6.5,7.4,5.0,1,28.0,7.7,6.7,9.8,12.3,0
EMP-01020,HR,Senior,Full-time,Hybrid,37,6.7,102300,6.5,19.7,6.6,2.1,1,3.4,7.6,7.2,6.4,5.0,0
EMP-01021,Customer Success,Mid,Full-time,Hybrid,38,4.8,75100,6.0,0.0,5.5,2.0,1,23.3,7.6,4.7,7.4,0.0,0
EMP-01022,Operations,Entry,Full-time,Hybrid,38,3.9,30000,6.4,9.8,7.7,0.1,1,32.4,4.6,5.5,5.7,7.7,0
EMP-01023,Sales,Mid,Full-time,On-site,31,6.5,66700,4.0,0.0,9.9,3.2,1,9.7,8.0,7.6,9.7,0.0,0
EMP-01024,Finance,Entry,Full-time,Hybrid,27,0.5,53600,10.0,9.3,5.9,0.1,0,38.3,3.9,4.2,3.5,8.2,1
EMP-01025,Sales,Entry,Full-time,On-site,21,1.2,41900,5.7,5.8,9.2,0.1,1,23.9,8.1,7.6,4.8,10.4,0
EMP-01026,Engineering,Senior,Full-time,On-site,45,8.1,99600,4.9,4.7,7.8,2.6,2,30.6,7.4,8.4,8.1,3.6,0
EMP-01027,Finance,Senior,Full-time,Remote,39,6.3,94500,6.2,0.0,5.4,1.6,1,29.4,6.4,5.9,8.0,10.1,0
EMP-01028,Engineering,Entry,Full-time,On-site,26,1.9,57400,4.9,4.9,8.0,2.2,0,29.9,6.5,8.1,6.7,5.2,0
EMP-01029,HR,Entry,Full-time,Remote,31,0.2,52700,7.2,12.0,4.6,0.1,0,21.8,6.5,6.2,5.2,3.7,0
EMP-01030,Marketing,Entry,Part-time,On-site,33,2.0,42400,5.6,7.6,7.9,0.1,0,45.8,7.7,8.1,8.6,3.1,0
EMP-01031,Sales,Entry,Full-time,Remote,23,3.3,56300,6.0,0.0,6.8,0.1,0,3.6,6.4,7.6,6.1,2.7,0
EMP-01032,Finance,Senior,Full-time,On-site,39,8.0,83600,9.0,18.8,6.9,5.5,2,9.3,5.1,4.8,7.9,3.5,1
EMP-01033,Engineering,Entry,Full-time,On-site,31,1.7,60200,7.4,17.2,8.8,0.1,1,26.0,5.7,4.7,4.1,4.5,1
EMP-01034,Marketing,Entry,Full-time,On-site,26,1.3,49800,5.5,0.0,9.4,0.1,1,22.4,8.5,7.6,5.0,4.8,0
EMP-01035,Operations,Senior,Full-time,Hybrid,44,6.8,71900,7.5,11.0,5.9,1.9,1,26.4,6.4,6.6,7.2,8.0,0
EMP-01036,Operations,Senior,Part-time,Hybrid,42,9.1,95800,6.7,9.5,8.3,5.4,2,14.1,7.9,8.3,9.3,4.5,0
EMP-01037,Engineering,Senior,Full-time,Hybrid,46,5.0,77200,5.9,11.2,6.8,1.2,1,36.3,6.6,6.0,5.0,2.8,0
EMP-01038,Engineering,Manager,Full-time,Remote,32,6.0,122000,5.0,1.1,10.0,0.9,1,30.6,7.2,7.2,7.1,2.8,0
EMP-01039,Marketing,Mid,Full-time,Hybrid,28,3.2,75300,6.3,1.8,8.4,0.7,0,18.8,6.4,7.0,7.1,5.4,0
EMP-01040,Sales,Senior,Full-time,On-site,46,7.5,80000,6.1,0.0,7.0,3.4,2,11.7,7.8,7.0,7.4,3.7,0
EMP-01041,HR,Manager,Full-time,Hybrid,31,5.9,89500,5.9,11.7,6.4,3.4,1,23.6,6.0,6.8,6.9,6.3,0
EMP-01042,Finance,Manager,Full-time,Hybrid,45,9.2,100200,2.7,0.0,9.1,7.1,3,28.3,9.0,8.5,6.3,2.0,0
EMP-01043,Finance,Entry,Full-time,Hybrid,21,0.2,68600,6.9,12.6,5.1,0.1,0,30.7,6.4,6.4,5.8,0.7,0
EMP-01044,Operations,Senior,Full-time,Hybrid,26,5.1,83300,5.8,9.0,6.7,3.0,2,9.4,6.7,7.6,6.3,4.5,0
EMP-01045,Operations,Mid,Full-time,Remote,27,3.3,67500,5.8,2.3,10.0,0.7,1,16.3,7.8,5.9,8.3,4.1,0
EMP-01046,Customer Success,Senior,Full-time,On-site,35,7.7,90600,8.6,7.2,5.2,4.1,2,13.5,4.9,7.5,7.3,6.7,0
EMP-01047,Finance,Entry,Full-time,Hybrid,30,2.8,49700,6.0,5.7,9.1,2.8,1,35.7,8.4,7.0,7.4,3.3,0
EMP-01048,Engineering,Senior,Full-time,On-site,38,5.6,100200,6.3,2.4,7.7,3.3,1,28.9,6.8,5.7,6.6,0.0,0
EMP-01049,HR,Senior,Full-time,Remote,49,12.2,91300,3.8,0.0,8.1,8.6,3,26.6,7.4,6.8,8.6,1.3,0
EMP-01050,Operations,Entry,Full-time,Hybrid,31,3.1,46400,3.0,0.0,7.6,0.3,1,12.2,9.0,7.5,7.4,1.0,0
EMP-01051,Engineering,Entry,Full-time,On-site,33,2.9,50500,6.7,4.6,10.0,1.3,0,22.6,7.6,8.9,7.6,8.3,0
EMP-01052,Sales,Mid,Full-time,Hybrid,39,5.9,67400,7.5,9.3,5.5,2.4,1,44.5,5.2,6.1,6.9,10.6,0
EMP-01053,Operations,Senior,Full-time,Remote,34,5.2,91600,7.7,17.0,5.9,2.7,1,27.3,7.8,4.7,6.2,6.9,0
EMP-01054,Finance,Senior,Full-time,On-site,33,6.3,86500,6.3,7.9,8.5,5.2,1,1.9,6.7,6.3,6.8,6.5,0
EMP-01055,Sales,Mid,Full-time,Hybrid,34,5.1,50800,5.7,1.6,4.4,1.2,1,34.8,6.4,7.0,6.2,3.4,1
EMP-01056,Sales,Manager,Full-time,Hybrid,34,7.2,112000,6.5,13.5,8.0,2.6,2,30.6,7.6,7.0,8.1,6.7,0
EMP-01057,Marketing,Senior,Full-time,Hybrid,39,7.2,72200,7.1,5.4,9.1,2.9,2,37.6,7.3,6.6,6.6,6.0,0
EMP-01058,Marketing,Mid,Full-time,Hybrid,37,5.1,72700,5.3,2.5,7.0,0.1,2,20.1,5.7,6.2,6.9,10.5,0
EMP-01059,Engineering,Manager,Full-time,Hybrid,50,8.6,113700,4.8,6.1,7.2,3.0,2,26.9,8.7,8.5,9.0,1.5,0
EMP-01060,Customer Success,Entry,Full-time,Remote,27,0.2,42800,8.3,18.1,7.7,0.1,0,28.1,3.9,5.8,6.3,10.0,1
EMP-01061,Operations,Mid,Full-time,Hybrid,24,2.4,67300,8.4,19.0,5.1,0.4,0,33.4,5.7,4.7,7.7,7.5,0
EMP-01062,Operations,Mid,Full-time,On-site,31,1.6,57900,8.5,7.5,5.6,0.1,1,23.6,6.4,7.5,7.5,2.4,0
EMP-01063,Marketing,Entry,Full-time,On-site,25,4.6,30000,5.0,2.6,7.5,0.2,1,14.3,7.5,8.0,8.5,8.7,0
EMP-01064,Operations,Mid,Full-time,Hybrid,32,4.5,66700,5.2,5.7,7.2,2.1,1,15.9,7.2,6.2,6.3,3.8,0
EMP-01065,Marketing,Senior,Full-time,On-site,44,8.7,102100,5.3,0.6,5.7,5.6,2,32.7,7.9,8.1,6.9,4.9,0
EMP-01066,Operations,Entry,Full-time,On-site,33,1.3,56700,7.2,12.4,6.6,0.1,0,31.2,7.2,6.0,6.6,3.6,0
EMP-01067,Sales,Senior,Part-time,On-site,38,7.2,90900,6.5,8.7,7.2,2.4,3,25.5,8.1,6.1,7.0,3.0,1
EMP-01068,Engineering,Senior,Full-time,Hybrid,38,7.2,90300,4.5,3.0,5.6,4.4,2,28.4,5.8,6.2,7.3,10.6,0
EMP-01069,Engineering,Senior,Full-time,On-site,44,9.1,102100,6.8,0.0,5.8,5.5,2,31.7,7.8,6.8,6.2,4.4,0
EMP-01070,Finance,Senior,Full-time,Hybrid,47,7.6,75900,8.0,9.3,6.7,3.4,2,24.4,6.0,6.5,5.5,3.5,1
EMP-01071,Engineering,Senior,Full-time,On-site,41,7.3,109500,6.0,11.1,9.1,4.5,2,28.1,5.8,5.9,6.9,4.3,0
EMP-01072,Operations,Senior,Full-time,On-site,34,5.8,73100,7.3,26.2,6.7,0.1,1,49.4,4.9,5.1,8.2,11.1,1
EMP-01073,Engineering,Entry,Full-time,Hybrid,24,1.1,47800,2.6,0.0,4.8,0.1,1,24.4,8.5,7.4,3.7,6.4,0
EMP-01074,Operations,Mid,Full-time,Hybrid,39,4.9,71800,5.8,1.5,6.2,3.7,2,27.6,7.2,5.5,6.2,0.9,0
EMP-01075,Sales,Manager,Full-time,Hybrid,47,9.4,104100,4.4,0.4,7.8,4.2,2,24.2,7.7,7.1,8.9,0.0,0
EMP-01076,Engineering,Manager,Full-time,Hybrid,37,7.5,123800,4.5,0.9,9.4,5.4,2,25.4,7.7,7.1,6.0,4.4,0
EMP-01077,Sales,Mid,Full-time,Remote,35,5.9,67600,4.9,4.9,9.9,1.5,1,33.9,7.4,7.7,7.2,4.3,0
EMP-01078,Engineering,Mid,Full-time,Hybrid,35,2.8,59800,5.0,0.0,7.4,0.8,1,24.2,7.4,9.1,7.6,4.1,0
EMP-01079,Engineering,Mid,Full-time,Hybrid,33,5.8,67600,4.2,0.5,9.4,2.4,1,4.9,6.8,6.1,9.0,0.1,0
EMP-01080,Engineering,Mid,Full-time,On-site,34,5.9,62200,4.2,3.7,6.7,2.1,2,33.5,8.0,8.2,6.3,8.5,0
EMP-01081,HR,Mid,Full-time,Hybrid,28,6.3,69300,3.9,0.0,6.5,3.1,2,13.8,6.0,7.1,8.2,1.9,0
EMP-01082,Customer Success,Entry,Full-time,Remote,24,0.2,63700,5.6,4.7,5.7,0.1,0,22.5,5.3,4.1,5.9,0.0,0
EMP-01083,Finance,Mid,Full-time,Hybrid,39,6.3,80600,6.7,5.7,9.0,4.0,1,35.4,6.4,7.2,6.0,6.1,0
EMP-01084,Engineering,Entry,Full-time,Hybrid,25,1.6,56900,8.2,18.5,6.4,0.1,0,22.4,6.7,6.8,6.5,13.1,0
EMP-01085,Engineering,Entry,Full-time,Hybrid,35,2.7,58200,4.4,0.0,5.0,0.1,0,28.5,9.0,7.1,8.3,8.7,0
EMP-01086,Finance,Entry,Full-time,Hybrid,31,2.8,46800,6.8,14.2,6.4,0.1,1,35.3,6.7,7.0,6.6,2.8,0
EMP-01087,Sales,Mid,Full-time,Hybrid,29,4.2,68800,5.7,7.2,6.7,0.1,1,16.8,6.1,6.9,8.2,5.5,0
EMP-01088,Sales,Mid,Full-time,Hybrid,31,5.0,61300,5.8,0.0,6.9,1.0,2,18.8,7.0,7.2,9.9,5.2,0
EMP-01089,Engineering,Mid,Full-time,On-site,37,4.0,72500,8.3,20.4,6.9,0.1,1,24.1,6.7,6.5,6.8,3.8,0
EMP-01090,Operations,Entry,Full-time,Remote,37,0.2,40600,6.3,4.4,6.1,0.1,0,30.5,5.8,6.6,5.3,7.8,0
EMP-01091,HR,Senior,Full-time,On-site,39,7.5,87500,6.5,4.2,7.5,3.6,2,23.2,7.2,7.5,7.8,6.3,0
EMP-01092,Sales,Senior,Full-time,On-site,34,8.4,102500,7.8,23.0,7.3,6.8,3,40.0,5.2,4.7,7.4,5.4,0
EMP-01093,Sales,Mid,Full-time,On-site,33,4.8,65200,6.0,7.0,6.7,1.7,2,11.3,6.6,4.6,6.9,7.8,0
EMP-01094,Sales,Entry,Full-time,Remote,23,1.6,56500,6.9,9.4,7.4,0.1,0,7.2,6.9,4.7,6.8,3.9,0
EMP-01095,Engineering,Senior,Full-time,Hybrid,40,9.5,97600,6.9,8.1,8.5,9.2,2,39.6,6.7,6.1,6.7,7.1,0
EMP-01096,Sales,Senior,Full-time,On-site,35,5.5,89200,4.3,0.0,6.6,0.1,1,28.9,8.8,6.7,7.5,5.5,0
EMP-01097,Operations,Mid,Full-time,Hybrid,31,3.8,62800,4.0,7.7,7.1,0.1,1,14.2,9.0,7.2,7.1,2.1,0
EMP-01098,Engineering,Senior,Full-time,Hybrid,21,2.4,110300,8.4,11.7,8.9,0.9,0,41.8,6.7,7.8,6.1,0.0,0
EMP-01099,Operations,Entry,Full-time,Remote,23,2.3,47400,7.8,8.8,10.0,0.1,1,17.3,7.6,7.5,8.0,3.9,0
EMP-01100,Engineering,Mid,Full-time,Hybrid,33,4.3,73700,8.3,13.2,7.4,0.4,1,34.8,5.4,6.1,6.5,7.2,0
EMP-01101,Customer Success,Mid,Full-time,On-site,36,2.7,69100,4.9,4.3,6.4,0.1,0,18.6,6.4,7.9,5.5,5.0,1
EMP-01102,Operations,Mid,Full-time,On-site,33,2.0,68500,4.8,0.8,8.7,1.5,0,32.0,6.1,6.5,8.3,7.2,0
EMP-01103,Sales,Mid,Full-time,Hybrid,38,5.3,58800,5.6,1.9,5.1,4.3,1,15.1,6.6,5.2,5.1,6.9,0
EMP-01104,Operations,Mid,Full-time,On-site,38,5.6,54200,5.6,8.4,7.5,2.5,2,13.1,7.1,7.3,9.0,3.9,0
EMP-01105,Operations,Entry,Full-time,Hybrid,33,0.3,40600,8.3,15.1,7.3,0.1,0,24.9,6.8,6.4,5.9,9.9,0
EMP-01106,Marketing,Mid,Full-time,Remote,32,3.2,61000,6.3,15.1,8.1,0.1,1,15.3,6.5,8.4,8.5,9.6,0
EMP-01107,Sales,Senior,Full-time,On-site,30,4.7,79000,6.0,12.8,8.2,0.1,1,8.7,5.8,7.5,5.0,6.2,0
EMP-01108,Engineering,Mid,Full-time,Hybrid,42,5.1,73400,3.6,4.8,5.8,4.2,1,15.3,6.8,6.6,6.3,7.3,0
EMP-01109,Finance,Mid,Full-time,On-site,35,3.9,56500,7.4,15.2,4.3,0.1,1,32.9,6.5,5.4,5.7,1.1,1
EMP-01110,Engineering,Mid,Full-time,Remote,32,6.7,78100,6.6,6.6,8.5,4.5,1,36.8,6.2,4.7,9.0,5.4,0
EMP-01111,Operations,Senior,Full-time,Hybrid,36,7.4,92900,6.2,7.0,4.2,5.8,2,43.7,5.0,2.9,5.7,2.2,1
EMP-01112,Operations,Entry,Full-time,Hybrid,22,1.3,36000,6.3,12.6,8.7,0.1,1,23.2,7.4,6.4,7.2,1.2,0
EMP-01113,Customer Success,Senior,Full-time,On-site,38,9.1,99900,5.1,7.2,8.0,6.2,2,42.4,6.1,6.8,8.1,0.0,1
EMP-01114,Marketing,Mid,Full-time,Remote,32,5.8,75900,5.8,6.3,7.4,4.7,1,14.0,7.0,7.6,7.3,4.7,0
EMP-01115,Marketing,Entry,Full-time,On-site,21,1.0,48000,7.3,8.9,7.1,0.1,1,38.5,6.4,8.4,6.7,5.5,0
EMP-01116,Sales,Mid,Full-time,Hybrid,37,8.0,66400,7.7,8.6,5.9,3.9,2,35.6,6.4,7.0,7.5,7.7,0
EMP-01117,Engineering,Mid,Part-time,Remote,42,5.2,86100,5.5,0.0,7.0,3.6,1,6.4,7.9,7.2,6.6,5.6,0
EMP-01118,Customer Success,Manager,Full-time,Hybrid,54,12.2,123600,7.8,15.9,7.3,9.0,3,20.8,4.4,6.0,6.3,7.7,0
EMP-01119,Customer Success,Senior,Full-time,Hybrid,39,6.8,105000,8.3,15.2,6.5,3.3,1,33.4,4.5,6.3,6.2,6.8,0
EMP-01120,Marketing,Senior,Full-time,On-site,34,7.1,96300,7.4,12.7,7.0,3.8,2,27.8,6.2,7.1,6.7,3.8,0
EMP-01121,Marketing,Manager,Full-time,Remote,33,5.7,92300,6.1,16.1,3.9,3.8,2,16.1,5.9,9.2,8.0,7.4,0
EMP-01122,Engineering,Mid,Full-time,Hybrid,30,3.1,60000,9.2,16.9,2.8,0.4,1,28.9,4.2,3.3,7.3,8.6,1
EMP-01123,HR,Entry,Full-time,On-site,21,0.8,51400,8.0,14.0,9.9,0.1,1,28.4,6.2,6.0,6.7,5.2,0
EMP-01124,Engineering,Entry,Full-time,On-site,21,2.2,54500,9.0,21.0,7.8,2.0,0,23.5,4.3,4.8,6.6,9.7,1
EMP-01125,Sales,Senior,Full-time,On-site,47,6.9,82700,4.8,0.0,8.4,2.2,2,19.3,7.1,8.5,8.8,6.3,0
EMP-01126,Engineering,Mid,Full-time,Hybrid,39,4.8,86300,6.3,11.0,5.7,2.3,1,0.0,6.6,8.4,7.6,6.8,0
EMP-01127,Customer Success,Senior,Full-time,Hybrid,37,7.4,78200,6.0,10.0,5.5,3.4,2,20.7,6.0,6.3,6.5,0.6,0
EMP-01128,HR,Mid,Full-time,Hybrid,32,3.5,77800,3.1,0.0,8.4,1.6,2,31.1,8.3,7.8,7.3,8.8,0
EMP-01129,Marketing,Entry,Full-time,Hybrid,28,2.2,37500,7.6,5.2,8.4,0.1,0,25.0,6.7,5.9,9.5,13.2,0
EMP-01130,Customer Success,Mid,Full-time,On-site,28,1.5,58000,7.8,16.1,6.9,0.1,0,21.3,5.9,7.4,8.1,8.7,0
EMP-01131,Operations,Entry,Full-time,Hybrid,21,0.2,35200,5.6,22.6,10.0,0.1,0,50.3,7.6,6.1,5.3,4.3,0
EMP-01132,HR,Entry,Full-time,Hybrid,28,3.1,47800,4.2,0.4,5.5,0.5,1,22.3,6.8,6.8,5.6,9.2,0
EMP-01133,Finance,Mid,Full-time,Hybrid,31,5.7,81500,7.2,4.3,6.7,1.6,1,28.2,5.9,6.2,7.2,8.9,0
EMP-01134,Operations,Manager,Full-time,Hybrid,40,7.3,106100,7.8,21.6,7.0,1.2,2,15.4,5.9,5.6,5.8,9.2,1
EMP-01135,HR,Manager,Full-time,Hybrid,26,4.4,106900,7.8,14.1,7.3,0.9,1,23.5,7.0,8.4,9.4,7.3,0
EMP-01136,Engineering,Senior,Full-time,On-site,31,5.0,99700,7.7,10.5,8.3,0.1,1,42.0,7.1,6.6,7.5,8.5,0
EMP-01137,Finance,Senior,Full-time,Remote,37,6.6,93500,7.3,10.6,8.8,5.4,1,11.8,6.3,7.3,8.0,6.7,0
EMP-01138,Marketing,Mid,Full-time,Remote,32,4.3,77100,6.0,7.2,6.6,2.4,1,32.7,5.7,4.1,5.3,9.4,0
EMP-01139,Finance,Senior,Full-time,Hybrid,29,4.2,93800,6.5,11.9,6.4,1.1,2,41.4,6.2,6.9,8.4,6.9,1
EMP-01140,Sales,Mid,Full-time,On-site,28,1.1,62000,7.3,10.6,7.3,0.1,0,16.5,6.4,7.5,7.2,0.0,0
EMP-01141,Sales,Senior,Full-time,Remote,34,6.1,79200,6.0,16.0,8.0,4.7,1,32.4,4.8,5.0,7.7,12.8,0
EMP-01142,Operations,Senior,Full-time,Hybrid,34,5.6,82600,4.7,0.0,6.8,1.9,2,19.8,6.5,7.0,6.0,4.9,0
EMP-01143,Operations,Senior,Part-time,Hybrid,49,9.1,93200,7.0,17.2,7.1,5.3,2,41.5,6.8,5.6,8.6,8.4,0
EMP-01144,Engineering,Mid,Full-time,On-site,30,4.5,86800,9.6,21.0,8.5,2.9,1,17.4,6.6,5.8,8.3,8.8,0
EMP-01145,Operations,Mid,Full-time,Hybrid,31,3.4,57000,5.6,14.8,6.1,0.7,1,29.6,5.0,6.4,4.9,7.0,1
EMP-01146,Marketing,Senior,Full-time,Hybrid,33,5.8,93000,6.0,13.4,4.8,2.0,1,21.2,6.4,5.8,4.8,9.6,0
EMP-01147,Customer Success,Manager,Full-time,On-site,42,9.4,122800,6.5,7.8,6.1,4.2,2,13.4,8.3,6.7,7.2,3.4,0
EMP-01148,Customer Success,Senior,Full-time,Hybrid,31,8.2,93100,6.8,16.0,6.6,5.4,3,30.5,5.7,6.0,7.1,7.8,1
EMP-01149,Sales,Mid,Full-time,Hybrid,35,3.1,47500,5.0,0.0,6.4,0.1,0,14.4,7.7,7.3,7.0,0.9,0
EMP-01150,Marketing,Entry,Full-time,Hybrid,23,0.4,38800,6.2,2.4,10.0,0.1,0,30.3,7.6,8.3,6.6,7.2,0
EMP-01151,Customer Success,Mid,Full-time,Remote,38,4.9,54500,10.0,20.9,4.1,2.9,2,5.4,3.2,4.4,6.3,7.2,1
EMP-01152,Marketing,Entry,Full-time,On-site,24,0.5,43900,5.9,4.8,7.6,0.1,0,46.4,7.7,6.9,6.8,3.3,0
EMP-01153,Marketing,Senior,Full-time,Hybrid,25,2.5,92100,6.5,5.0,10.0,1.7,0,9.6,7.6,7.7,8.2,17.7,0
EMP-01154,HR,Manager,Full-time,On-site,41,8.7,106400,6.7,10.6,7.6,5.2,2,10.3,4.2,7.1,9.4,7.7,1
EMP-01155,Marketing,Mid,Part-time,On-site,21,1.8,62500,7.9,18.4,7.0,0.2,0,25.9,4.7,5.4,7.2,5.0,1
EMP-01156,Engineering,Mid,Full-time,Hybrid,30,5.7,84500,9.2,17.2,6.0,4.5,2,17.4,5.0,8.2,7.0,6.1,0
EMP-01157,Sales,Entry,Full-time,Hybrid,35,3.8,51800,8.2,8.8,6.8,0.8,1,40.1,7.3,5.9,6.4,3.1,0
EMP-01158,Finance,Entry,Full-time,Hybrid,37,5.2,38200,5.5,10.1,6.6,3.3,1,25.8,6.3,5.0,8.4,5.1,1
EMP-01159,Engineering,Senior,Full-time,On-site,35,6.5,89800,8.1,11.6,6.0,2.7,2,39.5,4.3,4.2,6.4,7.8,0
EMP-01160,Customer Success,Senior,Full-time,Hybrid,34,3.5,71000,8.6,9.3,6.8,3.7,1,13.4,5.9,7.0,6.3,11.5,0
EMP-01161,Sales,Senior,Full-time,Hybrid,27,4.2,107900,7.6,9.6,8.1,1.3,2,24.3,4.7,6.2,8.6,10.2,0
EMP-01162,Engineering,Entry,Full-time,On-site,23,0.2,73300,7.2,11.2,7.5,0.1,0,45.9,5.1,6.7,5.1,12.3,0
EMP-01163,Engineering,Entry,Full-time,Hybrid,33,5.4,59400,5.6,3.4,7.8,1.6,1,25.1,8.3,8.8,7.7,6.1,0
EMP-01164,Engineering,Senior,Full-time,Hybrid,46,8.8,93100,5.2,8.3,5.7,5.3,2,30.8,6.3,6.8,8.7,7.3,0
EMP-01165,Engineering,Senior,Full-time,Hybrid,45,8.6,93900,5.7,9.7,8.3,5.9,2,28.6,6.9,7.7,9.9,6.6,0
EMP-01166,HR,Mid,Full-time,On-site,23,3.3,74700,7.6,7.7,5.6,0.1,0,24.9,4.9,6.4,7.2,9.6,1
EMP-01167,Sales,Mid,Full-time,Hybrid,24,3.9,77500,8.3,20.3,7.1,0.2,1,11.1,6.4,6.5,6.4,0.0,0
EMP-01168,HR,Mid,Full-time,Remote,24,3.6,41900,5.6,9.8,6.4,0.1,1,26.5,7.6,7.5,5.6,0.7,0
EMP-01169,Engineering,Entry,Full-time,Remote,31,0.2,69200,5.3,4.6,9.9,0.1,1,31.6,6.1,7.7,7.5,7.2,0
EMP-01170,Finance,Mid,Full-time,Remote,32,4.9,69200,4.8,3.6,5.3,0.9,1,35.3,7.5,6.5,7.2,8.4,0
EMP-01171,Customer Success,Mid,Full-time,On-site,30,2.4,74800,4.6,11.6,8.6,0.1,0,37.8,6.1,5.8,7.3,6.8,0
EMP-01172,Finance,Entry,Full-time,Hybrid,24,0.4,46200,4.3,9.8,5.6,0.1,0,21.5,6.8,6.0,5.5,4.8,0
EMP-01173,Operations,Entry,Part-time,On-site,30,3.1,31300,5.8,0.0,9.0,1.4,0,25.3,8.2,7.4,6.5,12.5,0
EMP-01174,Customer Success,Mid,Full-time,Hybrid,35,5.7,56400,8.1,12.4,6.3,1.8,1,2.1,5.7,5.3,7.2,7.8,0
EMP-01175,Marketing,Entry,Full-time,Hybrid,38,3.6,44000,7.1,14.6,5.9,0.1,1,27.5,6.3,4.4,5.2,11.2,0
EMP-01176,Engineering,Mid,Full-time,On-site,37,3.3,68600,3.6,0.0,8.5,0.2,0,15.8,7.3,7.2,9.8,2.8,0
EMP-01177,Operations,Entry,Full-time,Hybrid,23,0.2,41800,5.8,4.9,9.5,0.1,0,17.4,7.0,6.0,6.2,5.9,0
EMP-01178,Customer Success,Mid,Full-time,Hybrid,44,5.6,52600,4.4,7.2,9.9,4.7,2,15.3,5.7,7.3,6.7,5.0,0
EMP-01179,Engineering,Entry,Part-time,Hybrid,25,0.6,58200,6.4,15.1,6.6,0.1,0,35.3,5.9,5.8,7.0,5.8,0
EMP-01180,Sales,Entry,Full-time,Hybrid,33,0.2,49800,4.6,9.5,3.1,0.1,0,45.0,5.3,4.8,5.6,6.4,1
EMP-01181,Engineering,Manager,Full-time,Hybrid,30,6.2,128900,6.6,18.3,7.0,0.9,1,23.2,4.6,5.0,8.0,4.3,0
EMP-01182,Operations,Entry,Full-time,On-site,26,2.3,32000,5.7,8.1,5.6,0.1,0,20.9,6.0,6.3,4.6,5.7,0
EMP-01183,Customer Success,Manager,Full-time,Hybrid,36,6.3,101000,5.3,6.9,8.0,2.9,1,21.0,8.3,8.9,8.6,0.0,0
EMP-01184,Customer Success,Mid,Full-time,On-site,35,6.6,66700,9.2,10.7,6.8,2.7,1,12.1,7.3,6.4,7.6,2.4,0
EMP-01185,Finance,Mid,Full-time,Hybrid,30,4.7,68900,4.9,6.8,6.2,2.1,2,21.9,7.4,8.4,6.9,6.8,0
EMP-01186,Sales,Senior,Full-time,On-site,36,6.9,89900,4.9,7.3,5.2,4.7,1,21.2,5.9,5.3,8.7,10.1,1
EMP-01187,HR,Mid,Full-time,Hybrid,24,0.3,64800,3.2,0.0,7.6,0.1,0,9.9,8.1,8.3,5.1,6.2,0
EMP-01188,Operations,Mid,Full-time,Remote,36,5.6,68700,8.0,4.2,6.3,0.3,2,33.5,7.2,5.8,5.1,7.2,0
EMP-01189,Marketing,Entry,Full-time,On-site,39,5.4,58100,4.3,0.0,7.3,3.5,1,13.0,7.2,8.0,7.1,1.0,0
EMP-01190,Engineering,Manager,Full-time,Hybrid,47,11.1,113800,4.8,3.4,7.8,8.4,3,24.4,8.1,6.9,9.1,0.5,0
EMP-01191,Sales,Entry,Full-time,On-site,26,0.2,51800,5.4,10.7,6.6,0.1,0,33.6,6.9,8.0,5.2,3.3,0
EMP-01192,Sales,Manager,Full-time,On-site,43,10.9,118300,5.3,9.5,6.5,8.4,4,23.4,5.4,4.8,8.2,1.8,1
EMP-01193,Marketing,Mid,Full-time,Hybrid,24,1.9,50900,4.3,8.2,8.6,0.1,1,24.3,7.8,8.8,7.4,6.8,0
EMP-01194,Engineering,Senior,Full-time,On-site,42,6.6,94800,6.5,2.2,7.9,2.6,2,28.8,8.6,6.9,7.9,5.1,0
EMP-01195,Engineering,Senior,Full-time,On-site,45,8.9,78800,8.3,6.2,9.2,8.6,3,19.4,6.5,7.1,7.1,7.2,0
EMP-01196,Operations,Senior,Full-time,Hybrid,39,8.9,97500,7.5,11.6,7.2,7.0,3,40.5,5.8,5.4,6.7,0.5,1
EMP-01197,Customer Success,Senior,Full-time,Hybrid,38,8.7,94600,7.4,16.6,3.3,6.8,2,32.8,4.2,4.8,7.0,8.9,1
EMP-01198,Sales,Entry,Full-time,On-site,28,1.8,52500,4.6,8.5,6.0,0.1,1,29.5,6.4,6.1,5.6,3.8,0
EMP-01199,Engineering,Mid,Full-time,On-site,32,6.7,71700,7.3,4.7,5.2,2.7,1,27.1,6.4,5.1,5.0,0.0,0
EMP-01200,Engineering,Entry,Full-time,Hybrid,24,1.5,35300,9.8,19.1,6.9,0.3,0,14.9,4.4,6.1,6.6,10.6,1
EMP-01201,Customer Success,Entry,Full-time,Remote,21,0.2,52400,6.1,14.6,6.8,0.1,1,24.3,6.4,5.3,7.0,7.3,0
EMP-01202,Customer Success,Mid,Full-time,Hybrid,41,3.3,79300,5.4,14.2,8.1,0.5,0,20.8,7.3,7.0,7.4,1.5,0
EMP-01203,HR,Mid,Full-time,On-site,21,0.2,71900,7.7,17.7,7.4,0.1,0,35.6,3.4,4.8,4.8,7.2,1
EMP-01204,Marketing,Manager,Full-time,Remote,39,5.6,100200,6.4,0.0,7.0,5.1,1,20.8,5.7,5.6,8.5,6.2,0
EMP-01205,Sales,Entry,Full-time,Remote,27,1.5,58200,5.7,5.4,8.6,0.1,0,30.9,8.6,7.8,8.4,3.4,0
EMP-01206,Marketing,Entry,Full-time,Hybrid,27,3.4,44000,5.8,0.0,5.3,1.4,0,27.1,7.1,6.3,5.2,1.6,0
EMP-01207,Engineering,Senior,Full-time,On-site,32,7.7,99900,8.3,14.0,8.1,5.2,2,38.6,4.0,4.4,5.5,8.9,1
EMP-01208,Operations,Mid,Full-time,On-site,49,9.6,70300,5.8,11.0,6.8,9.3,2,21.4,6.2,4.7,7.4,6.2,1
EMP-01209,Sales,Entry,Full-time,On-site,28,1.7,56500,6.7,14.8,6.2,0.6,0,39.6,5.9,5.7,7.3,6.7,0
EMP-01210,Marketing,Entry,Full-time,Hybrid,27,5.0,45000,7.3,7.4,7.0,1.5,1,31.3,7.2,5.8,8.4,0.0,0
EMP-01211,HR,Manager,Full-time,On-site,40,4.0,105400,7.7,10.8,6.7,3.5,1,20.1,6.5,5.4,6.1,6.6,0
EMP-01212,HR,Entry,Full-time,On-site,28,4.6,56300,9.2,12.0,7.2,3.3,1,19.0,6.2,6.6,10.0,8.9,1
EMP-01213,Finance,Mid,Full-time,Hybrid,31,1.8,68400,4.7,3.5,5.1,0.1,0,13.9,6.1,6.1,8.6,8.0,0
EMP-01214,Engineering,Senior,Full-time,On-site,42,8.2,93200,6.7,3.6,7.4,1.9,2,26.6,7.8,7.3,7.8,5.7,0
EMP-01215,Engineering,Manager,Full-time,On-site,38,8.3,115800,6.6,3.9,6.6,4.7,2,25.6,7.1,7.3,6.3,8.7,0
EMP-01216,Sales,Manager,Part-time,Hybrid,44,10.4,115400,6.6,1.6,7.3,5.6,2,12.6,5.8,5.6,8.9,11.2,1
EMP-01217,Engineering,Entry,Full-time,On-site,33,1.3,60300,8.5,19.2,6.7,0.1,1,60.1,4.9,5.7,5.7,2.3,0
EMP-01218,Sales,Entry,Full-time,Remote,38,3.3,60800,9.7,17.7,5.6,0.1,1,19.4,5.0,4.1,7.9,4.3,1
EMP-01219,Operations,Senior,Part-time,Hybrid,32,4.5,96600,4.5,10.9,5.3,0.1,1,18.8,7.5,7.4,7.8,4.8,0
EMP-01220,Sales,Senior,Full-time,Remote,40,8.3,90700,7.5,11.7,6.5,3.0,3,22.4,4.9,7.7,7.5,4.9,0
EMP-01221,Sales,Entry,Full-time,On-site,28,4.1,48100,6.5,6.9,6.3,0.4,2,30.4,6.4,5.3,4.5,1.4,0
EMP-01222,Operations,Entry,Full-time,Remote,39,4.0,32300,6.1,3.9,10.0,0.1,1,25.1,7.4,6.6,6.9,2.0,0
EMP-01223,Operations,Entry,Full-time,Hybrid,25,1.7,38500,9.1,22.6,5.6,0.1,0,36.7,4.7,5.5,7.3,11.9,0
EMP-01224,Sales,Mid,Full-time,On-site,34,3.1,88500,5.1,0.0,9.9,0.1,0,22.1,7.9,7.9,6.9,2.9,0
EMP-01225,Customer Success,Mid,Full-time,Remote,30,1.2,65700,9.3,12.7,7.4,0.1,0,17.9,6.5,5.0,5.6,10.0,0
EMP-01226,Finance,Senior,Full-time,Hybrid,49,8.9,76600,4.7,8.9,8.7,7.3,2,42.9,6.6,6.5,6.2,9.8,0
EMP-01227,Marketing,Mid,Full-time,Hybrid,31,5.7,69500,5.7,4.8,4.5,3.0,1,30.1,4.7,8.0,6.1,6.2,1
EMP-01228,Engineering,Mid,Full-time,Remote,33,2.1,73400,8.3,12.9,8.8,0.1,0,31.1,7.7,6.3,6.7,7.4,1
EMP-01229,Operations,Mid,Full-time,On-site,26,5.2,62200,5.0,5.0,8.2,2.4,1,28.6,8.3,8.8,7.6,8.8,0
EMP-01230,Engineering,Mid,Full-time,On-site,26,3.2,87200,5.6,3.6,7.9,0.6,0,3.1,7.8,5.8,6.0,3.2,0
EMP-01231,Finance,Mid,Full-time,Hybrid,30,3.5,54800,6.4,13.5,8.6,0.1,1,20.8,6.6,6.5,7.8,2.9,0
EMP-01232,HR,Mid,Full-time,On-site,30,3.9,75000,6.2,17.2,7.1,1.9,1,9.0,5.9,7.2,8.7,7.9,0
EMP-01233,Engineering,Manager,Full-time,On-site,42,8.4,124500,5.0,1.3,6.1,4.2,3,36.3,7.9,7.1,4.9,9.5,0
EMP-01234,Operations,Manager,Full-time,On-site,39,7.8,100900,5.8,7.3,6.1,3.1,3,31.5,9.3,6.3,7.2,0.5,0
EMP-01235,Customer Success,Mid,Full-time,Hybrid,39,5.8,61200,7.1,23.8,7.4,3.0,2,51.4,6.1,6.4,6.5,8.0,0
EMP-01236,Sales,Mid,Full-time,On-site,22,1.0,66000,7.6,10.1,4.4,0.7,0,17.8,5.3,5.2,7.4,7.8,0
EMP-01237,Customer Success,Senior,Part-time,On-site,40,9.2,84400,4.9,7.4,6.9,8.0,2,16.3,5.4,7.0,8.8,10.4,1
EMP-01238,Engineering,Entry,Full-time,On-site,21,0.5,60400,3.8,0.0,9.7,0.1,1,32.9,7.3,7.8,7.3,5.1,0
EMP-01239,Customer Success,Mid,Full-time,Hybrid,40,1.9,67700,8.1,21.4,6.4,0.1,0,0.0,6.5,6.7,7.5,10.2,0
EMP-01240,Finance,Senior,Full-time,On-site,33,9.5,80000,5.5,0.0,5.1,5.9,2,20.0,5.3,7.0,7.5,4.5,0
EMP-01241,Operations,Mid,Full-time,Hybrid,38,4.7,59500,6.1,9.6,8.1,4.0,1,9.5,7.7,6.1,8.5,0.8,0
EMP-01242,Operations,Mid,Full-time,On-site,25,5.2,56600,6.4,12.6,8.3,2.9,1,30.5,5.3,6.8,8.5,6.5,0
EMP-01243,Operations,Mid,Full-time,Hybrid,36,6.1,59800,7.2,9.3,6.0,3.0,2,5.4,7.3,5.3,8.3,6.2,0
EMP-01244,Customer Success,Mid,Part-time,Remote,45,6.8,70900,8.2,15.0,6.5,4.0,2,31.0,6.3,6.5,9.9,1.5,0
EMP-01245,HR,Entry,Full-time,On-site,34,3.5,52500,6.6,0.0,4.7,0.8,1,23.3,4.3,5.9,5.2,5.1,0
EMP-01246,Operations,Mid,Part-time,Hybrid,32,2.5,57700,6.6,14.5,8.1,0.1,0,40.2,7.5,7.5,9.1,7.2,0
EMP-01247,Customer Success,Mid,Part-time,Hybrid,37,4.3,61500,8.5,18.0,6.5,1.1,1,37.8,4.4,2.5,6.7,11.1,1
EMP-01248,Engineering,Senior,Full-time,Hybrid,28,5.5,88500,7.6,10.7,6.4,2.9,2,35.0,5.4,4.3,6.2,7.9,1
EMP-01249,Sales,Entry,Full-time,Hybrid,21,2.0,36400,7.2,0.0,9.2,0.1,0,31.3,9.0,8.4,8.5,0.0,0
EMP-01250,Operations,Senior,Full-time,Hybrid,46,7.6,83000,8.7,4.6,3.3,5.4,2,41.4,2.9,4.8,7.0,10.0,0
EMP-01251,Finance,Entry,Full-time,Hybrid,27,0.6,39500,4.5,0.0,6.4,0.1,0,36.7,7.5,7.6,5.6,3.8,0
EMP-01252,Engineering,Entry,Full-time,Remote,23,1.0,54400,4.6,1.2,5.8,0.2,0,17.6,7.4,6.1,7.1,2.5,0
EMP-01253,Operations,Mid,Full-time,On-site,46,4.4,69400,8.1,13.2,5.7,1.4,1,23.7,4.8,5.1,4.9,5.3,1
EMP-01254,Marketing,Mid,Full-time,Hybrid,34,5.5,59800,7.3,26.8,6.2,2.5,2,24.5,5.7,5.6,7.9,5.5,0
EMP-01255,Engineering,Mid,Part-time,Hybrid,36,3.8,87700,5.6,1.6,8.8,0.1,1,25.8,7.8,6.3,4.6,1.5,0
EMP-01256,Operations,Entry,Full-time,On-site,21,1.4,38900,8.0,24.6,6.2,0.1,0,34.5,6.8,6.7,6.1,9.9,0
EMP-01257,Customer Success,Mid,Full-time,On-site,33,3.1,66500,5.3,9.5,6.4,1.3,0,25.6,6.2,5.5,7.2,4.0,0
EMP-01258,Sales,Senior,Full-time,On-site,29,3.4,104000,4.5,5.6,8.0,0.1,0,13.7,6.6,7.5,7.8,5.5,0
EMP-01259,Customer Success,Entry,Part-time,Remote,27,2.3,59000,7.3,15.9,8.1,0.1,0,33.2,5.1,7.1,8.2,6.3,0
EMP-01260,Finance,Entry,Full-time,Hybrid,23,2.4,45800,3.6,5.2,8.7,1.3,0,29.4,7.3,7.5,7.1,3.4,0
EMP-01261,HR,Mid,Full-time,On-site,37,6.6,62700,6.6,8.1,9.2,4.2,1,5.0,7.4,6.8,5.4,7.6,0
EMP-01262,Marketing,Entry,Full-time,Hybrid,25,0.2,43800,3.9,0.0,7.2,0.1,1,37.7,8.9,9.0,6.0,2.4,0
EMP-01263,Sales,Senior,Full-time,On-site,36,5.3,109700,9.3,13.9,8.6,3.6,2,31.3,4.5,4.6,6.8,12.3,1
EMP-01264,Customer Success,Mid,Full-time,On-site,35,5.9,60600,7.2,13.4,7.5,0.7,2,23.2,8.9,8.3,6.7,13.3,0
EMP-01265,Engineering,Mid,Full-time,Hybrid,30,3.2,85500,5.2,0.0,6.5,0.9,0,28.1,9.8,8.5,6.5,7.0,0
EMP-01266,Sales,Mid,Full-time,On-site,36,3.4,63100,3.9,0.0,9.0,0.4,1,18.8,8.5,6.8,7.7,1.5,0
EMP-01267,Operations,Mid,Full-time,On-site,36,4.0,59800,5.1,15.6,5.5,0.3,1,10.0,4.8,5.5,9.7,4.6,0
EMP-01268,Customer Success,Mid,Full-time,On-site,33,1.5,58800,7.5,15.0,7.1,0.1,0,21.1,6.9,5.9,5.3,3.5,0
EMP-01269,Operations,Entry,Full-time,On-site,21,0.2,34900,5.1,1.2,4.8,0.1,0,16.3,6.6,7.7,7.8,8.5,0
EMP-01270,Sales,Mid,Full-time,Hybrid,31,4.0,54500,5.2,3.4,7.7,1.6,1,0.0,7.5,5.5,6.5,6.3,0
EMP-01271,Finance,Senior,Part-time,Remote,37,6.4,106000,6.6,8.3,6.7,2.1,1,23.2,5.8,7.5,9.3,11.2,0
EMP-01272,Engineering,Entry,Full-time,On-site,27,3.2,50900,8.1,14.7,9.2,1.4,0,25.5,6.1,7.3,6.7,9.2,0
EMP-01273,Engineering,Entry,Full-time,Hybrid,22,0.2,68100,4.7,3.6,6.3,0.1,0,30.4,8.9,7.6,6.5,12.9,0
EMP-01274,Customer Success,Entry,Full-time,Hybrid,31,2.6,38700,8.5,12.7,5.5,0.1,1,13.0,5.3,3.7,5.3,7.9,1
EMP-01275,HR,Entry,Full-time,Hybrid,22,0.2,44900,3.1,0.0,6.2,0.1,0,32.4,7.8,6.2,7.1,9.1,0
EMP-01276,Marketing,Entry,Full-time,Hybrid,21,0.2,36100,7.6,5.6,6.2,0.1,0,55.5,5.0,6.0,4.3,4.5,0
EMP-01277,Sales,Mid,Full-time,Hybrid,34,6.1,66800,6.4,6.4,4.6,3.0,1,11.3,6.5,6.5,7.4,8.7,0
EMP-01278,Sales,Mid,Full-time,Hybrid,47,6.9,77000,4.3,0.0,7.7,5.8,1,10.7,4.9,7.3,5.9,0.0,0
EMP-01279,Engineering,Entry,Full-time,Remote,24,2.4,62200,3.9,4.8,6.0,0.1,1,29.0,6.5,5.5,5.0,5.0,0
EMP-01280,Marketing,Senior,Full-time,On-site,37,4.5,90800,5.9,7.3,6.9,0.9,1,15.1,6.9,7.2,6.4,8.9,0
EMP-01281,HR,Mid,Full-time,On-site,29,2.1,68800,5.7,6.8,7.0,0.1,0,32.0,4.6,4.9,7.6,4.7,0
EMP-01282,Marketing,Mid,Full-time,On-site,30,3.6,54300,4.3,0.0,6.0,1.5,2,11.4,6.1,4.5,5.8,8.4,0
EMP-01283,Operations,Mid,Full-time,Remote,33,5.3,60900,7.4,22.5,6.6,3.0,1,0.0,3.7,4.1,8.2,12.6,1
EMP-01284,Sales,Mid,Full-time,On-site,40,4.5,71500,4.1,5.3,7.1,0.1,1,34.9,6.0,6.9,6.2,7.9,0
EMP-01285,Operations,Entry,Full-time,On-site,36,3.5,54500,4.4,3.4,7.8,0.1,1,43.8,9.1,8.4,7.7,9.9,0
EMP-01286,Customer Success,Mid,Full-time,On-site,33,4.3,70900,7.8,18.1,6.7,0.1,1,25.0,5.8,5.9,7.1,2.5,0
EMP-01287,Marketing,Mid,Part-time,Remote,23,5.8,53200,7.3,13.7,8.6,1.1,2,20.8,8.1,8.4,6.8,0.0,0
EMP-01288,Sales,Mid,Full-time,Hybrid,34,6.7,68600,6.7,0.7,5.5,4.3,1,32.5,6.9,4.9,5.5,6.3,0
EMP-01289,Marketing,Mid,Full-time,On-site,33,3.5,49700,8.3,11.6,7.1,0.1,1,29.6,7.6,6.4,9.2,7.1,1
EMP-01290,Sales,Entry,Part-time,Hybrid,36,3.5,49600,9.2,10.3,7.2,0.7,2,10.0,6.1,5.5,8.2,7.1,1
EMP-01291,Sales,Senior,Full-time,Hybrid,25,4.6,90900,5.6,5.2,6.0,5.0,1,17.4,7.3,5.4,6.9,1.8,1
EMP-01292,Sales,Entry,Full-time,Hybrid,27,2.5,42600,5.8,8.0,8.2,0.1,0,44.3,6.3,6.8,5.8,5.2,0
EMP-01293,Customer Success,Mid,Full-time,On-site,37,2.1,51600,7.3,13.7,7.9,0.1,0,29.5,6.5,6.5,5.5,1.3,0
EMP-01294,Engineering,Mid,Full-time,On-site,23,4.4,79800,7.1,9.3,8.8,2.8,1,36.7,7.9,7.9,8.2,0.5,1
EMP-01295,Finance,Mid,Full-time,On-site,30,1.9,56700,6.4,12.3,6.4,0.1,0,47.1,5.1,5.6,7.6,7.6,0
EMP-01296,Marketing,Entry,Full-time,Hybrid,25,1.0,54500,3.5,0.0,6.1,0.1,0,31.7,8.8,7.2,8.4,0.0,0
EMP-01297,Sales,Senior,Full-time,Remote,26,7.6,94100,6.2,5.3,7.1,5.4,2,17.1,6.8,7.1,4.4,2.7,0
EMP-01298,Operations,Entry,Full-time,Hybrid,29,0.9,36000,6.5,17.2,4.4,0.1,0,24.0,5.9,3.9,6.3,12.5,0
EMP-01299,Marketing,Senior,Part-time,Hybrid,48,9.1,69800,2.7,0.0,6.0,5.9,3,17.4,6.1,6.2,6.9,0.0,0
EMP-01300,HR,Mid,Full-time,Hybrid,34,6.1,72400,6.0,6.2,9.3,1.4,1,14.9,5.8,6.4,4.7,6.4,0
EMP-01301,Operations,Entry,Full-time,On-site,23,2.0,40900,5.9,1.2,6.4,1.3,0,19.0,7.5,6.4,4.7,6.2,0
EMP-01302,HR,Entry,Full-time,On-site,23,1.5,40600,5.4,8.6,8.6,0.1,0,27.7,6.6,8.4,7.6,5.4,0
EMP-01303,HR,Mid,Full-time,Hybrid,30,5.0,71100,3.1,0.0,5.4,0.8,1,45.6,6.9,7.7,7.3,0.0,0
EMP-01304,HR,Senior,Full-time,On-site,32,6.6,80300,3.5,0.0,8.7,2.4,1,8.7,8.0,7.0,7.9,3.2,0
EMP-01305,HR,Mid,Part-time,On-site,27,3.4,66300,4.7,3.7,7.3,0.1,0,29.8,7.8,7.1,7.1,6.4,0
EMP-01306,HR,Mid,Full-time,On-site,32,3.3,83100,5.6,13.6,9.5,0.1,0,19.9,7.5,5.5,5.7,1.4,0
EMP-01307,Sales,Senior,Full-time,On-site,34,4.3,86800,7.3,7.2,7.2,1.4,2,38.5,6.0,6.0,8.5,9.5,0
EMP-01308,Engineering,Entry,Full-time,Remote,27,1.3,66900,4.9,9.0,9.9,0.1,0,34.1,6.2,7.9,8.0,6.2,0
EMP-01309,HR,Senior,Full-time,Hybrid,34,8.4,85400,7.4,9.4,9.2,4.7,2,16.2,6.1,5.1,9.4,10.8,0
EMP-01310,Sales,Entry,Full-time,On-site,27,3.8,53500,3.2,0.0,8.7,2.8,2,25.2,7.1,10.0,8.0,0.0,0
EMP-01311,Operations,Senior,Full-time,On-site,32,7.0,76500,8.4,7.9,4.7,4.3,2,40.4,7.3,6.0,8.0,7.7,0
EMP-01312,HR,Mid,Full-time,Remote,30,4.9,76600,5.5,0.0,6.1,1.6,1,32.1,7.1,4.1,7.8,10.7,0
EMP-01313,Finance,Mid,Full-time,On-site,37,2.5,58100,6.3,12.8,7.6,0.1,1,23.9,6.5,4.7,6.3,0.0,0
EMP-01314,Sales,Senior,Full-time,Remote,30,4.7,111400,7.9,18.1,7.1,3.2,1,40.4,5.6,6.0,7.5,8.8,0
EMP-01315,Marketing,Mid,Full-time,On-site,27,3.0,74100,4.9,13.1,8.3,0.2,0,25.6,7.9,6.5,7.8,0.0,0
EMP-01316,Operations,Senior,Full-time,Hybrid,25,2.0,87700,7.2,8.8,4.6,0.1,1,24.3,7.3,5.2,4.9,5.7,0
EMP-01317,Engineering,Mid,Full-time,Remote,22,2.3,73200,6.7,5.3,8.1,1.6,1,31.4,6.6,6.5,8.5,3.5,0
EMP-01318,Operations,Mid,Full-time,Remote,31,5.7,49900,6.3,4.3,6.0,4.3,2,13.9,7.2,7.5,6.8,8.4,0
EMP-01319,Marketing,Mid,Full-time,On-site,41,7.9,74500,5.8,18.7,6.4,2.8,3,16.2,6.9,6.4,7.3,4.9,0
EMP-01320,HR,Entry,Full-time,On-site,26,0.2,44800,4.2,0.0,7.8,0.1,1,21.0,8.0,8.1,8.7,6.3,0
EMP-01321,Sales,Entry,Full-time,On-site,33,4.5,44600,5.7,7.9,8.0,0.1,1,41.8,6.4,6.5,7.7,6.4,0
EMP-01322,HR,Entry,Full-time,On-site,32,2.0,35500,6.5,14.0,5.0,0.1,0,30.5,6.7,6.9,6.2,10.5,0
EMP-01323,Engineering,Mid,Full-time,Hybrid,31,4.4,86100,6.5,0.0,5.7,2.4,1,34.5,7.0,7.6,7.2,5.3,0
EMP-01324,Marketing,Senior,Full-time,On-site,31,4.6,74500,5.5,0.0,5.6,3.2,1,26.6,6.6,4.3,5.9,5.2,0
EMP-01325,HR,Mid,Full-time,Hybrid,28,2.7,54500,5.9,0.0,4.6,1.3,1,19.0,6.5,6.5,5.8,5.1,0
EMP-01326,Finance,Senior,Full-time,Hybrid,44,5.2,106700,5.1,0.0,6.0,0.5,1,24.0,7.4,7.4,5.5,7.8,0
EMP-01327,Engineering,Entry,Full-time,Hybrid,29,2.2,30000,5.2,10.9,7.1,0.1,1,37.5,5.9,6.7,6.4,2.9,0
EMP-01328,HR,Mid,Part-time,On-site,37,7.0,57800,6.9,18.0,6.9,4.7,2,13.0,7.5,6.4,7.8,5.7,0
EMP-01329,Finance,Senior,Full-time,Hybrid,34,5.6,96900,4.6,7.3,5.6,0.8,1,37.7,6.7,7.5,8.1,10.0,0
EMP-01330,Sales,Mid,Full-time,On-site,33,4.3,72800,7.2,3.5,6.4,0.5,1,17.8,7.7,6.7,7.0,7.7,0
EMP-01331,HR,Senior,Full-time,On-site,37,8.2,68400,4.9,8.6,4.0,3.6,2,34.8,5.3,4.7,7.6,9.3,1
EMP-01332,Operations,Entry,Full-time,Hybrid,29,2.3,44900,9.7,16.6,6.3,0.1,0,24.6,5.2,7.1,7.4,11.4,0
EMP-01333,HR,Mid,Full-time,On-site,40,5.8,64100,6.4,6.4,7.4,6.2,2,21.5,5.7,4.1,7.3,6.1,0
EMP-01334,Marketing,Senior,Full-time,Remote,34,5.0,95400,4.5,0.8,6.1,1.7,1,16.2,7.3,7.8,9.2,0.0,0
EMP-01335,Engineering,Mid,Full-time,On-site,32,2.3,87300,7.7,13.9,6.3,0.1,0,13.6,4.9,6.5,7.2,9.5,0
EMP-01336,Finance,Senior,Full-time,Hybrid,34,5.6,85600,5.3,4.1,7.2,0.3,2,38.8,7.2,6.6,8.5,5.6,0
EMP-01337,Customer Success,Entry,Full-time,Remote,21,1.2,47300,7.2,7.2,8.8,0.1,1,31.1,6.7,6.0,6.3,2.0,1
EMP-01338,Customer Success,Mid,Full-time,Remote,40,6.7,81400,9.3,22.8,8.9,6.0,1,23.7,6.0,6.5,6.3,3.7,0
EMP-01339,Engineering,Mid,Full-time,Hybrid,41,5.7,67700,6.4,13.3,5.4,2.8,1,10.8,4.7,4.9,8.1,3.5,0
EMP-01340,Sales,Mid,Full-time,Hybrid,35,9.0,77300,5.7,3.7,5.2,8.5,3,29.1,6.2,4.5,5.0,7.0,0
EMP-01341,Sales,Mid,Full-time,Remote,31,5.6,81400,6.2,0.0,6.5,1.0,1,30.7,6.2,6.0,7.4,5.6,0
EMP-01342,Engineering,Entry,Full-time,On-site,25,0.2,48000,5.3,10.7,6.0,0.1,1,31.7,7.3,6.3,4.7,6.6,1
EMP-01343,Sales,Entry,Part-time,Hybrid,24,0.6,51900,6.0,4.0,5.9,0.1,0,30.2,5.8,5.5,5.8,0.3,0
EMP-01344,Customer Success,Senior,Full-time,Remote,30,6.1,84600,3.7,5.1,6.6,3.0,1,41.5,6.5,7.4,9.0,1.1,0
EMP-01345,Marketing,Entry,Full-time,Hybrid,25,0.2,46700,5.1,6.4,7.5,0.1,0,50.2,6.6,5.1,7.1,1.0,0
EMP-01346,Customer Success,Mid,Full-time,On-site,31,5.0,85000,5.9,4.6,5.6,1.5,1,17.0,7.5,5.9,5.8,4.3,0
EMP-01347,Customer Success,Mid,Full-time,Hybrid,38,5.3,68000,6.2,18.6,6.5,2.1,2,43.9,5.0,6.8,7.1,2.0,0
EMP-01348,Engineering,Senior,Full-time,On-site,40,6.5,91600,5.0,14.4,6.6,6.9,1,24.6,5.8,5.5,6.9,5.8,1
EMP-01349,Sales,Mid,Part-time,Remote,39,6.5,75900,4.8,8.4,7.1,7.1,1,25.0,6.7,6.9,6.3,0.0,0
EMP-01350,Sales,Mid,Full-time,On-site,35,2.9,70700,6.1,6.7,10.0,0.1,1,32.9,7.4,8.8,7.5,1.5,0
EMP-01351,Engineering,Manager,Full-time,On-site,33,6.7,137700,5.3,3.7,8.5,5.0,1,33.5,8.4,8.9,7.7,5.9,0
EMP-01352,Sales,Mid,Full-time,Hybrid,35,5.2,71300,6.8,15.3,6.7,3.2,2,20.9,5.3,6.5,7.4,2.6,0
EMP-01353,Customer Success,Manager,Full-time,Hybrid,37,8.7,105600,9.2,29.9,5.7,5.9,2,2.6,4.8,4.3,6.6,8.9,1
EMP-01354,Sales,Entry,Full-time,On-site,30,4.4,40200,7.1,0.0,8.1,2.8,1,40.5,5.5,7.2,7.3,1.6,0
EMP-01355,Sales,Mid,Full-time,Hybrid,41,7.2,55300,8.1,18.0,5.9,6.1,3,14.0,3.6,5.7,6.2,1.3,1
EMP-01356,Operations,Mid,Full-time,On-site,40,6.6,47500,8.1,20.7,4.3,1.2,1,53.1,4.7,5.9,9.2,12.9,1
EMP-01357,Sales,Senior,Full-time,Hybrid,38,6.6,91100,6.6,17.4,6.5,3.1,1,21.4,4.6,5.7,5.1,5.1,0
EMP-01358,Customer Success,Senior,Full-time,On-site,33,5.7,88200,5.5,3.0,5.6,2.7,1,33.8,5.7,8.2,8.3,2.2,0
EMP-01359,Operations,Entry,Full-time,Hybrid,22,0.2,39000,5.6,7.9,8.5,0.1,0,39.0,7.3,6.9,6.8,2.1,0
EMP-01360,Operations,Entry,Full-time,Hybrid,21,1.3,39900,6.0,6.8,7.9,0.1,1,30.7,4.6,6.4,6.6,4.4,0
EMP-01361,Marketing,Mid,Full-time,Hybrid,29,3.6,73900,4.1,1.5,6.6,0.4,1,14.0,7.0,6.1,8.2,6.6,0
EMP-01362,Finance,Entry,Full-time,On-site,25,3.3,57400,5.3,1.1,7.2,0.1,0,41.0,7.4,6.6,6.7,0.0,0
EMP-01363,Engineering,Entry,Full-time,Remote,33,4.0,56400,4.4,0.0,7.8,1.9,1,27.0,6.9,8.5,6.8,4.6,0
EMP-01364,Operations,Mid,Full-time,Hybrid,29,2.8,63500,6.6,0.0,5.4,0.1,0,0.0,8.0,8.6,8.3,6.4,0
EMP-01365,Finance,Senior,Full-time,Hybrid,40,8.1,92900,7.6,1.7,6.2,3.4,3,24.8,6.0,4.2,8.1,6.6,0
EMP-01366,HR,Entry,Full-time,Hybrid,30,1.5,32900,4.6,0.0,6.0,0.1,1,25.3,7.6,7.2,6.9,8.5,0
EMP-01367,Engineering,Mid,Full-time,Hybrid,39,5.6,75500,4.8,5.6,7.0,5.0,1,24.1,5.5,7.1,8.0,0.0,0
EMP-01368,Engineering,Mid,Full-time,On-site,24,2.8,62300,6.7,11.3,7.0,1.3,0,26.1,8.5,6.6,5.3,8.0,0
EMP-01369,HR,Senior,Full-time,Hybrid,40,7.0,89800,6.1,11.9,7.0,1.4,2,22.9,5.4,6.7,7.7,7.8,0
EMP-01370,Sales,Senior,Full-time,Hybrid,39,10.4,82600,8.3,13.1,8.3,2.9,2,45.1,6.3,5.1,8.0,10.9,0
EMP-01371,HR,Mid,Full-time,On-site,29,2.9,65200,5.8,2.1,4.9,0.1,0,0.6,5.2,5.0,7.5,5.7,0
EMP-01372,Operations,Senior,Part-time,On-site,44,5.1,82600,7.6,10.0,4.7,3.4,1,47.6,5.5,4.3,7.1,9.8,0
EMP-01373,Sales,Entry,Full-time,On-site,29,2.2,30700,5.6,0.4,6.8,0.1,1,25.6,5.3,6.0,9.5,7.7,0
EMP-01374,Finance,Mid,Full-time,On-site,24,3.7,72600,8.0,12.8,7.8,0.5,1,15.0,6.8,6.8,9.0,4.7,0
EMP-01375,Sales,Mid,Full-time,Hybrid,36,5.3,73000,6.7,8.1,8.7,4.1,1,18.0,7.8,7.4,8.4,1.6,0
EMP-01376,Operations,Entry,Full-time,On-site,31,2.6,42200,7.6,10.2,7.0,0.1,1,45.8,6.4,6.4,6.7,8.8,0
EMP-01377,Marketing,Mid,Full-time,Hybrid,30,4.7,63200,7.4,8.4,6.8,1.1,2,16.7,6.0,5.5,7.5,9.8,0
EMP-01378,Marketing,Manager,Full-time,On-site,34,4.7,103600,4.6,7.8,9.4,2.8,2,26.0,7.4,8.8,6.1,6.0,0
EMP-01379,Sales,Mid,Full-time,Hybrid,37,4.1,63300,6.1,8.5,6.5,1.5,1,25.5,6.8,8.1,7.2,2.1,0
EMP-01380,Engineering,Entry,Full-time,Remote,29,4.4,60100,5.4,0.0,5.9,3.5,1,20.8,5.4,7.1,5.6,6.1,0
EMP-01381,Customer Success,Senior,Full-time,Hybrid,44,8.6,82100,8.0,13.8,4.7,7.2,3,18.2,4.5,6.1,5.1,11.2,1
EMP-01382,Marketing,Mid,Full-time,Hybrid,34,4.1,70400,6.0,13.0,5.0,2.3,1,16.4,5.1,6.2,6.8,0.0,0
EMP-01383,HR,Mid,Full-time,On-site,35,8.3,56700,6.0,4.8,7.2,6.8,2,29.3,6.6,6.2,5.9,11.5,0
EMP-01384,Sales,Senior,Full-time,Hybrid,31,5.7,94400,5.9,1.3,6.5,2.1,1,16.8,6.6,7.8,5.8,0.0,0
EMP-01385,Customer Success,Entry,Full-time,Remote,22,0.2,48100,5.7,11.4,8.1,0.1,0,36.2,7.3,7.0,7.3,7.6,0
EMP-01386,Operations,Entry,Full-time,On-site,29,0.2,49900,7.2,20.0,5.4,0.1,0,25.8,4.6,3.9,5.4,11.6,0
EMP-01387,Sales,Senior,Full-time,On-site,36,5.6,108000,5.9,11.2,8.6,2.9,1,39.3,5.6,5.0,8.2,7.9,0
EMP-01388,Marketing,Mid,Full-time,On-site,37,5.8,66100,6.9,7.9,8.4,4.1,1,3.5,8.8,7.7,8.9,0.1,0
EMP-01389,Operations,Mid,Full-time,On-site,38,6.6,86300,6.5,7.7,8.8,5.3,2,22.3,7.2,7.9,9.3,6.0,0
EMP-01390,Finance,Senior,Full-time,On-site,39,5.2,77900,6.8,17.0,5.9,1.3,1,17.7,3.7,6.5,5.4,4.6,0
EMP-01391,Engineering,Entry,Full-time,Hybrid,33,2.4,34100,3.9,0.0,8.4,0.1,0,29.7,8.8,9.1,8.6,3.8,0
EMP-01392,Marketing,Senior,Full-time,Hybrid,42,8.0,88400,6.6,5.0,8.3,5.2,2,43.4,7.2,6.5,9.7,8.3,0
EMP-01393,Engineering,Senior,Full-time,Hybrid,34,4.9,107800,6.0,9.2,4.3,3.7,1,21.9,6.2,5.8,6.1,10.7,0
EMP-01394,Sales,Senior,Full-time,Hybrid,32,4.5,90900,5.7,17.5,8.5,0.5,1,35.2,5.1,6.1,8.5,3.9,0
EMP-01395,Operations,Entry,Full-time,Hybrid,29,1.5,61700,8.5,12.8,5.4,0.2,0,22.9,5.3,5.5,8.7,8.1,0
EMP-01396,Marketing,Entry,Full-time,On-site,23,1.5,55800,8.3,16.3,6.8,0.1,0,38.8,5.0,5.5,6.4,10.4,0
EMP-01397,Engineering,Mid,Full-time,On-site,35,5.6,68400,5.4,0.0,4.3,3.1,2,8.1,5.3,5.7,7.0,3.6,0
EMP-01398,Marketing,Manager,Full-time,Hybrid,30,7.3,101500,6.5,21.3,6.3,2.0,2,25.3,5.3,4.2,6.9,5.6,1
EMP-01399,Finance,Entry,Full-time,On-site,31,3.0,62600,6.0,0.0,8.5,0.1,0,45.2,9.1,6.9,7.6,5.5,0
EMP-01400,Operations,Entry,Full-time,On-site,23,0.2,42500,7.5,5.4,4.9,0.1,0,39.0,6.0,3.9,6.2,5.0,0
EMP-01401,Marketing,Entry,Full-time,On-site,25,1.3,38400,4.6,2.8,6.2,0.1,0,10.6,6.3,5.9,6.3,0.6,0
EMP-01402,Operations,Mid,Full-time,Hybrid,34,5.0,55400,6.0,2.9,7.5,2.1,1,29.4,7.1,6.5,5.5,3.1,0
EMP-01403,Marketing,Entry,Part-time,On-site,35,0.2,36100,4.6,2.0,5.3,0.1,0,43.2,7.3,7.3,5.8,0.6,0
EMP-01404,Engineering,Mid,Full-time,On-site,28,0.4,60500,6.3,7.9,5.8,0.1,1,15.4,7.6,6.4,6.5,4.4,0
EMP-01405,Customer Success,Mid,Full-time,On-site,29,2.5,73100,7.1,18.1,8.4,0.1,1,19.1,3.9,5.1,7.2,10.2,0
EMP-01406,Engineering,Mid,Full-time,Hybrid,32,4.5,76100,4.0,0.0,8.3,0.8,1,19.8,8.2,8.0,7.2,6.8,0
EMP-01407,Sales,Entry,Part-time,Remote,26,2.3,55400,3.3,0.0,5.7,0.3,0,38.4,6.4,5.3,6.7,8.4,0
EMP-01408,Sales,Entry,Full-time,Hybrid,21,1.6,47000,5.0,0.0,6.5,0.1,0,34.2,5.3,7.7,8.3,8.3,0
EMP-01409,Customer Success,Mid,Full-time,Hybrid,31,6.9,71700,8.7,10.0,6.4,4.4,1,27.3,5.4,5.5,7.4,9.4,1
EMP-01410,Sales,Entry,Part-time,On-site,33,4.5,36600,7.9,16.5,7.6,0.8,1,38.8,5.4,5.8,5.4,6.6,1
EMP-01411,Sales,Entry,Full-time,Hybrid,36,1.7,50500,8.5,12.8,6.8,0.1,0,31.0,6.8,5.9,5.5,7.8,0
EMP-01412,Operations,Mid,Full-time,On-site,29,4.2,60300,7.6,19.8,7.5,1.5,2,22.6,5.9,5.0,6.6,4.3,0
EMP-01413,Engineering,Mid,Full-time,On-site,27,0.5,62800,6.4,16.7,8.2,0.1,0,17.1,5.1,7.0,5.8,6.1,0
EMP-01414,Customer Success,Senior,Full-time,On-site,32,6.5,83900,5.6,6.3,5.5,5.2,1,37.3,5.0,6.8,7.8,8.1,0
EMP-01415,Marketing,Mid,Full-time,On-site,28,4.9,64200,4.7,11.4,6.3,1.9,2,29.4,6.3,6.2,6.1,3.7,0
EMP-01416,Engineering,Mid,Full-time,Remote,32,6.0,52700,5.0,4.9,6.2,3.6,2,30.1,6.3,7.7,8.1,4.7,0
EMP-01417,Customer Success,Senior,Full-time,Hybrid,30,4.4,100400,7.4,9.1,5.8,1.0,1,7.9,6.0,6.8,6.9,10.2,0
EMP-01418,Sales,Entry,Full-time,Hybrid,33,5.0,56300,5.8,11.7,6.1,0.5,1,22.6,8.5,6.7,6.7,7.2,0
EMP-01419,Operations,Entry,Full-time,On-site,36,4.5,40600,6.9,20.6,6.8,3.4,1,57.2,4.6,4.9,6.8,13.8,1
EMP-01420,Engineering,Mid,Full-time,Remote,39,4.9,67500,4.2,7.5,7.5,0.1,2,33.6,6.7,6.2,6.2,0.0,0
EMP-01421,Engineering,Entry,Full-time,On-site,27,1.8,64600,4.1,1.9,8.0,2.0,1,28.6,8.3,7.9,7.5,11.2,0
EMP-01422,Customer Success,Entry,Full-time,On-site,21,1.0,53800,6.2,6.2,9.1,0.2,0,17.6,7.0,6.5,8.4,4.9,0
EMP-01423,Marketing,Entry,Full-time,Hybrid,30,3.7,35800,6.2,8.4,8.4,0.4,1,26.8,7.7,7.7,6.4,7.4,0
EMP-01424,Operations,Senior,Full-time,On-site,34,8.2,72200,8.3,6.7,6.6,6.5,2,26.9,6.2,5.6,6.4,3.2,1
EMP-01425,Customer Success,Mid,Full-time,Remote,28,4.1,75600,5.3,9.8,10.0,0.1,2,28.1,8.0,7.3,6.2,4.6,0
EMP-01426,HR,Entry,Full-time,On-site,30,0.8,50800,5.4,8.2,5.7,0.1,0,36.2,6.5,6.7,6.0,9.7,0
EMP-01427,Marketing,Mid,Full-time,Hybrid,38,3.6,73900,8.1,17.1,5.7,0.1,1,28.8,6.2,5.9,4.5,10.2,0
EMP-01428,HR,Entry,Full-time,Hybrid,34,4.3,32800,5.2,3.1,4.3,0.1,1,42.3,5.8,5.9,4.7,9.2,0
EMP-01429,Operations,Entry,Full-time,Hybrid,31,3.4,40500,7.7,20.2,3.1,2.2,1,26.2,4.9,3.2,6.6,6.0,1
EMP-01430,Operations,Mid,Full-time,Hybrid,29,5.4,77300,7.5,27.0,7.5,2.3,1,16.2,4.1,7.0,7.7,9.8,1
EMP-01431,Engineering,Mid,Full-time,Hybrid,21,3.4,76700,8.4,17.3,5.1,0.1,0,26.8,6.1,3.8,5.0,9.8,0
EMP-01432,Operations,Entry,Full-time,Hybrid,21,1.2,38800,5.2,14.5,5.7,0.1,0,25.7,6.8,5.6,5.4,11.1,0
EMP-01433,Marketing,Mid,Part-time,On-site,27,5.0,69200,7.4,14.7,7.9,3.2,2,33.0,5.1,7.4,7.3,4.5,0
EMP-01434,Engineering,Mid,Full-time,On-site,37,3.7,72500,5.5,4.2,9.4,0.1,2,23.4,5.5,7.3,7.5,12.0,0
EMP-01435,Engineering,Senior,Full-time,Hybrid,42,6.3,107500,8.1,16.0,6.9,5.9,2,11.5,6.9,4.0,6.0,5.7,0
EMP-01436,Engineering,Entry,Full-time,Hybrid,27,0.2,30000,5.9,5.2,6.6,0.1,1,22.6,7.2,5.9,6.5,1.7,0
EMP-01437,Customer Success,Mid,Full-time,Remote,34,1.5,75000,7.1,16.6,5.6,0.1,0,18.7,6.9,6.6,6.3,7.2,0
EMP-01438,Engineering,Entry,Full-time,On-site,32,3.3,65200,6.2,0.0,8.9,0.1,0,30.3,7.0,6.9,8.1,7.5,0
EMP-01439,Customer Success,Senior,Full-time,Hybrid,38,7.4,86000,8.1,11.4,7.0,1.2,2,17.7,7.3,7.4,6.8,5.8,0
EMP-01440,Engineering,Entry,Full-time,On-site,36,4.9,48700,6.7,1.9,8.2,3.2,1,16.5,6.1,5.7,8.0,8.1,0
EMP-01441,Engineering,Senior,Full-time,Hybrid,39,5.4,110100,5.5,1.3,8.8,5.4,1,25.1,7.0,6.8,6.6,0.4,0
EMP-01442,Engineering,Senior,Full-time,On-site,29,4.9,99300,7.1,14.1,6.4,3.2,1,13.1,5.5,5.3,5.3,10.6,1
EMP-01443,Engineering,Senior,Full-time,Hybrid,32,5.9,97400,6.8,7.3,7.1,1.1,2,15.0,6.4,6.2,6.8,10.6,0
EMP-01444,HR,Mid,Full-time,On-site,29,3.9,57100,4.8,8.7,7.2,1.8,1,21.0,6.9,4.9,7.2,4.2,0
EMP-01445,Marketing,Mid,Full-time,Remote,39,5.0,41800,4.4,11.0,4.0,1.8,1,15.2,5.0,6.5,5.7,6.1,0
EMP-01446,Finance,Senior,Full-time,On-site,30,7.1,78600,5.9,0.0,9.2,0.1,3,28.0,7.9,7.1,8.4,7.0,0
EMP-01447,HR,Mid,Full-time,Hybrid,21,1.2,52500,5.3,7.3,7.3,0.1,0,41.8,5.8,5.3,5.6,6.8,0
EMP-01448,Finance,Entry,Full-time,On-site,24,2.2,46000,5.6,4.8,6.2,0.1,0,18.2,5.7,6.0,6.6,6.4,1
EMP-01449,HR,Mid,Full-time,Remote,41,5.6,61700,6.1,12.3,6.7,2.8,2,23.8,7.6,7.1,5.9,9.0,0
EMP-01450,Marketing,Mid,Full-time,Remote,27,4.4,50900,8.3,10.7,6.0,0.8,1,28.0,8.2,7.5,6.1,9.7,1
EMP-01451,Customer Success,Mid,Full-time,Hybrid,31,5.0,60400,4.8,10.5,8.5,3.0,2,29.3,7.7,5.9,7.8,1.8,0
EMP-01452,Marketing,Mid,Full-time,Hybrid,29,5.4,71400,5.6,0.0,5.5,3.1,1,29.3,7.3,6.3,7.6,1.5,0
EMP-01453,Customer Success,Mid,Full-time,On-site,30,3.7,59600,7.1,20.7,6.8,0.1,2,37.2,4.7,6.4,6.8,7.0,0
EMP-01454,Engineering,Senior,Full-time,Remote,36,7.7,96000,8.5,27.5,5.2,4.4,2,24.8,3.5,2.5,6.3,11.7,0
EMP-01455,Engineering,Manager,Full-time,Remote,39,8.0,122700,7.9,4.5,8.3,4.2,2,1.4,5.6,5.5,6.4,4.7,0
EMP-01456,HR,Senior,Full-time,Hybrid,37,6.8,93600,8.1,14.1,7.4,3.2,2,33.8,6.3,8.0,9.4,7.8,1
EMP-01457,Sales,Mid,Full-time,On-site,44,7.4,65800,5.3,2.9,7.8,5.0,3,14.5,7.2,7.7,7.0,12.1,0
EMP-01458,Operations,Senior,Full-time,On-site,45,7.1,67500,6.8,16.9,6.5,3.8,2,9.9,5.2,5.8,4.8,6.6,0
EMP-01459,Customer Success,Entry,Full-time,Hybrid,30,0.2,50700,6.4,11.5,7.5,0.1,0,26.4,6.7,7.3,7.0,5.3,0
EMP-01460,Engineering,Mid,Full-time,On-site,27,2.7,70900,6.3,12.1,6.0,0.1,1,8.4,5.0,5.4,5.8,7.5,1
EMP-01461,Finance,Entry,Full-time,On-site,28,0.9,39200,2.6,0.0,6.2,0.1,0,19.9,9.1,8.3,7.3,3.9,0
EMP-01462,Engineering,Senior,Full-time,Hybrid,36,7.1,93400,9.9,15.0,7.3,4.8,2,37.2,6.4,4.8,5.4,12.6,0
EMP-01463,Marketing,Mid,Full-time,On-site,27,3.6,66000,2.4,1.7,6.8,0.1,1,29.0,10.0,7.7,8.1,2.2,0
EMP-01464,Customer Success,Mid,Full-time,Hybrid,40,6.0,61100,3.7,0.0,7.7,4.2,1,21.1,6.8,7.9,8.5,9.6,0
EMP-01465,Operations,Senior,Full-time,On-site,46,9.7,79800,7.6,17.5,7.4,7.1,2,23.3,7.0,7.6,6.0,6.0,0
EMP-01466,Engineering,Mid,Full-time,Hybrid,34,7.3,64800,5.6,9.6,6.0,6.9,3,10.6,7.2,7.5,6.2,8.6,1
EMP-01467,Engineering,Senior,Full-time,Hybrid,33,5.4,83700,7.0,5.6,4.3,1.6,1,40.2,4.9,6.3,7.4,3.5,0
EMP-01468,Engineering,Senior,Part-time,Remote,37,7.2,105900,7.6,21.1,6.5,2.8,2,23.4,6.7,4.6,8.8,4.8,1
EMP-01469,HR,Entry,Full-time,Hybrid,31,4.0,51400,5.1,2.3,8.4,0.1,1,28.3,8.5,7.2,8.8,1.8,0
EMP-01470,Sales,Mid,Full-time,Hybrid,34,5.6,70300,6.5,11.5,8.1,2.4,2,44.7,7.8,6.1,7.1,10.5,0
EMP-01471,Finance,Manager,Full-time,On-site,42,8.6,113400,7.3,7.9,7.1,5.0,2,19.0,5.2,5.8,6.0,1.3,0
EMP-01472,Customer Success,Entry,Full-time,Hybrid,26,0.2,40800,5.5,11.0,8.7,0.1,0,23.8,8.3,6.8,5.8,7.5,0
EMP-01473,Engineering,Mid,Full-time,Hybrid,36,4.1,75700,4.5,2.3,8.4,1.1,2,32.0,7.9,9.5,8.4,3.2,0
EMP-01474,Engineering,Entry,Full-time,Hybrid,32,5.7,48400,5.3,0.0,7.2,1.5,1,47.1,7.0,8.4,7.2,8.3,0
EMP-01475,Finance,Mid,Full-time,Hybrid,34,5.6,62400,6.1,8.9,7.9,1.7,1,31.6,4.4,7.5,7.7,4.3,1
EMP-01476,Customer Success,Mid,Full-time,Hybrid,39,4.5,60400,5.5,16.4,8.5,0.3,2,25.8,8.4,7.7,7.8,4.1,0
EMP-01477,HR,Entry,Full-time,On-site,26,0.8,57400,6.4,2.8,6.3,0.1,0,26.7,6.6,7.6,6.4,10.1,0
EMP-01478,Operations,Mid,Full-time,Hybrid,35,4.1,61200,9.9,17.5,8.6,0.5,1,20.3,7.0,6.1,8.0,8.2,0
EMP-01479,Operations,Mid,Full-time,Hybrid,32,3.3,53700,6.8,0.0,5.3,0.1,0,21.6,8.0,5.4,4.9,9.8,0
EMP-01480,Engineering,Mid,Full-time,Hybrid,35,7.6,76400,5.3,4.1,8.6,1.3,3,17.8,8.4,7.4,7.5,5.5,0
EMP-01481,Customer Success,Entry,Full-time,Hybrid,21,1.1,30000,7.6,9.8,9.3,0.1,1,24.0,6.5,7.5,5.1,8.1,0
EMP-01482,Engineering,Entry,Full-time,On-site,24,0.2,57200,6.1,0.0,7.7,0.1,1,34.3,6.9,7.8,6.4,7.0,0
EMP-01483,Operations,Entry,Full-time,Hybrid,21,0.2,35500,7.7,15.2,6.0,0.1,0,42.7,8.1,5.8,5.2,2.2,0
EMP-01484,Sales,Senior,Full-time,Remote,35,3.1,85300,5.8,4.3,8.1,0.1,0,21.7,6.0,7.3,7.3,10.7,0
EMP-01485,Customer Success,Senior,Full-time,Hybrid,33,2.8,78600,6.9,15.1,4.5,0.1,0,37.0,5.7,4.9,5.3,6.1,0
EMP-01486,Sales,Senior,Full-time,Hybrid,38,5.3,77300,5.8,8.0,8.7,2.8,1,41.2,8.4,7.9,8.8,6.1,0
EMP-01487,Engineering,Senior,Full-time,Hybrid,34,5.7,101900,5.4,11.9,7.3,4.2,1,31.2,6.0,7.0,5.6,5.9,0
EMP-01488,HR,Entry,Full-time,On-site,24,1.2,42900,7.8,19.5,5.7,0.1,1,12.1,5.7,4.3,4.2,6.3,0
EMP-01489,Finance,Senior,Full-time,Remote,32,6.4,103800,3.4,0.0,6.4,2.6,1,30.1,9.7,8.8,6.9,0.0,0
EMP-01490,Customer Success,Manager,Full-time,Hybrid,36,8.0,94700,7.0,5.6,8.7,4.0,2,23.3,6.5,5.1,7.7,5.3,0
EMP-01491,Operations,Manager,Part-time,Hybrid,45,10.0,105400,6.3,10.3,7.4,4.3,2,23.8,6.3,5.8,7.2,3.9,0
EMP-01492,Customer Success,Entry,Full-time,On-site,28,4.0,42100,8.5,17.5,7.0,2.5,1,20.3,7.8,5.2,3.6,4.7,0
EMP-01493,Operations,Entry,Full-time,Hybrid,32,2.5,44500,5.8,12.1,7.5,1.5,1,31.4,5.5,6.2,8.7,6.9,0
EMP-01494,Operations,Mid,Part-time,On-site,31,3.8,57800,6.7,5.3,5.1,0.1,1,23.8,5.9,5.5,6.4,6.1,1
EMP-01495,Engineering,Entry,Full-time,Hybrid,31,4.2,64900,7.4,16.2,5.7,2.7,1,48.0,3.8,4.7,8.3,4.5,0
EMP-01496,Customer Success,Manager,Full-time,Hybrid,39,7.4,100600,6.0,7.2,5.4,6.6,2,12.8,6.0,5.8,6.9,9.2,1
EMP-01497,Engineering,Entry,Full-time,Hybrid,43,5.1,35700,7.4,11.1,8.5,3.9,1,28.8,7.0,7.0,6.3,8.3,0
EMP-01498,Customer Success,Mid,Full-time,Hybrid,34,6.1,72000,6.7,20.2,7.8,2.1,1,4.6,6.5,6.8,7.6,4.8,0
EMP-01499,Sales,Manager,Full-time,Hybrid,41,9.1,118900,5.3,0.8,4.9,5.8,3,14.0,7.8,6.0,7.3,7.6,0
EMP-01500,Operations,Manager,Full-time,On-site,43,4.8,105500,5.4,1.0,8.2,2.4,1,18.8,8.2,6.3,8.1,5.7,0
EMP-01501,Sales,Mid,Full-time,Remote,30,3.0,53700,5.5,15.2,5.8,0.1,0,24.2,7.0,7.2,7.7,6.0,0
EMP-01502,Finance,Mid,Full-time,Hybrid,32,2.5,82100,9.3,23.8,8.0,0.1,1,17.7,3.9,5.7,6.0,17.4,1
EMP-01503,Customer Success,Mid,Full-time,Hybrid,30,1.7,50200,6.4,3.0,9.3,0.1,0,5.5,7.2,8.1,5.7,3.2,0
EMP-01504,Operations,Entry,Full-time,Hybrid,21,0.8,43600,6.3,0.0,5.6,0.1,1,35.4,8.0,7.6,4.9,1.8,0
EMP-01505,Operations,Entry,Full-time,On-site,23,1.8,47400,6.2,18.1,9.6,0.1,0,18.4,7.0,7.8,7.5,11.5,0
EMP-01506,Engineering,Senior,Full-time,On-site,34,6.9,99100,6.6,4.4,5.9,3.7,2,20.3,6.2,5.9,4.9,8.3,1
EMP-01507,Operations,Entry,Full-time,Remote,31,2.8,48700,4.4,8.4,6.9,0.1,1,23.7,5.5,7.4,6.6,5.8,0
EMP-01508,Engineering,Entry,Full-time,On-site,29,1.5,54400,4.9,18.1,7.6,0.2,0,47.5,5.0,6.0,5.8,7.7,0
EMP-01509,Marketing,Manager,Full-time,On-site,38,6.6,114700,6.0,0.0,7.4,4.1,1,10.2,7.3,7.2,6.6,4.0,0
EMP-01510,Engineering,Entry,Full-time,Hybrid,26,2.5,55600,6.3,14.3,10.0,0.1,0,6.0,6.7,6.8,7.2,10.7,0
EMP-01511,Engineering,Senior,Full-time,Hybrid,35,5.6,103000,6.9,7.9,7.6,4.4,1,8.5,6.6,7.1,9.3,6.6,1
EMP-01512,HR,Entry,Full-time,Remote,29,2.0,30000,7.4,8.0,9.4,0.1,1,22.6,6.9,6.7,7.1,8.5,0
EMP-01513,Operations,Mid,Full-time,On-site,28,1.7,52400,6.6,13.9,7.9,0.1,0,22.0,8.0,8.0,7.7,8.9,0
EMP-01514,Customer Success,Entry,Full-time,Hybrid,27,4.0,48200,4.2,10.8,7.3,1.3,2,34.2,6.7,7.6,7.6,7.0,0
EMP-01515,Engineering,Mid,Full-time,Hybrid,34,5.9,84200,9.0,13.9,6.1,1.9,1,9.8,4.1,7.1,6.2,9.8,0
EMP-01516,Sales,Mid,Full-time,Hybrid,28,3.0,68400,7.8,9.1,6.0,0.1,0,37.6,5.2,6.9,8.0,11.0,1
EMP-01517,Sales,Senior,Full-time,Hybrid,41,6.0,97700,7.0,5.5,6.4,4.9,2,33.2,6.2,6.2,7.7,3.0,0
EMP-01518,Sales,Entry,Full-time,On-site,26,3.1,54000,4.9,3.7,4.8,1.0,0,41.1,6.8,6.2,7.5,7.0,0
EMP-01519,Engineering,Senior,Full-time,Hybrid,40,8.3,93400,9.0,17.1,7.5,5.8,2,25.9,4.5,4.3,6.4,6.5,1
EMP-01520,Sales,Mid,Full-time,Hybrid,29,2.6,80300,5.9,0.0,6.6,1.4,0,6.6,6.8,7.4,6.1,10.1,0
EMP-01521,Engineering,Senior,Full-time,On-site,41,6.7,103600,8.2,10.1,6.6,5.1,2,5.2,5.5,5.0,7.0,4.8,1
EMP-01522,Engineering,Manager,Full-time,On-site,49,11.0,112000,7.5,14.8,6.9,6.4,3,13.2,2.9,7.2,7.1,5.5,1
EMP-01523,Operations,Senior,Full-time,Hybrid,48,6.6,79100,3.9,4.9,7.6,2.1,2,28.9,7.7,7.5,6.9,4.0,0
EMP-01524,Marketing,Mid,Full-time,Remote,23,3.0,55300,7.5,13.6,6.9,0.4,0,14.2,6.5,5.8,6.5,5.0,0
EMP-01525,Operations,Entry,Full-time,On-site,27,0.9,41100,6.1,8.1,5.2,0.1,0,28.3,6.6,6.6,6.1,8.2,0
EMP-01526,Marketing,Mid,Full-time,Remote,35,5.3,62800,5.9,14.5,5.1,0.1,1,35.9,5.0,6.0,7.6,7.3,0
EMP-01527,Sales,Manager,Full-time,Hybrid,41,8.0,112900,2.2,1.8,7.1,6.0,2,25.2,6.3,7.2,9.7,9.9,0
EMP-01528,Marketing,Senior,Full-time,Hybrid,29,4.7,105600,8.2,10.6,6.5,2.3,1,25.8,4.8,4.5,7.4,4.8,1
EMP-01529,Operations,Mid,Full-time,Hybrid,31,6.4,47300,5.4,10.2,9.5,1.8,1,21.7,7.0,7.2,8.7,5.7,0
EMP-01530,HR,Mid,Full-time,On-site,34,4.6,65400,9.0,8.1,4.8,0.5,1,29.8,5.2,4.3,8.5,8.6,0
EMP-01531,Customer Success,Senior,Full-time,On-site,31,5.2,77500,6.7,16.9,6.5,1.4,1,33.4,4.0,5.6,6.6,9.0,0
EMP-01532,Operations,Senior,Full-time,Hybrid,33,4.8,77400,7.0,2.7,5.0,0.7,2,22.3,7.6,7.7,6.0,0.0,0
EMP-01533,Operations,Entry,Full-time,Hybrid,25,0.2,42000,7.3,17.4,8.8,0.1,0,16.3,6.3,4.5,7.0,7.8,0
EMP-01534,Engineering,Entry,Full-time,Hybrid,23,4.4,60700,7.8,7.5,8.6,2.6,1,39.8,5.3,7.8,7.9,9.3,0
EMP-01535,Finance,Mid,Full-time,On-site,21,2.6,83600,3.7,0.0,7.0,0.8,0,11.6,7.8,6.1,8.2,0.0,0
EMP-01536,Sales,Manager,Full-time,Hybrid,45,9.9,111700,7.6,10.1,5.2,7.3,2,19.4,3.7,5.7,7.9,5.6,1
EMP-01537,Engineering,Entry,Full-time,Hybrid,28,2.8,55700,4.0,0.0,8.7,1.8,1,43.5,6.6,8.3,7.8,5.8,0
EMP-01538,Customer Success,Mid,Full-time,Hybrid,30,3.9,67500,5.5,10.5,6.1,1.1,1,39.3,7.0,6.4,6.8,7.8,0
EMP-01539,Finance,Manager,Full-time,On-site,38,7.4,107300,4.9,7.0,6.1,5.8,2,14.6,7.4,5.3,7.7,0.0,0
EMP-01540,Engineering,Mid,Full-time,Hybrid,32,4.8,79500,8.3,13.5,6.6,2.6,1,41.0,6.0,5.5,6.7,9.7,1
EMP-01541,Sales,Entry,Full-time,Remote,26,1.8,57000,5.5,19.2,8.0,0.1,0,24.8,7.2,6.4,6.6,12.3,0
EMP-01542,Customer Success,Mid,Full-time,Hybrid,21,2.5,66500,7.6,18.5,6.1,0.1,0,41.6,6.0,7.2,5.2,3.7,0
EMP-01543,Sales,Entry,Full-time,On-site,24,0.2,45200,6.1,5.7,8.4,0.1,0,33.6,8.3,8.6,8.3,6.3,0
EMP-01544,Marketing,Senior,Full-time,On-site,35,8.1,88900,4.6,12.9,6.2,2.0,2,27.4,5.4,6.9,7.8,6.2,0
EMP-01545,Sales,Mid,Full-time,Hybrid,23,2.3,71400,7.3,11.7,5.2,0.1,0,31.6,5.7,5.9,4.0,4.1,0
EMP-01546,Finance,Senior,Full-time,Hybrid,45,8.7,84200,6.5,2.5,7.8,5.8,3,41.2,6.0,5.3,9.0,9.1,0
EMP-01547,Operations,Entry,Full-time,Hybrid,24,0.7,35900,6.0,3.2,7.0,0.1,0,31.7,8.3,8.6,7.6,4.9,0
EMP-01548,HR,Senior,Full-time,On-site,37,6.6,82600,2.7,7.4,5.9,4.1,2,26.8,6.9,7.2,8.6,0.0,0
EMP-01549,Engineering,Mid,Part-time,On-site,33,5.1,68500,5.1,0.0,4.5,0.1,2,34.3,7.1,7.2,6.0,1.9,0
EMP-01550,Sales,Senior,Full-time,Hybrid,36,9.1,91300,6.3,1.7,7.3,3.0,2,30.9,6.7,6.2,8.8,13.9,0
EMP-01551,Sales,Mid,Full-time,Hybrid,39,5.8,71700,9.4,15.4,5.2,3.1,2,21.4,1.9,3.2,7.0,6.6,1
EMP-01552,Sales,Senior,Full-time,On-site,30,5.5,92100,6.0,10.5,6.7,0.1,2,58.2,8.4,6.3,5.9,0.0,0
EMP-01553,Sales,Senior,Full-time,On-site,41,8.4,87500,4.1,0.4,7.7,3.4,3,16.7,8.0,7.3,9.5,0.0,0
EMP-01554,Marketing,Entry,Full-time,Hybrid,24,2.3,43500,9.8,25.0,3.7,0.1,0,24.1,5.5,4.1,6.6,9.0,0
EMP-01555,Customer Success,Senior,Full-time,On-site,41,5.6,80100,7.5,24.9,7.5,1.0,1,22.4,5.8,6.6,8.2,8.9,1
EMP-01556,Engineering,Mid,Part-time,Hybrid,34,7.1,85200,7.7,5.7,7.1,4.7,2,6.2,4.9,6.3,9.0,13.3,1
EMP-01557,Engineering,Entry,Full-time,Hybrid,37,2.6,51300,6.4,8.9,6.6,2.1,0,44.0,6.9,6.2,8.5,10.5,0
EMP-01558,Sales,Mid,Full-time,Hybrid,43,6.4,56300,6.2,10.7,5.2,0.4,1,39.4,7.2,7.7,8.1,7.0,0
EMP-01559,Operations,Mid,Full-time,On-site,26,4.1,88200,8.5,22.8,6.3,0.6,2,21.9,6.1,4.3,5.7,6.6,0
EMP-01560,Engineering,Mid,Full-time,Hybrid,34,3.5,72500,5.0,0.2,7.6,2.3,1,12.4,8.4,6.7,6.5,12.5,0
EMP-01561,Engineering,Entry,Full-time,Hybrid,31,0.2,60400,6.7,10.5,7.6,0.1,0,32.3,7.9,5.7,6.9,0.0,0
EMP-01562,Finance,Senior,Full-time,Hybrid,42,7.1,88900,6.3,13.9,9.6,1.1,2,26.2,6.8,7.8,9.3,1.2,1
EMP-01563,Engineering,Entry,Full-time,On-site,21,0.2,60800,6.6,12.5,10.0,0.1,0,26.5,6.9,6.2,7.1,5.4,0
EMP-01564,Marketing,Entry,Part-time,Hybrid,25,2.1,51700,6.4,13.8,6.9,0.1,0,26.6,7.0,7.0,8.0,8.8,0
EMP-01565,Engineering,Mid,Full-time,Hybrid,27,2.4,76300,5.1,0.0,7.4,0.1,0,23.0,8.0,8.3,7.4,7.7,0
EMP-01566,Finance,Entry,Full-time,On-site,26,2.4,37700,5.7,0.0,7.5,0.1,0,21.4,6.2,8.4,8.1,11.3,0
EMP-01567,Sales,Senior,Full-time,Hybrid,35,7.0,92600,5.8,8.1,8.1,3.5,2,16.4,5.8,7.7,6.9,6.5,0
EMP-01568,Engineering,Mid,Full-time,Hybrid,25,1.4,77500,4.5,4.7,5.8,0.1,0,12.8,6.7,6.3,6.9,4.2,0
EMP-01569,Marketing,Mid,Part-time,On-site,34,2.9,70200,6.0,6.9,8.6,0.1,0,24.0,9.0,8.0,7.4,1.1,0
EMP-01570,Engineering,Entry,Full-time,On-site,21,2.3,49000,5.3,7.8,9.0,0.1,0,29.8,7.5,7.6,7.7,6.1,0
EMP-01571,Operations,Senior,Full-time,Hybrid,48,7.1,90800,8.3,16.3,6.1,3.5,2,11.1,5.9,6.0,8.6,8.2,1
EMP-01572,HR,Senior,Part-time,Remote,42,8.5,91200,7.1,8.6,5.3,7.9,2,46.2,3.7,5.1,6.4,4.0,0
EMP-01573,Engineering,Entry,Full-time,On-site,35,1.8,51900,6.6,4.9,8.1,0.1,1,14.8,8.3,7.8,5.8,3.4,0
EMP-01574,Customer Success,Senior,Full-time,Hybrid,38,6.0,106900,8.2,23.0,3.9,2.7,1,21.3,3.6,4.7,4.3,9.0,1
EMP-01575,Marketing,Senior,Full-time,On-site,41,8.2,94700,4.8,0.0,8.2,9.6,2,39.2,6.3,6.3,8.4,5.2,0
EMP-01576,Sales,Entry,Full-time,On-site,29,3.0,50300,6.0,15.1,4.0,0.8,0,39.3,6.0,7.0,6.8,6.0,0
EMP-01577,Finance,Senior,Full-time,On-site,40,9.2,81600,6.4,15.5,7.9,4.2,2,15.4,5.6,5.8,5.9,6.5,0
EMP-01578,Engineering,Mid,Part-time,Hybrid,33,4.6,85800,7.5,8.4,5.1,1.5,1,18.1,4.9,6.3,7.9,4.1,1
EMP-01579,Sales,Mid,Full-time,Hybrid,34,3.8,66100,6.0,10.3,8.8,0.1,1,18.9,8.9,6.7,7.8,8.0,0
EMP-01580,Sales,Mid,Full-time,Hybrid,34,3.8,61800,5.8,9.7,4.1,0.3,1,34.1,5.6,4.9,5.9,4.4,0
EMP-01581,Marketing,Senior,Full-time,Remote,40,4.6,95500,8.0,15.0,8.1,1.8,2,20.6,5.9,5.8,6.8,6.1,1
EMP-01582,Finance,Entry,Part-time,Hybrid,27,4.0,40100,6.6,0.0,5.8,2.7,1,26.4,7.4,7.3,6.7,1.1,0
EMP-01583,Marketing,Entry,Full-time,Remote,28,0.5,38500,5.1,4.7,7.0,0.3,1,23.3,8.0,6.3,4.8,5.3,0
EMP-01584,Operations,Mid,Full-time,On-site,37,8.8,59200,8.3,19.4,8.5,7.7,2,7.6,5.2,6.3,6.5,6.0,1
EMP-01585,HR,Entry,Part-time,Hybrid,25,1.1,55700,7.1,0.0,7.1,0.1,0,47.3,6.4,7.2,7.0,0.0,0
EMP-01586,Engineering,Senior,Full-time,Hybrid,36,6.7,92800,6.0,4.8,7.2,5.4,1,24.6,5.1,4.6,8.4,7.4,0
EMP-01587,Finance,Entry,Full-time,On-site,37,4.0,54300,6.7,15.7,8.6,0.8,1,31.9,6.1,6.0,8.0,1.4,1
EMP-01588,Sales,Entry,Full-time,Hybrid,33,5.4,54900,4.9,10.0,7.9,2.1,1,33.4,6.0,5.8,8.6,8.1,0
EMP-01589,Sales,Senior,Full-time,On-site,40,7.7,70100,4.1,0.0,6.4,2.5,2,29.0,7.4,6.0,6.8,4.4,0
EMP-01590,Operations,Entry,Full-time,On-site,33,2.7,35800,5.9,15.6,6.3,0.1,1,28.1,4.8,6.1,4.7,5.6,1
EMP-01591,Customer Success,Senior,Part-time,On-site,39,7.3,83100,7.7,11.7,5.4,3.3,3,24.3,6.5,5.4,7.1,5.7,0
EMP-01592,Customer Success,Mid,Full-time,Hybrid,39,5.4,67700,8.9,26.2,5.4,2.8,1,8.8,7.9,5.5,5.5,12.3,1
EMP-01593,Engineering,Mid,Part-time,On-site,27,3.0,68200,8.0,14.8,7.9,0.1,0,32.5,5.2,4.8,4.1,11.7,0
EMP-01594,Operations,Mid,Full-time,Hybrid,35,2.0,64200,6.8,6.4,7.7,0.1,1,21.2,7.8,6.9,8.6,2.7,0
EMP-01595,Operations,Senior,Full-time,Hybrid,37,6.0,85800,6.6,26.3,5.4,2.4,1,34.4,5.7,4.1,5.9,6.0,1
EMP-01596,Marketing,Senior,Full-time,Hybrid,36,7.5,85300,6.2,19.5,7.0,3.7,2,34.4,4.8,4.7,6.9,3.9,0
EMP-01597,Marketing,Mid,Part-time,On-site,32,2.5,68000,5.6,13.9,6.9,0.1,0,12.1,5.4,7.7,7.0,10.6,0
EMP-01598,Engineering,Senior,Full-time,Hybrid,41,6.3,96700,6.9,16.7,6.3,3.1,1,13.2,5.6,6.9,8.8,2.9,0
EMP-01599,Sales,Manager,Part-time,On-site,44,10.0,110400,4.0,0.0,5.6,7.2,2,16.7,5.6,6.1,5.6,9.1,0
EMP-01600,Customer Success,Senior,Full-time,Hybrid,31,6.2,104900,5.1,17.8,7.7,2.7,1,24.4,7.4,5.1,7.7,0.5,0
EMP-01601,Operations,Mid,Full-time,Hybrid,35,3.7,74500,6.5,10.6,7.0,0.1,1,16.4,8.1,5.9,5.0,12.1,0
EMP-01602,Engineering,Entry,Full-time,Hybrid,28,1.2,45900,7.7,12.9,9.6,0.1,0,47.5,6.1,5.4,7.3,7.7,0
EMP-01603,Engineering,Entry,Full-time,Remote,22,2.0,54600,6.7,0.0,5.9,0.1,0,34.8,7.0,7.4,5.9,0.2,0
EMP-01604,HR,Mid,Full-time,Remote,27,1.7,67600,5.8,0.0,5.4,0.7,0,30.5,6.2,7.1,5.0,5.8,0
EMP-01605,Engineering,Entry,Full-time,On-site,28,1.5,51800,5.1,0.1,9.7,0.1,1,28.0,6.6,8.1,7.3,4.8,0
EMP-01606,Marketing,Mid,Full-time,Hybrid,26,2.7,57700,6.0,17.9,5.4,0.2,0,31.4,6.5,6.6,5.6,5.8,0
EMP-01607,Customer Success,Entry,Full-time,Hybrid,26,0.2,30000,6.9,17.4,9.1,0.1,1,32.6,5.7,8.3,9.7,8.0,0
EMP-01608,Operations,Mid,Full-time,Hybrid,21,1.2,63000,6.9,5.1,7.3,0.1,0,13.1,6.9,4.6,6.7,9.7,0
EMP-01609,Engineering,Entry,Full-time,On-site,35,2.6,49500,9.9,22.5,4.8,0.1,0,9.7,5.6,3.2,4.2,14.9,1
EMP-01610,Marketing,Mid,Full-time,Hybrid,29,2.3,64300,4.2,3.5,4.4,0.1,0,25.3,5.5,8.1,6.2,6.2,0
EMP-01611,HR,Mid,Full-time,Hybrid,31,3.7,64800,4.2,0.0,8.9,2.2,2,21.8,6.4,6.9,7.9,10.4,0
EMP-01612,Marketing,Mid,Full-time,Remote,30,6.9,64800,7.3,26.8,3.7,3.2,2,23.6,3.2,5.0,5.8,2.1,1
EMP-01613,Sales,Entry,Part-time,On-site,29,1.8,46500,6.0,8.0,6.0,0.1,0,38.8,6.5,5.9,6.1,6.1,0
EMP-01614,HR,Manager,Full-time,On-site,45,9.8,103300,6.4,8.9,5.9,5.9,2,8.6,6.5,4.9,8.6,7.4,0
EMP-01615,Operations,Mid,Full-time,Hybrid,32,3.2,54000,5.8,12.1,6.4,1.8,1,27.1,7.5,7.1,8.6,4.2,0
EMP-01616,Marketing,Entry,Full-time,On-site,28,1.8,52500,7.4,11.3,7.0,0.1,0,27.1,6.1,4.7,6.3,9.3,1
EMP-01617,Sales,Mid,Full-time,Remote,42,4.6,77600,6.2,8.2,5.7,0.1,2,14.7,8.5,6.7,7.5,10.1,0
EMP-01618,Operations,Entry,Full-time,Hybrid,28,2.4,43000,7.9,16.6,7.0,0.6,0,26.2,5.3,6.8,7.0,10.2,0
EMP-01619,HR,Mid,Full-time,On-site,30,4.4,59400,5.6,7.4,6.7,2.1,1,26.1,6.6,6.9,8.0,3.1,0
EMP-01620,Finance,Entry,Full-time,On-site,23,1.6,46500,6.5,19.5,5.4,0.1,0,25.6,6.5,5.1,5.1,14.4,0
EMP-01621,Customer Success,Senior,Full-time,On-site,36,5.9,84000,5.6,3.8,5.0,3.2,1,37.7,6.3,6.7,7.5,1.9,0
EMP-01622,HR,Entry,Full-time,Remote,23,0.2,30000,5.7,0.0,7.4,0.1,0,39.7,7.5,9.3,6.8,3.3,0
EMP-01623,Engineering,Mid,Full-time,Hybrid,26,4.1,75000,4.6,1.3,4.7,0.1,1,17.0,4.8,5.5,4.7,5.7,0
EMP-01624,Sales,Mid,Full-time,On-site,33,5.7,52900,8.2,0.5,7.9,3.0,1,39.6,7.6,7.2,6.8,9.5,0
EMP-01625,HR,Entry,Full-time,Hybrid,24,0.2,51300,6.7,6.5,7.8,0.1,0,34.8,7.1,6.2,8.3,0.0,0
EMP-01626,Finance,Senior,Full-time,On-site,21,2.9,96900,6.4,12.6,5.3,2.7,0,24.3,3.6,4.3,5.8,7.5,0
EMP-01627,Engineering,Entry,Full-time,Remote,30,0.6,52700,7.3,9.7,6.8,0.1,0,27.8,5.2,7.0,8.1,7.2,0
EMP-01628,Finance,Senior,Full-time,Hybrid,29,5.2,94200,6.2,0.0,8.9,3.3,1,11.1,7.4,7.8,8.0,1.5,0
EMP-01629,HR,Mid,Full-time,Hybrid,40,4.1,67600,5.4,0.0,6.8,3.5,1,17.2,7.2,7.1,8.0,3.1,0
EMP-01630,HR,Senior,Full-time,Hybrid,43,8.5,85300,4.9,12.2,6.9,5.1,2,19.7,5.4,5.6,9.3,3.0,0
EMP-01631,Sales,Entry,Full-time,Hybrid,21,0.5,64800,7.7,14.1,6.7,0.1,0,47.3,7.0,6.4,5.2,5.2,0
EMP-01632,Sales,Senior,Part-time,On-site,39,8.0,80300,3.9,0.0,8.1,3.5,2,27.5,6.6,6.8,7.1,1.8,0
EMP-01633,Sales,Mid,Full-time,Remote,37,3.5,71600,5.7,11.7,4.8,0.8,1,29.5,6.9,6.5,6.5,11.8,0
EMP-01634,Engineering,Entry,Full-time,On-site,24,0.4,69500,6.1,1.6,8.3,0.1,0,36.9,8.7,8.8,9.9,4.0,0
EMP-01635,Engineering,Manager,Full-time,Hybrid,38,8.4,116900,5.7,7.7,8.0,4.5,2,26.6,6.4,8.0,7.8,7.9,0
EMP-01636,Sales,Senior,Full-time,Hybrid,33,6.8,104300,6.7,16.1,8.1,2.2,1,22.5,7.7,7.5,8.4,8.5,0
EMP-01637,Operations,Senior,Full-time,On-site,41,6.6,84800,6.1,18.2,7.4,5.0,1,28.9,6.0,6.0,5.1,7.8,0
EMP-01638,Customer Success,Entry,Full-time,On-site,26,0.4,41400,7.7,17.1,5.7,0.1,1,30.1,5.8,5.5,6.5,10.7,0
EMP-01639,Sales,Mid,Full-time,Hybrid,53,6.5,71400,8.7,21.2,5.3,0.9,1,0.0,5.7,5.4,7.1,14.6,0
EMP-01640,Operations,Mid,Full-time,Hybrid,28,5.1,63500,6.1,5.2,9.6,0.1,1,34.1,7.0,8.4,9.3,2.2,0
EMP-01641,Customer Success,Mid,Full-time,Hybrid,37,6.6,66700,7.6,12.6,6.3,2.7,1,0.0,6.3,7.0,7.5,10.7,0
EMP-01642,Engineering,Entry,Full-time,Hybrid,25,0.8,60000,5.6,5.2,9.3,0.1,1,29.4,6.4,5.4,7.1,2.5,0
EMP-01643,Finance,Entry,Full-time,Remote,38,4.7,49700,5.5,12.4,6.4,0.1,1,44.4,8.3,6.1,6.9,7.2,0
EMP-01644,Engineering,Senior,Full-time,On-site,37,6.6,92800,6.3,2.7,8.2,7.2,2,18.0,6.3,6.5,7.2,6.1,0
EMP-01645,Engineering,Entry,Full-time,Hybrid,30,2.4,53700,8.4,15.5,5.1,0.1,0,38.9,5.0,5.6,4.8,9.6,0
EMP-01646,Operations,Entry,Full-time,Remote,27,0.2,46700,6.3,4.3,5.9,0.1,1,18.1,5.9,4.3,5.6,6.6,0
EMP-01647,Sales,Entry,Full-time,Remote,35,3.9,30000,6.6,0.8,5.8,0.1,1,35.9,5.3,5.7,6.0,11.7,1
EMP-01648,Finance,Mid,Full-time,Hybrid,23,3.6,58700,5.8,5.9,4.1,0.1,1,12.6,6.9,6.6,5.1,6.9,0
EMP-01649,Customer Success,Entry,Part-time,Hybrid,28,3.1,40800,8.3,4.8,2.3,0.1,0,12.2,4.4,7.0,7.0,13.8,0
EMP-01650,HR,Entry,Part-time,On-site,21,0.2,46900,4.5,0.0,7.8,0.1,0,29.5,7.2,7.8,7.9,6.4,0
EMP-01651,Engineering,Entry,Full-time,Hybrid,30,1.3,54000,6.1,9.9,5.6,0.1,0,27.3,6.5,6.0,7.2,7.0,0
EMP-01652,HR,Mid,Full-time,On-site,28,3.7,47800,5.7,2.1,7.1,1.0,1,19.2,7.7,7.0,6.4,0.0,0
EMP-01653,Marketing,Senior,Full-time,Remote,32,8.2,87700,4.9,3.4,4.7,4.2,3,34.7,6.1,6.9,6.3,0.0,0
EMP-01654,HR,Manager,Full-time,Hybrid,40,10.1,121400,5.7,5.7,5.5,5.7,2,19.7,5.9,6.9,8.3,5.6,0
EMP-01655,Engineering,Entry,Full-time,On-site,25,1.8,66700,7.3,27.0,10.0,0.1,1,25.0,4.7,4.1,6.2,10.0,0
EMP-01656,Sales,Mid,Full-time,Hybrid,27,5.6,66200,8.5,11.6,6.5,3.0,2,32.9,5.9,4.9,3.7,6.4,0
EMP-01657,Engineering,Senior,Full-time,On-site,38,8.3,96800,7.0,6.1,6.3,5.0,3,46.2,5.8,7.3,6.6,11.6,0
EMP-01658,HR,Entry,Full-time,Hybrid,34,3.5,37900,7.1,15.2,4.6,1.8,1,21.9,6.7,4.9,6.4,4.4,0
EMP-01659,Sales,Senior,Full-time,Remote,47,10.2,92600,4.5,8.1,8.6,6.7,3,5.1,8.2,7.9,6.4,4.9,0
EMP-01660,Sales,Manager,Part-time,Hybrid,51,10.7,101400,9.0,3.1,8.3,7.6,4,30.6,5.3,5.6,8.2,4.8,0
EMP-01661,Finance,Mid,Full-time,Hybrid,24,3.7,57300,3.1,0.0,6.9,0.1,1,26.2,8.4,7.9,7.1,6.7,0
EMP-01662,Operations,Manager,Part-time,Hybrid,41,9.1,106700,6.7,12.0,9.2,5.7,3,9.7,5.2,8.8,6.4,3.8,0
EMP-01663,Finance,Mid,Full-time,Remote,25,2.6,53300,5.5,7.4,9.0,0.1,0,13.0,6.5,6.4,5.9,3.2,0
EMP-01664,Engineering,Mid,Full-time,Hybrid,26,1.7,63300,5.6,0.0,8.6,0.1,0,17.8,8.3,5.1,7.1,7.7,0
EMP-01665,Sales,Entry,Full-time,Hybrid,31,2.7,45000,6.4,8.5,5.6,0.1,0,29.0,8.2,5.1,6.8,5.7,0
EMP-01666,Finance,Senior,Full-time,Remote,39,9.2,102600,3.6,1.9,9.0,9.8,3,9.6,7.6,8.2,8.9,0.0,0
EMP-01667,Customer Success,Mid,Full-time,On-site,38,5.2,73000,7.7,22.9,5.2,3.7,1,38.7,4.9,5.1,7.0,11.4,1
EMP-01668,Engineering,Entry,Full-time,Hybrid,21,0.2,59200,8.0,6.1,9.7,0.1,0,29.4,6.8,8.6,6.7,6.2,0
EMP-01669,Sales,Senior,Full-time,Remote,37,7.1,101200,6.5,11.3,9.7,4.9,2,10.1,4.7,7.5,8.6,7.4,0
EMP-01670,Customer Success,Mid,Full-time,Hybrid,33,3.0,51700,10.0,26.8,8.2,0.1,1,4.5,4.8,5.0,5.7,9.3,1
EMP-01671,Engineering,Senior,Full-time,Hybrid,37,4.8,107200,9.4,18.2,6.4,1.4,1,39.5,3.6,4.0,7.9,14.1,1
EMP-01672,Finance,Mid,Full-time,On-site,35,2.7,57000,6.3,13.9,7.4,0.8,1,17.9,7.5,6.4,5.8,3.9,0
EMP-01673,Operations,Mid,Full-time,On-site,39,5.7,72700,5.9,0.0,5.2,3.9,1,0.0,4.8,6.6,7.7,5.8,0
EMP-01674,Engineering,Entry,Full-time,On-site,26,1.8,56400,7.7,12.9,5.7,0.3,0,16.6,4.7,5.4,6.5,7.8,1
EMP-01675,Operations,Senior,Full-time,Remote,28,5.4,84700,7.4,2.5,6.1,1.3,2,35.7,6.8,5.4,6.7,2.2,0
EMP-01676,Customer Success,Senior,Full-time,Hybrid,47,10.5,85000,9.0,15.7,7.1,8.4,3,22.2,5.4,4.8,5.7,8.5,1
EMP-01677,Sales,Entry,Full-time,On-site,25,0.6,50700,7.4,7.7,5.6,0.1,1,30.0,6.8,5.2,7.1,6.0,0
EMP-01678,Finance,Entry,Full-time,Hybrid,36,3.2,49500,7.0,6.2,9.7,1.7,1,2.5,3.7,5.6,8.3,0.0,0
EMP-01679,Engineering,Mid,Full-time,Remote,21,5.7,78300,6.6,21.4,5.5,2.3,1,28.1,4.8,3.7,5.5,5.2,1
EMP-01680,Sales,Entry,Full-time,Hybrid,23,0.5,48400,4.5,9.9,5.5,0.1,1,25.1,7.0,6.3,6.1,4.0,0
EMP-01681,Operations,Mid,Full-time,Remote,33,1.6,62100,7.2,11.0,9.3,0.1,0,21.9,6.6,6.7,7.2,10.7,0
EMP-01682,Customer Success,Mid,Full-time,Hybrid,25,3.3,72700,5.9,18.1,5.6,0.1,0,11.4,6.5,5.5,4.0,10.6,1
EMP-01683,HR,Mid,Full-time,Hybrid,45,4.9,54600,5.6,5.9,7.8,0.8,1,27.2,7.4,6.5,7.4,7.5,0
EMP-01684,Sales,Mid,Full-time,On-site,23,3.2,59400,5.3,4.8,4.8,0.1,1,25.4,6.7,6.0,6.3,5.9,0
EMP-01685,Sales,Mid,Full-time,Hybrid,38,5.0,65300,3.9,0.0,5.7,3.1,1,38.2,8.5,7.6,6.1,0.5,0
EMP-01686,Customer Success,Senior,Full-time,Hybrid,35,7.6,98400,6.2,14.1,5.7,4.1,3,23.1,7.2,8.0,9.4,4.4,0
EMP-01687,Operations,Mid,Full-time,On-site,34,7.7,53500,7.7,16.0,7.1,3.4,2,18.7,7.0,5.5,7.2,7.0,1
EMP-01688,Operations,Senior,Full-time,On-site,36,6.0,87300,5.0,3.3,6.2,1.2,1,32.6,6.7,7.9,7.6,3.9,1
EMP-01689,Sales,Manager,Full-time,On-site,36,7.4,112500,5.3,2.9,5.4,1.6,2,17.6,7.4,6.2,6.7,4.8,0
EMP-01690,Engineering,Senior,Full-time,Hybrid,46,7.4,95300,7.0,9.5,5.4,3.4,3,19.5,6.7,6.3,6.1,6.8,0
EMP-01691,Sales,Entry,Full-time,Hybrid,25,1.4,35100,8.1,17.4,7.5,0.1,0,18.7,6.3,5.8,5.5,0.7,0
EMP-01692,Customer Success,Manager,Full-time,Hybrid,36,6.3,102000,5.2,10.6,7.6,3.1,1,11.6,9.1,4.9,6.8,7.9,0
EMP-01693,Engineering,Mid,Full-time,Hybrid,33,4.4,62900,6.7,10.1,7.8,3.5,1,28.6,7.4,5.7,8.1,8.2,0
EMP-01694,Engineering,Senior,Full-time,Hybrid,49,5.8,102400,8.1,9.0,8.3,1.4,1,20.5,7.3,8.3,8.7,10.2,1
EMP-01695,Operations,Senior,Full-time,Hybrid,40,6.8,96100,4.9,10.7,7.3,3.3,1,26.4,7.1,6.2,8.1,5.4,0
EMP-01696,Sales,Manager,Full-time,Remote,44,8.5,106900,5.5,0.0,7.2,4.3,3,13.4,7.4,6.9,6.9,6.3,0
EMP-01697,HR,Mid,Full-time,Hybrid,34,4.0,64400,6.5,2.9,6.7,2.1,2,13.9,6.5,6.3,9.2,4.6,1
EMP-01698,Customer Success,Entry,Full-time,On-site,27,1.7,40500,5.6,1.5,9.5,0.1,0,21.8,8.1,7.1,8.0,3.2,0
EMP-01699,Engineering,Mid,Full-time,Hybrid,29,3.3,67200,6.5,1.3,8.2,0.1,0,15.9,5.1,6.6,7.6,6.1,0
EMP-01700,Marketing,Senior,Full-time,On-site,40,6.2,98200,6.4,14.6,4.7,4.0,2,19.0,4.3,4.7,5.5,3.7,0
EMP-01701,Engineering,Entry,Full-time,Hybrid,24,2.1,63400,6.0,0.0,7.5,3.7,0,23.9,6.7,6.8,6.1,6.4,0
EMP-01702,Customer Success,Mid,Full-time,Remote,28,5.9,63600,8.9,24.9,9.3,2.3,1,17.2,3.9,5.0,8.0,9.3,1
EMP-01703,Customer Success,Entry,Full-time,Hybrid,36,2.3,39900,5.2,2.2,6.4,0.1,0,33.7,7.1,7.0,7.6,7.1,0
EMP-01704,Engineering,Mid,Full-time,On-site,35,4.2,57900,5.1,0.0,5.8,0.5,2,21.6,8.6,7.6,7.2,2.7,0
EMP-01705,HR,Manager,Full-time,Remote,36,6.4,111200,6.2,6.2,9.3,3.4,1,22.3,6.1,7.3,6.2,4.8,0
EMP-01706,Sales,Entry,Part-time,On-site,32,0.2,41300,3.4,0.0,8.9,0.1,1,19.7,6.3,7.5,6.5,0.3,0
EMP-01707,Finance,Senior,Full-time,On-site,38,5.7,110100,5.0,10.9,4.9,0.1,1,18.7,6.6,6.5,7.8,1.8,0
EMP-01708,Sales,Mid,Full-time,Remote,33,2.6,74100,4.9,8.5,4.6,0.1,0,17.2,6.2,6.9,7.6,7.0,0
EMP-01709,Finance,Mid,Full-time,Remote,24,2.8,55000,4.0,3.5,5.7,0.1,0,40.3,6.0,5.8,6.3,0.0,0
EMP-01710,Operations,Senior,Full-time,Hybrid,29,5.4,94000,9.6,12.6,8.4,4.0,1,50.6,5.4,7.9,6.8,7.0,1
EMP-01711,Engineering,Manager,Full-time,Hybrid,37,6.5,106800,3.7,5.0,10.0,3.6,1,7.7,8.0,6.9,7.9,0.0,0
EMP-01712,Customer Success,Manager,Full-time,Hybrid,41,8.6,104600,7.0,15.1,8.8,5.5,2,13.6,7.5,7.0,7.5,2.4,0
EMP-01713,Customer Success,Senior,Full-time,Hybrid,38,6.5,72500,8.2,17.6,9.5,1.0,1,10.3,8.5,8.1,9.6,10.0,0
EMP-01714,Engineering,Mid,Full-time,On-site,30,5.2,79900,6.0,10.8,8.8,1.0,2,19.4,7.1,7.6,8.1,6.6,0
EMP-01715,Finance,Manager,Full-time,Hybrid,54,9.4,126200,5.8,12.1,5.3,9.0,2,10.2,3.0,6.3,6.5,5.5,1
EMP-01716,HR,Senior,Full-time,Hybrid,27,5.6,87100,5.0,10.5,5.6,1.3,1,20.7,8.5,7.1,6.4,5.1,0
EMP-01717,Operations,Manager,Full-time,Hybrid,49,10.3,121900,7.0,21.0,5.8,9.5,2,31.2,5.7,6.2,4.3,11.8,1
EMP-01718,Customer Success,Entry,Full-time,Hybrid,23,1.9,38000,7.6,19.1,6.3,0.1,0,21.7,4.8,4.0,5.0,8.6,0
EMP-01719,Engineering,Senior,Part-time,On-site,40,8.4,96500,5.7,7.0,8.3,5.6,3,20.0,5.4,5.6,6.1,4.9,0
EMP-01720,Engineering,Manager,Full-time,On-site,38,8.9,106000,6.1,11.3,7.3,4.0,2,27.2,7.2,4.8,6.8,13.0,1
EMP-01721,Operations,Entry,Full-time,Hybrid,22,1.9,34900,7.0,8.1,6.8,0.1,0,47.7,7.1,6.8,7.3,0.0,0
EMP-01722,Marketing,Mid,Full-time,Hybrid,39,4.3,73300,5.7,10.3,6.6,0.9,1,24.2,8.1,7.2,4.8,6.9,0
EMP-01723,Operations,Entry,Full-time,Hybrid,39,3.7,53200,7.2,12.2,5.0,0.7,1,40.9,5.6,4.7,6.2,6.0,0
EMP-01724,Customer Success,Entry,Full-time,Hybrid,29,4.6,38600,7.7,16.8,5.7,1.0,1,7.5,6.4,4.9,6.4,4.7,0
EMP-01725,Engineering,Entry,Full-time,Hybrid,28,1.4,35300,6.4,1.1,5.6,0.1,0,43.2,7.2,7.3,5.5,7.8,0
EMP-01726,Finance,Mid,Full-time,Hybrid,26,3.1,84600,8.1,13.6,5.3,0.1,0,37.1,7.0,6.7,7.0,9.2,0
EMP-01727,Customer Success,Mid,Part-time,Remote,31,4.0,69300,7.4,11.0,8.0,0.1,1,27.1,7.1,6.6,8.1,2.9,0
EMP-01728,Engineering,Mid,Full-time,Hybrid,29,1.4,82400,6.6,12.5,7.4,0.1,0,24.6,6.5,8.3,6.9,12.9,0
EMP-01729,Customer Success,Mid,Full-time,Hybrid,25,3.7,64600,7.4,15.6,7.6,1.4,2,33.5,6.3,6.1,6.5,1.1,0
EMP-01730,Marketing,Mid,Full-time,Hybrid,41,6.9,72700,4.8,3.7,8.1,1.0,1,15.9,8.1,7.5,10.0,7.6,0
EMP-01731,Engineering,Entry,Full-time,Hybrid,23,2.3,55200,6.5,15.2,7.1,0.1,0,34.9,4.8,5.1,9.1,9.9,1
EMP-01732,Sales,Mid,Full-time,On-site,34,3.7,70500,5.5,0.5,5.4,0.1,1,15.4,7.2,6.8,7.7,1.0,0
EMP-01733,Sales,Senior,Full-time,On-site,32,6.5,90800,7.8,11.6,8.5,2.7,1,21.8,7.4,7.3,7.7,5.6,0
EMP-01734,Marketing,Mid,Full-time,On-site,29,3.7,64100,6.6,13.6,8.4,3.4,1,13.8,5.5,6.3,6.5,9.1,0
EMP-01735,Customer Success,Manager,Full-time,On-site,48,8.0,103300,8.1,17.4,6.9,4.7,3,14.0,5.5,5.5,9.2,12.9,0
EMP-01736,Marketing,Senior,Full-time,Remote,41,9.2,100500,5.6,3.1,7.0,4.8,2,21.0,6.9,8.3,6.4,6.8,0
EMP-01737,Customer Success,Senior,Full-time,On-site,48,7.3,93400,7.8,3.4,5.6,4.1,3,49.1,5.6,4.4,7.8,8.2,1
EMP-01738,Customer Success,Mid,Full-time,Hybrid,36,5.0,69300,7.0,7.2,7.0,3.6,1,13.5,6.9,7.8,9.2,7.6,0
EMP-01739,Engineering,Senior,Full-time,On-site,35,4.7,87800,5.3,12.5,9.2,0.5,1,35.6,6.7,7.4,8.6,6.2,0
EMP-01740,Customer Success,Mid,Full-time,Remote,25,2.0,55500,3.2,2.7,6.0,1.0,0,12.1,6.4,8.4,5.1,0.8,0
EMP-01741,HR,Mid,Full-time,Remote,21,3.4,69700,6.1,9.0,10.0,0.1,1,18.7,6.5,7.2,7.1,10.2,0
EMP-01742,Operations,Mid,Full-time,Hybrid,30,5.8,55300,8.0,20.8,4.7,2.2,1,24.4,2.7,2.9,5.6,9.9,1
EMP-01743,Marketing,Senior,Full-time,Hybrid,42,7.1,83100,4.0,0.0,7.7,4.1,2,33.0,7.0,8.0,6.2,0.0,0
EMP-01744,Operations,Entry,Full-time,Hybrid,27,2.7,34400,5.8,3.3,8.8,1.5,0,38.0,6.9,8.7,7.9,5.1,0
EMP-01745,Engineering,Senior,Full-time,On-site,40,6.3,113000,8.9,21.8,9.3,4.9,1,23.3,7.5,5.8,6.9,11.9,1
EMP-01746,Operations,Senior,Part-time,On-site,43,8.2,82100,8.6,11.9,4.5,4.8,2,37.2,4.7,4.7,6.8,8.5,1
EMP-01747,Operations,Senior,Full-time,Hybrid,34,7.4,92700,4.9,11.8,7.5,4.0,2,4.1,5.6,6.0,8.4,2.6,0
EMP-01748,Marketing,Entry,Part-time,Remote,31,5.0,37500,4.1,1.9,8.1,1.5,1,13.4,8.5,7.2,6.2,0.8,0
EMP-01749,HR,Manager,Full-time,Remote,37,9.7,129500,5.2,7.5,7.1,5.5,2,9.5,6.1,6.5,6.5,8.1,0
EMP-01750,Engineering,Mid,Full-time,Hybrid,40,3.8,73600,6.0,24.3,7.3,0.1,1,25.4,7.3,7.2,6.1,8.5,0
EMP-01751,Engineering,Mid,Full-time,Hybrid,32,4.5,77500,5.1,12.2,8.2,1.2,1,29.5,7.6,6.0,8.3,7.4,0
EMP-01752,HR,Senior,Full-time,Hybrid,45,8.3,94300,7.5,12.2,8.7,6.0,2,42.5,6.9,6.9,6.3,5.6,0
EMP-01753,Customer Success,Entry,Full-time,On-site,27,3.2,47600,5.6,11.6,8.1,0.1,0,23.5,6.4,7.5,7.8,0.0,0
EMP-01754,HR,Mid,Part-time,Hybrid,30,3.7,63600,6.3,6.3,5.9,0.1,1,38.5,7.4,5.2,5.9,3.8,1
EMP-01755,Customer Success,Mid,Full-time,On-site,34,5.2,56600,6.3,19.8,7.4,2.4,1,35.8,6.1,5.9,6.6,6.0,0
EMP-01756,Customer Success,Entry,Full-time,Remote,25,3.6,42800,6.8,14.2,9.6,2.3,1,12.1,6.1,5.1,6.6,6.5,0
EMP-01757,Operations,Senior,Full-time,Remote,52,8.0,91900,4.6,1.3,7.3,3.9,2,19.4,6.7,5.0,7.2,8.5,0
EMP-01758,Customer Success,Mid,Full-time,Hybrid,32,2.9,68900,3.8,0.0,8.5,1.1,0,6.5,9.4,8.5,7.6,5.0,0
EMP-01759,Engineering,Entry,Full-time,Remote,26,0.3,53500,6.5,9.3,6.9,0.1,0,49.4,5.2,3.7,7.1,8.0,1
EMP-01760,Customer Success,Entry,Part-time,Remote,24,1.7,45400,5.6,4.3,8.5,1.0,0,30.5,7.8,8.5,7.1,8.4,0
EMP-01761,Engineering,Manager,Full-time,Hybrid,35,6.0,122900,8.2,1.4,7.3,0.1,1,19.9,6.8,6.7,8.1,12.3,0
EMP-01762,HR,Entry,Full-time,Hybrid,27,3.3,44400,6.6,12.2,9.3,1.1,0,33.0,6.9,8.0,8.9,8.0,0
EMP-01763,Operations,Mid,Full-time,Remote,29,5.2,53000,5.0,6.1,4.4,0.1,2,16.8,7.1,5.6,4.9,7.1,0
EMP-01764,Engineering,Entry,Full-time,On-site,38,5.3,62100,4.8,3.0,6.8,2.8,1,40.4,7.2,7.9,7.6,8.4,1
EMP-01765,Sales,Entry,Full-time,Hybrid,21,0.4,52300,7.2,0.4,6.8,0.1,0,31.5,6.6,5.9,8.7,2.9,0
EMP-01766,Operations,Senior,Full-time,Remote,49,6.6,75600,6.0,6.7,8.5,5.3,1,36.9,7.2,8.5,8.4,0.0,0
EMP-01767,Engineering,Senior,Full-time,Hybrid,42,7.7,95900,4.5,4.8,7.3,2.0,2,30.8,4.6,6.8,6.7,4.7,0
EMP-01768,Engineering,Mid,Full-time,Hybrid,25,0.2,66400,8.1,2.1,8.2,0.1,0,20.4,7.6,7.6,6.7,4.2,0
EMP-01769,Engineering,Manager,Part-time,Hybrid,31,7.0,104200,8.5,24.9,4.9,4.5,3,7.2,3.6,3.2,6.1,13.6,1
EMP-01770,HR,Senior,Full-time,Hybrid,40,5.4,82900,7.0,8.9,6.4,2.0,1,18.7,6.0,6.0,7.4,3.1,0
EMP-01771,Customer Success,Entry,Full-time,On-site,45,4.6,45200,8.9,25.6,6.1,2.0,2,42.9,4.6,5.5,5.4,6.1,1
EMP-01772,Engineering,Mid,Full-time,Hybrid,39,4.4,73600,7.2,14.7,10.0,1.6,1,21.0,5.7,5.6,6.6,7.9,0
EMP-01773,Engineering,Senior,Full-time,On-site,36,6.1,110500,5.3,3.5,5.3,3.6,1,28.9,8.1,6.9,7.0,3.4,0
EMP-01774,Engineering,Mid,Full-time,On-site,24,1.9,74000,9.5,11.5,6.8,0.1,1,23.0,6.4,4.3,7.6,10.7,0
EMP-01775,Finance,Manager,Full-time,Hybrid,45,10.9,109900,7.6,10.7,6.1,8.0,3,46.5,6.7,5.2,6.4,10.4,0
EMP-01776,Engineering,Manager,Full-time,Hybrid,42,5.7,117200,8.5,16.1,8.9,4.1,2,12.8,4.4,4.8,7.6,11.8,1
EMP-01777,Finance,Mid,Full-time,On-site,26,2.8,70800,7.1,13.3,8.0,0.2,0,17.6,7.0,6.4,8.5,8.2,0
EMP-01778,HR,Mid,Full-time,On-site,33,4.2,68300,3.0,0.0,6.5,1.2,1,42.4,6.9,6.7,4.8,2.6,0
EMP-01779,Finance,Mid,Full-time,Remote,27,3.6,73000,6.5,12.1,6.2,0.4,2,28.1,7.3,5.1,5.0,4.0,0
EMP-01780,Sales,Mid,Full-time,On-site,31,4.7,56400,9.6,17.5,9.5,2.2,1,29.3,7.6,8.2,7.2,12.6,0
EMP-01781,Engineering,Entry,Full-time,On-site,24,1.9,49800,7.3,15.5,6.5,0.1,0,18.7,7.2,7.1,5.7,4.4,0
EMP-01782,Sales,Mid,Full-time,On-site,27,4.9,58900,6.7,4.2,4.5,2.2,2,37.0,5.1,6.5,5.7,2.3,0
EMP-01783,Customer Success,Senior,Full-time,Remote,33,8.2,88000,5.2,10.3,5.1,5.7,2,25.6,6.6,5.3,6.4,0.0,0
EMP-01784,Engineering,Mid,Full-time,Hybrid,42,6.8,61700,7.1,4.8,6.5,3.7,1,20.9,6.2,6.9,5.6,5.8,0
EMP-01785,Engineering,Mid,Full-time,On-site,27,3.8,60700,7.0,13.4,7.5,0.7,1,15.3,4.9,6.7,8.9,7.8,0
EMP-01786,Operations,Entry,Full-time,On-site,23,0.2,36000,6.8,0.9,10.0,0.1,0,28.1,8.2,7.0,8.1,5.1,0
EMP-01787,Finance,Senior,Full-time,Hybrid,38,5.9,95900,5.3,2.3,7.8,1.5,2,26.8,7.4,7.5,7.8,8.9,0
EMP-01788,Marketing,Entry,Full-time,Hybrid,29,3.6,45300,4.0,7.9,6.3,0.3,1,30.2,7.4,6.8,4.1,6.6,0
EMP-01789,Customer Success,Entry,Full-time,Hybrid,21,1.3,60700,6.2,4.1,8.7,0.1,1,11.5,8.3,8.2,7.4,7.1,0
EMP-01790,Sales,Senior,Full-time,Hybrid,35,6.6,106900,5.1,0.0,7.5,4.6,1,30.5,6.8,6.6,8.8,7.2,0
EMP-01791,Finance,Senior,Full-time,Hybrid,36,7.4,98500,7.2,3.1,6.3,3.6,2,21.9,6.4,6.9,7.5,10.1,0
EMP-01792,Customer Success,Entry,Part-time,On-site,28,4.1,45900,5.6,10.6,8.2,2.2,2,18.0,5.9,3.7,6.5,8.7,0
EMP-01793,Sales,Senior,Full-time,Hybrid,32,6.5,83600,8.4,9.0,8.6,3.5,1,30.7,6.2,6.5,7.4,4.1,1
EMP-01794,Operations,Senior,Full-time,On-site,34,6.9,86300,7.2,3.2,5.1,4.0,2,23.5,6.0,6.4,5.6,8.7,0
EMP-01795,HR,Mid,Full-time,Hybrid,30,4.3,67600,7.7,9.6,6.4,0.7,1,24.6,3.7,4.8,7.0,7.0,1
EMP-01796,Operations,Entry,Full-time,Hybrid,30,3.0,30000,7.2,11.8,7.3,0.1,0,38.3,5.1,5.8,5.5,9.4,0
EMP-01797,Operations,Entry,Full-time,On-site,38,4.0,31000,6.2,2.2,5.0,1.5,1,21.3,7.0,7.0,5.9,1.0,0
EMP-01798,Finance,Mid,Full-time,On-site,44,7.8,46100,6.9,0.0,6.2,4.1,2,2.9,5.7,6.9,7.1,8.9,0
EMP-01799,Sales,Mid,Full-time,Hybrid,41,4.8,66100,5.5,6.6,7.6,0.1,1,21.7,6.4,7.3,7.1,3.5,0
EMP-01800,Operations,Entry,Full-time,On-site,26,0.5,52400,6.1,13.5,7.6,0.1,0,39.9,6.4,6.0,8.8,5.2,0
EMP-01801,Marketing,Mid,Full-time,Hybrid,30,5.0,85500,7.1,16.3,8.8,2.9,2,22.7,6.8,5.5,7.9,4.5,0
EMP-01802,Engineering,Mid,Full-time,Hybrid,23,0.2,53600,7.9,17.3,7.0,0.1,0,17.6,6.8,5.5,8.0,7.8,0
EMP-01803,HR,Senior,Full-time,Remote,23,2.4,90900,8.8,17.8,5.8,0.1,0,21.5,4.8,6.1,6.4,8.6,0
EMP-01804,HR,Senior,Full-time,Hybrid,32,5.1,92200,7.8,18.1,8.4,6.0,1,30.7,4.7,5.3,7.2,9.6,0
EMP-01805,Sales,Senior,Full-time,On-site,35,6.9,74100,5.3,11.7,5.8,6.6,2,37.4,6.8,4.0,6.7,7.3,0
EMP-01806,Customer Success,Entry,Full-time,On-site,28,0.4,34100,5.5,8.2,7.6,1.1,1,33.0,7.1,7.2,6.6,8.5,0
EMP-01807,Customer Success,Entry,Full-time,On-site,23,4.1,30000,6.0,12.0,5.9,3.0,2,37.1,5.4,5.1,6.9,7.7,0
EMP-01808,Customer Success,Mid,Full-time,Hybrid,40,7.1,62500,6.9,5.7,5.3,5.3,2,19.2,7.4,6.7,6.4,5.2,0
EMP-01809,Sales,Mid,Full-time,Remote,29,5.6,62200,4.7,2.3,6.1,4.6,1,18.8,5.3,5.8,4.8,9.6,0
EMP-01810,Engineering,Mid,Full-time,On-site,37,3.8,77100,4.9,19.4,7.9,1.0,1,23.5,5.8,6.6,6.0,8.8,0
EMP-01811,HR,Mid,Full-time,Hybrid,28,3.4,66900,5.4,7.1,9.4,0.1,1,24.4,8.0,8.2,9.8,5.9,0
EMP-01812,Marketing,Mid,Full-time,Hybrid,33,4.5,66300,5.5,6.5,7.3,3.6,1,25.3,5.9,4.6,6.6,6.3,0
EMP-01813,HR,Mid,Full-time,Hybrid,43,7.3,56700,7.4,0.0,4.7,0.1,2,25.5,6.0,5.4,9.6,5.5,0
EMP-01814,Marketing,Entry,Full-time,Hybrid,24,0.2,50300,4.5,9.9,8.6,0.1,0,23.9,7.2,7.9,8.4,4.7,0
EMP-01815,Sales,Mid,Full-time,Remote,39,3.4,77600,6.1,15.8,6.5,0.1,1,18.4,5.0,4.3,7.4,9.6,0
EMP-01816,Operations,Entry,Full-time,On-site,28,2.4,57200,5.7,11.0,7.5,0.1,0,13.6,6.9,5.9,6.6,8.3,0
EMP-01817,Sales,Senior,Full-time,Hybrid,37,7.5,85200,6.4,14.2,6.2,4.7,2,26.4,5.2,5.9,8.1,6.9,0
EMP-01818,HR,Entry,Part-time,On-site,21,0.4,44900,6.3,25.4,8.6,0.1,1,18.7,6.0,4.4,6.7,14.4,1
EMP-01819,Customer Success,Mid,Full-time,On-site,28,4.1,65100,6.0,11.3,5.7,2.2,1,43.8,4.5,5.8,6.1,7.2,1
EMP-01820,Customer Success,Mid,Full-time,Hybrid,34,4.6,74400,6.6,8.9,7.6,2.2,2,20.9,5.2,5.5,7.0,5.1,0
EMP-01821,Marketing,Entry,Full-time,On-site,23,0.7,48600,4.9,8.3,4.4,0.5,0,26.9,7.0,6.8,5.2,6.9,0
EMP-01822,Sales,Mid,Full-time,On-site,37,5.7,64600,7.0,3.3,7.0,1.6,2,3.4,5.3,6.9,10.0,4.4,0
EMP-01823,Customer Success,Senior,Full-time,Hybrid,42,6.7,98500,8.0,19.0,8.8,2.5,2,3.1,5.9,7.6,7.2,5.5,0
EMP-01824,Sales,Mid,Full-time,On-site,41,6.6,80000,6.1,5.0,3.8,2.4,1,26.5,6.8,5.2,4.3,4.6,0
EMP-01825,Engineering,Mid,Part-time,On-site,39,4.4,61400,7.7,21.4,10.0,0.5,1,16.0,7.5,7.0,5.6,9.7,0
EMP-01826,Finance,Senior,Full-time,On-site,36,8.9,99600,5.2,0.0,7.9,7.3,2,31.8,6.5,8.7,6.8,0.0,0
EMP-01827,Finance,Mid,Part-time,Hybrid,25,3.6,62600,5.3,8.1,7.4,0.1,2,7.2,6.0,7.4,8.5,1.0,0
EMP-01828,Sales,Entry,Full-time,Remote,27,2.8,45500,3.7,5.3,9.5,1.1,0,22.3,5.8,8.7,8.8,4.5,0
EMP-01829,Sales,Mid,Full-time,On-site,21,0.5,61500,4.5,0.0,8.5,0.1,0,17.9,8.8,7.3,5.6,0.0,0
EMP-01830,Engineering,Manager,Full-time,Hybrid,49,7.4,114500,5.5,9.1,6.5,6.0,2,27.3,4.8,4.7,6.3,2.7,0
EMP-01831,Sales,Mid,Full-time,Hybrid,38,2.6,73200,5.6,12.2,9.0,0.1,1,25.8,7.6,6.0,5.1,3.1,0
EMP-01832,Marketing,Entry,Full-time,Hybrid,34,4.0,37800,5.5,9.8,7.3,0.3,1,18.8,5.6,6.2,6.2,4.5,1
EMP-01833,Customer Success,Senior,Full-time,Remote,43,7.9,74300,6.9,11.6,7.9,4.7,2,10.3,4.9,5.2,8.5,0.0,0
EMP-01834,Engineering,Mid,Part-time,On-site,26,4.9,63400,7.3,13.8,5.9,1.5,1,9.6,6.5,6.5,6.5,11.3,1
EMP-01835,Engineering,Entry,Part-time,On-site,26,0.2,55200,7.8,6.8,10.0,0.1,0,57.9,8.3,6.7,8.3,0.8,0
EMP-01836,Customer Success,Mid,Full-time,Hybrid,36,4.9,66200,7.6,10.2,5.0,2.0,1,21.4,4.7,4.7,6.3,6.4,1
EMP-01837,Customer Success,Senior,Full-time,Hybrid,33,7.0,77100,6.6,12.6,6.4,2.6,2,27.7,5.5,4.9,7.2,6.0,1
EMP-01838,Customer Success,Senior,Full-time,Hybrid,31,4.9,88100,6.0,9.4,7.2,0.8,1,25.9,6.2,6.0,7.5,8.8,0
EMP-01839,Finance,Mid,Full-time,Hybrid,31,4.9,55800,5.7,15.4,5.8,2.7,2,7.1,4.7,3.8,5.4,16.9,0
EMP-01840,Sales,Senior,Part-time,Hybrid,44,9.0,87800,6.8,17.3,9.3,6.6,2,36.6,6.0,6.0,6.8,5.7,0
EMP-01841,Customer Success,Mid,Full-time,Hybrid,36,3.8,51500,4.3,7.0,8.2,0.8,1,4.5,7.3,7.8,10.0,7.8,0
EMP-01842,Sales,Senior,Full-time,Hybrid,36,8.6,83600,3.6,3.3,4.1,6.9,2,23.1,6.0,6.9,7.6,4.4,0
EMP-01843,Finance,Senior,Part-time,On-site,42,7.5,98500,7.6,20.8,5.3,4.2,2,41.8,3.9,4.9,5.5,4.1,0
EMP-01844,Engineering,Manager,Full-time,Hybrid,40,8.4,126100,8.3,13.7,6.2,4.2,2,17.2,6.0,5.4,7.0,7.2,0
EMP-01845,Marketing,Senior,Part-time,Hybrid,38,5.9,87500,6.2,8.6,6.3,3.5,2,40.8,6.9,4.8,6.5,11.8,0
EMP-01846,Operations,Senior,Full-time,Hybrid,44,8.5,77800,6.0,9.1,5.3,4.5,2,26.5,6.5,4.7,7.7,10.6,1
EMP-01847,Sales,Entry,Full-time,Remote,23,0.2,58100,8.5,4.7,6.6,0.1,0,20.6,6.7,5.8,5.4,8.2,0
EMP-01848,Engineering,Mid,Full-time,Hybrid,33,5.7,59900,4.4,3.7,7.8,3.5,1,27.1,7.7,7.5,8.3,6.1,0
EMP-01849,Marketing,Mid,Full-time,On-site,41,3.6,53500,6.6,8.4,6.6,0.1,1,18.2,6.3,5.4,5.9,6.2,0
EMP-01850,Finance,Senior,Part-time,Remote,44,6.1,81500,6.9,0.2,5.2,6.4,1,8.6,5.2,7.2,6.0,3.3,0
EMP-01851,Operations,Mid,Full-time,Hybrid,41,4.2,72800,6.4,15.9,7.6,0.1,1,21.2,6.7,6.5,8.0,1.5,0
EMP-01852,Engineering,Senior,Part-time,Hybrid,35,5.4,94800,4.9,7.4,7.2,1.4,1,40.2,6.5,7.5,7.3,2.5,0
EMP-01853,Finance,Entry,Full-time,On-site,40,4.8,42100,3.5,0.0,8.3,0.1,1,54.4,6.8,7.7,5.2,1.2,0
EMP-01854,Customer Success,Mid,Full-time,Hybrid,24,3.1,63000,7.9,17.2,7.9,0.1,1,8.9,5.6,5.8,5.3,8.0,0
EMP-01855,Engineering,Entry,Full-time,On-site,30,5.9,59000,8.0,18.9,8.6,1.0,1,15.4,5.3,5.7,7.5,6.9,0
EMP-01856,Finance,Mid,Full-time,On-site,34,4.3,66600,5.3,7.4,7.4,0.1,1,24.7,6.9,6.0,5.8,9.3,0
EMP-01857,Customer Success,Manager,Full-time,Remote,34,6.0,114500,5.4,2.7,5.9,4.4,1,26.2,6.9,7.5,8.3,5.6,0
EMP-01858,Operations,Entry,Full-time,Hybrid,24,0.6,47600,5.9,17.3,7.5,0.1,1,32.6,7.2,7.5,8.4,6.1,0
EMP-01859,Sales,Mid,Full-time,Hybrid,40,3.6,60300,6.4,8.2,7.4,0.1,2,19.6,7.2,6.9,7.0,8.0,0
EMP-01860,Customer Success,Manager,Full-time,Hybrid,43,7.1,103900,6.7,10.8,8.5,4.1,2,41.5,5.0,5.3,9.8,11.0,0
EMP-01861,Sales,Senior,Full-time,Hybrid,24,3.8,93000,6.3,16.5,5.4,3.6,1,13.9,5.1,7.4,7.0,3.8,0
EMP-01862,Customer Success,Entry,Full-time,Hybrid,27,1.2,47400,8.8,16.0,6.3,0.1,0,15.8,5.4,7.0,5.8,13.0,0
EMP-01863,Customer Success,Mid,Full-time,Hybrid,41,7.9,48200,5.5,10.3,6.3,6.4,3,27.6,7.0,7.0,7.6,5.6,0
EMP-01864,Engineering,Senior,Full-time,Hybrid,25,3.9,83400,4.7,1.8,8.6,3.5,1,16.6,7.2,8.4,8.8,7.3,0
EMP-01865,HR,Entry,Part-time,Hybrid,32,1.6,54500,7.6,3.2,6.4,0.1,1,34.5,6.9,6.3,6.1,3.9,0
EMP-01866,Operations,Entry,Full-time,Hybrid,29,2.8,33100,5.2,11.8,4.9,0.1,1,26.8,6.7,7.2,6.0,0.0,0
EMP-01867,Operations,Senior,Full-time,Hybrid,43,6.9,83800,7.3,10.0,9.3,3.1,1,26.7,5.0,6.3,7.0,1.8,0
EMP-01868,Customer Success,Manager,Full-time,Hybrid,38,9.3,123000,5.6,10.3,6.4,6.1,3,20.0,5.4,7.5,8.1,5.5,0
EMP-01869,Sales,Mid,Full-time,Hybrid,22,2.8,62200,6.3,17.4,4.7,0.6,1,8.2,4.5,3.6,4.3,5.3,0
EMP-01870,Marketing,Entry,Full-time,Hybrid,34,2.5,51000,4.4,0.0,5.2,0.1,0,40.0,7.6,6.9,7.4,1.7,0
EMP-01871,HR,Entry,Full-time,Hybrid,21,2.2,62200,5.8,8.2,9.8,0.7,0,39.8,9.5,8.8,8.7,0.0,0
EMP-01872,Operations,Senior,Full-time,Hybrid,38,7.0,91700,8.7,18.9,8.4,4.1,2,25.2,6.0,6.4,6.8,5.6,0
EMP-01873,Engineering,Mid,Full-time,Hybrid,29,1.3,79600,7.5,10.0,7.8,0.1,0,31.8,6.9,5.5,7.1,1.6,0
EMP-01874,Operations,Entry,Full-time,On-site,31,2.3,36300,4.2,0.0,7.5,0.1,1,21.6,8.8,6.7,7.1,4.1,0
EMP-01875,Customer Success,Entry,Full-time,On-site,33,5.2,60300,5.7,1.1,4.6,1.9,1,29.2,7.0,8.0,5.1,1.7,0
EMP-01876,Engineering,Mid,Full-time,Hybrid,32,4.6,73800,6.1,4.4,6.1,0.1,1,27.0,6.1,5.7,6.9,3.8,0
EMP-01877,Sales,Manager,Part-time,Hybrid,31,5.8,110300,4.3,0.0,6.4,3.7,1,15.0,8.2,8.4,10.0,5.3,0
EMP-01878,HR,Senior,Full-time,Hybrid,41,10.3,78400,5.4,2.9,7.7,5.3,3,32.4,6.4,7.6,9.0,4.5,0
EMP-01879,Customer Success,Mid,Full-time,On-site,28,4.5,59200,6.0,9.7,5.2,3.2,1,16.3,3.9,4.1,8.1,10.3,1
EMP-01880,Operations,Senior,Part-time,On-site,38,7.9,83800,6.2,0.3,4.8,4.5,2,25.6,7.0,6.2,9.4,8.9,0
EMP-01881,Customer Success,Manager,Part-time,Hybrid,40,8.1,112600,6.8,6.1,6.2,4.3,2,31.5,4.8,6.4,9.0,0.1,0
EMP-01882,Engineering,Mid,Part-time,Hybrid,27,0.2,82200,7.2,5.4,6.2,0.1,1,21.4,6.2,6.8,6.9,6.2,0
EMP-01883,Finance,Mid,Full-time,Hybrid,30,4.5,77300,6.9,11.4,5.1,0.3,2,18.4,5.7,5.9,5.8,8.2,0
EMP-01884,Sales,Entry,Full-time,Hybrid,38,2.6,37500,5.7,0.0,6.9,0.2,0,41.6,8.5,7.0,7.5,3.3,0
EMP-01885,Engineering,Entry,Part-time,Hybrid,34,5.2,52600,5.7,8.0,8.7,0.1,1,22.5,7.0,7.5,7.7,3.4,0
EMP-01886,Marketing,Entry,Full-time,Remote,33,4.0,41300,6.7,8.2,6.0,2.1,1,36.7,5.8,5.5,5.4,4.8,0
EMP-01887,Finance,Mid,Full-time,Hybrid,48,6.0,87500,6.8,14.6,6.4,2.3,2,23.8,6.3,5.9,8.3,11.3,0
EMP-01888,Sales,Senior,Full-time,Hybrid,30,5.4,96200,4.6,9.0,6.0,0.6,2,33.9,7.8,8.0,7.0,2.4,0
EMP-01889,Engineering,Mid,Full-time,Hybrid,28,4.2,69900,6.9,6.8,4.1,0.1,1,23.1,6.4,5.5,6.9,13.8,0
EMP-01890,Operations,Mid,Full-time,Hybrid,28,2.9,56400,7.2,10.7,7.9,0.1,0,23.4,5.5,7.3,6.4,6.2,0
EMP-01891,Marketing,Senior,Part-time,Hybrid,41,5.7,79300,5.7,8.4,9.5,4.4,1,13.0,5.7,6.1,7.1,6.2,0
EMP-01892,Engineering,Senior,Full-time,Hybrid,29,8.2,99900,6.7,13.4,9.8,6.6,2,28.1,8.1,7.0,9.8,10.2,0
EMP-01893,Operations,Manager,Full-time,Hybrid,41,9.9,100900,7.5,17.4,4.5,4.6,2,25.6,5.2,4.4,6.6,9.3,1
EMP-01894,Customer Success,Mid,Full-time,On-site,26,4.2,39800,8.0,10.2,4.3,0.5,1,33.4,4.8,5.7,6.8,5.8,0
EMP-01895,Operations,Mid,Full-time,Hybrid,22,2.0,57900,5.6,11.3,4.7,0.1,0,23.9,9.0,7.1,5.6,2.7,0
EMP-01896,Operations,Entry,Full-time,On-site,37,2.4,50600,7.2,28.6,6.6,0.1,0,22.2,4.3,4.6,5.9,9.0,0
EMP-01897,Engineering,Senior,Full-time,On-site,43,8.7,94600,5.3,11.9,3.0,7.3,2,14.5,2.4,4.3,6.1,8.6,1
EMP-01898,Customer Success,Manager,Full-time,On-site,39,8.4,135700,5.4,6.4,9.0,4.5,2,11.9,6.9,6.7,8.4,5.4,0
EMP-01899,Operations,Entry,Full-time,Hybrid,21,1.7,41700,6.2,20.8,8.0,0.2,1,16.4,5.5,5.9,7.6,3.2,0
EMP-01900,HR,Entry,Full-time,On-site,32,2.7,53500,8.6,13.6,8.5,0.1,0,38.0,5.3,4.8,9.2,4.5,0
EMP-01901,Marketing,Mid,Full-time,On-site,27,5.0,71400,5.4,5.5,6.8,2.9,2,16.2,7.4,6.7,5.4,5.9,0
EMP-01902,Marketing,Senior,Full-time,On-site,33,8.4,90800,5.1,1.1,4.7,5.1,2,28.2,7.1,7.0,8.4,0.0,0
EMP-01903,HR,Senior,Full-time,On-site,39,7.0,79700,5.4,14.2,6.1,5.9,2,36.3,5.3,5.0,8.0,3.4,0
EMP-01904,Engineering,Senior,Full-time,Hybrid,47,9.0,94400,4.0,1.1,6.4,2.6,2,22.0,8.3,7.4,7.5,5.8,0
EMP-01905,Finance,Entry,Full-time,On-site,35,4.7,51700,6.3,8.7,10.0,2.3,2,31.8,6.8,4.5,7.6,10.2,0
EMP-01906,Marketing,Mid,Full-time,On-site,23,3.2,69300,6.3,3.8,4.5,0.7,1,23.3,7.6,6.0,6.8,7.8,0
EMP-01907,Customer Success,Entry,Full-time,Hybrid,24,2.3,30000,7.5,21.8,7.0,0.1,0,37.2,6.8,6.2,5.3,5.6,0
EMP-01908,Finance,Manager,Full-time,Hybrid,46,8.0,115700,6.0,0.0,5.9,1.3,2,31.6,6.8,5.7,7.4,5.1,0
EMP-01909,Customer Success,Mid,Full-time,Hybrid,38,6.4,68600,5.6,21.0,10.0,1.9,1,18.9,8.1,7.6,8.3,4.0,0
EMP-01910,Engineering,Entry,Full-time,Hybrid,21,0.7,46100,6.1,0.0,5.0,0.1,0,25.2,7.7,6.3,4.7,4.6,0
EMP-01911,Customer Success,Senior,Full-time,On-site,33,6.2,86200,4.6,19.4,5.7,1.8,1,33.1,6.5,5.6,7.7,4.4,0
EMP-01912,Engineering,Mid,Full-time,Hybrid,27,2.4,85800,6.1,18.5,8.4,0.1,0,43.3,7.7,8.4,6.6,0.0,0
EMP-01913,Marketing,Senior,Full-time,Hybrid,34,7.1,79200,5.8,10.5,5.3,3.8,2,40.5,8.0,5.2,6.7,1.0,0
EMP-01914,Operations,Senior,Full-time,Hybrid,30,7.1,84600,7.4,8.2,4.5,5.7,2,16.0,5.6,5.1,4.9,10.3,0
EMP-01915,Engineering,Entry,Full-time,Hybrid,33,2.4,54100,6.1,8.9,6.9,0.3,0,36.4,6.9,8.2,7.4,9.4,0
EMP-01916,Operations,Mid,Full-time,Hybrid,36,4.2,59700,6.1,11.2,10.0,1.2,1,19.3,7.9,7.3,5.4,2.9,0
EMP-01917,Sales,Mid,Full-time,Remote,35,3.6,66100,6.1,3.0,7.2,0.7,1,19.8,5.6,8.1,7.5,7.0,0
EMP-01918,Engineering,Entry,Full-time,On-site,28,4.3,55800,8.0,8.1,7.8,2.7,1,26.6,4.5,5.9,6.7,10.9,0
EMP-01919,Sales,Entry,Full-time,Hybrid,27,0.9,61300,7.2,12.4,6.6,0.1,0,11.8,6.0,7.0,7.1,2.2,0
EMP-01920,Customer Success,Senior,Part-time,Hybrid,30,5.8,89500,5.6,2.6,8.5,3.6,2,23.4,6.8,7.4,7.3,3.0,0
EMP-01921,Operations,Manager,Full-time,On-site,32,5.5,100600,6.9,17.5,8.2,1.3,1,16.5,6.3,7.2,8.9,4.4,0
EMP-01922,Finance,Manager,Full-time,On-site,41,8.3,104400,7.2,6.5,5.5,6.2,2,23.0,4.7,6.7,6.3,1.4,0
EMP-01923,Engineering,Senior,Full-time,Hybrid,34,4.7,99900,6.0,1.5,5.4,0.3,1,24.4,7.7,7.9,7.6,9.6,0
EMP-01924,Engineering,Mid,Full-time,On-site,27,3.8,63900,4.7,15.4,6.0,1.2,1,18.3,5.9,6.6,8.0,10.3,0
EMP-01925,Marketing,Entry,Full-time,On-site,27,0.6,49700,4.0,12.0,6.7,0.1,0,29.0,5.3,5.0,7.1,7.0,1
EMP-01926,Customer Success,Mid,Full-time,Hybrid,34,3.1,60600,7.8,13.0,3.9,0.1,0,22.0,4.4,4.7,6.2,9.2,0
EMP-01927,Finance,Mid,Full-time,Hybrid,38,6.8,71900,6.8,7.6,6.4,2.4,1,35.0,5.9,6.0,7.5,5.6,0
EMP-01928,Engineering,Senior,Full-time,On-site,35,7.3,96100,8.6,3.9,8.6,4.4,2,32.5,7.8,7.6,9.2,2.6,0
EMP-01929,Finance,Mid,Full-time,Hybrid,23,5.3,70500,4.8,0.0,7.7,1.1,1,14.9,5.8,6.8,8.1,6.5,0
EMP-01930,Sales,Entry,Full-time,On-site,25,0.6,43600,6.3,11.9,8.7,0.1,0,32.1,6.6,5.2,7.8,8.0,0
EMP-01931,Engineering,Mid,Full-time,On-site,22,3.8,70100,6.2,8.9,5.4,2.8,1,18.7,5.9,5.0,5.4,12.9,0
EMP-01932,Sales,Entry,Part-time,Hybrid,21,1.3,57800,6.0,0.0,7.2,0.1,0,15.1,7.4,6.7,6.5,11.9,0
EMP-01933,Finance,Entry,Full-time,Hybrid,26,0.2,46000,8.9,11.2,10.0,0.1,0,30.3,8.1,7.0,7.7,11.3,0
EMP-01934,Finance,Mid,Full-time,Remote,29,3.3,67100,7.5,7.9,3.2,0.1,0,20.2,3.4,5.0,6.3,5.1,1
EMP-01935,Sales,Manager,Full-time,On-site,40,6.3,112200,5.9,11.0,7.2,5.0,1,22.1,5.6,5.3,4.6,4.5,0
EMP-01936,Customer Success,Entry,Full-time,Hybrid,30,5.0,34700,7.6,15.0,5.6,0.1,1,32.2,6.1,5.7,8.6,9.9,0
EMP-01937,Sales,Manager,Full-time,Hybrid,32,7.4,106600,7.9,25.5,7.2,5.9,2,11.4,6.1,4.9,6.5,3.3,1
EMP-01938,Customer Success,Senior,Full-time,On-site,40,9.0,87600,8.4,14.2,5.3,3.5,2,27.6,6.1,4.8,7.1,5.5,1
EMP-01939,Operations,Manager,Part-time,Hybrid,38,10.2,87900,5.7,4.2,8.5,8.7,2,35.9,5.5,6.0,7.5,10.8,0
EMP-01940,Finance,Senior,Full-time,On-site,38,6.4,95200,5.6,12.4,9.4,2.0,1,21.2,5.6,6.4,6.8,5.0,0
EMP-01941,Customer Success,Mid,Full-time,Hybrid,28,3.9,57700,6.4,1.4,6.5,2.0,2,30.1,7.8,8.5,8.5,2.2,0
EMP-01942,Engineering,Senior,Part-time,On-site,36,5.6,88100,6.9,0.9,9.0,3.7,1,16.3,7.4,8.3,7.7,3.7,0
EMP-01943,Sales,Manager,Full-time,Hybrid,38,8.5,112800,5.6,0.0,5.1,7.0,3,32.3,6.3,5.6,7.2,1.7,1
EMP-01944,Operations,Senior,Full-time,Remote,44,9.0,81800,7.3,14.5,7.9,5.7,3,28.0,5.7,5.7,7.8,12.5,0
EMP-01945,Sales,Entry,Part-time,Hybrid,22,1.7,57800,6.4,19.3,5.9,0.1,0,9.7,5.4,6.5,4.9,4.2,0
EMP-01946,Marketing,Mid,Full-time,On-site,25,3.0,60900,6.3,7.0,4.7,0.1,1,9.5,5.9,6.2,5.3,4.5,0
EMP-01947,Engineering,Manager,Full-time,On-site,46,11.2,120800,7.7,9.4,4.6,8.9,3,21.4,4.1,5.4,7.8,2.6,1
EMP-01948,Engineering,Mid,Full-time,Hybrid,21,0.8,71600,5.9,1.6,7.9,0.1,1,2.9,8.3,6.4,7.0,3.9,0
EMP-01949,Operations,Entry,Full-time,On-site,30,4.0,36000,6.3,13.8,8.9,3.1,1,22.2,4.4,5.8,7.1,13.5,0
EMP-01950,Marketing,Mid,Part-time,Hybrid,37,7.2,68500,6.8,4.2,4.6,4.1,2,18.4,6.5,5.5,5.4,10.0,0
EMP-01951,Engineering,Entry,Full-time,Hybrid,23,1.8,51800,6.5,8.5,7.4,0.1,0,25.8,6.7,7.1,6.7,5.3,0
EMP-01952,HR,Mid,Part-time,Hybrid,25,1.3,50700,7.2,5.4,8.1,0.1,0,29.0,4.8,7.5,7.3,9.6,0
EMP-01953,Operations,Entry,Full-time,Hybrid,28,1.3,41600,10.0,20.9,6.5,0.1,0,31.6,5.3,5.2,5.3,8.1,0
EMP-01954,Finance,Mid,Full-time,Hybrid,41,6.2,82500,4.4,6.9,6.8,2.9,1,14.8,8.0,6.5,6.3,6.3,0
EMP-01955,Sales,Mid,Full-time,On-site,38,7.4,84200,6.1,5.5,7.7,3.5,2,20.9,8.5,9.2,9.3,8.1,0
EMP-01956,Sales,Mid,Full-time,Remote,39,6.0,69000,6.2,0.0,5.4,4.5,2,14.3,5.6,6.3,9.5,7.1,0
EMP-01957,Sales,Senior,Full-time,Hybrid,40,7.7,95900,6.0,0.0,8.2,2.7,2,19.2,8.0,9.2,8.7,8.0,0
EMP-01958,Marketing,Entry,Full-time,Hybrid,22,0.8,47400,7.9,9.3,6.9,0.1,0,19.8,6.8,6.2,5.9,0.7,1
EMP-01959,Engineering,Entry,Full-time,On-site,30,0.7,42600,7.1,16.4,5.6,0.1,0,19.4,6.8,6.7,6.0,9.8,1
EMP-01960,Operations,Entry,Full-time,On-site,28,2.9,30000,7.2,5.1,6.5,0.1,0,10.0,7.3,6.6,9.2,8.2,0
EMP-01961,HR,Manager,Full-time,Hybrid,44,10.7,118300,4.7,0.0,6.5,8.2,4,31.8,5.8,9.7,10.0,3.4,1
EMP-01962,Marketing,Entry,Full-time,On-site,25,0.6,44300,5.1,0.0,5.8,0.1,0,18.3,6.5,6.9,6.5,5.4,0
EMP-01963,Engineering,Manager,Full-time,On-site,36,7.6,123100,4.7,0.0,7.4,7.2,2,17.1,7.0,6.2,8.4,4.5,0
EMP-01964,Sales,Entry,Full-time,Hybrid,32,3.2,43000,4.8,0.0,10.0,1.4,0,17.1,9.7,8.3,7.6,6.2,0
EMP-01965,Engineering,Mid,Full-time,Hybrid,30,3.6,66300,5.7,4.6,9.9,2.8,1,24.7,6.8,6.6,7.2,3.8,0
EMP-01966,Finance,Senior,Full-time,On-site,39,9.6,104900,6.4,1.1,8.9,7.6,2,37.3,6.5,6.8,9.1,6.0,0
EMP-01967,Sales,Entry,Full-time,Hybrid,33,3.6,30300,5.1,0.1,10.0,0.4,1,38.5,7.2,7.5,8.0,7.3,0
EMP-01968,Sales,Entry,Full-time,Remote,21,0.2,51600,6.7,0.4,7.7,0.1,0,48.1,6.5,7.4,7.3,2.7,0
EMP-01969,Engineering,Senior,Full-time,On-site,38,7.6,106800,5.7,4.6,6.4,4.3,2,20.0,6.3,7.5,7.5,3.9,1
EMP-01970,Marketing,Entry,Full-time,Remote,26,4.1,51800,3.8,0.0,10.0,0.3,1,33.5,9.4,9.3,10.0,0.4,0
EMP-01971,Marketing,Entry,Full-time,Hybrid,31,4.0,34100,5.4,4.8,4.9,0.1,2,33.6,8.1,7.1,5.0,11.6,0
EMP-01972,Finance,Senior,Full-time,Hybrid,48,8.3,86900,8.7,13.1,3.8,6.3,2,12.2,4.0,3.3,5.3,13.8,1
EMP-01973,Engineering,Entry,Full-time,Hybrid,24,0.2,56500,5.6,16.0,6.7,0.1,1,36.6,6.9,6.7,7.1,3.4,0
EMP-01974,Marketing,Mid,Part-time,On-site,24,0.5,63600,4.8,0.0,5.8,0.1,1,12.2,8.1,6.0,5.4,0.1,0
EMP-01975,HR,Entry,Part-time,Remote,33,3.7,52400,6.2,6.4,7.9,2.3,1,36.0,6.6,6.6,7.1,7.0,1
EMP-01976,HR,Mid,Part-time,Hybrid,41,7.7,72900,6.0,20.8,8.5,3.6,2,20.9,6.5,5.3,8.7,4.3,0
EMP-01977,HR,Senior,Full-time,On-site,37,7.8,98600,3.9,0.0,7.5,5.3,3,22.9,8.1,7.3,8.1,3.4,0
EMP-01978,Operations,Mid,Full-time,On-site,21,2.8,67700,6.3,13.5,8.4,0.1,0,19.4,7.2,5.8,7.2,5.3,0
EMP-01979,Marketing,Mid,Full-time,Hybrid,30,4.4,57900,6.9,15.3,5.0,3.5,1,30.1,5.4,5.8,7.7,5.9,1
EMP-01980,Engineering,Mid,Full-time,Hybrid,28,2.0,63700,5.6,0.3,9.9,0.1,1,31.4,6.7,4.9,7.7,0.0,0
EMP-01981,HR,Mid,Full-time,On-site,28,2.2,65700,5.1,11.0,7.5,0.1,0,37.5,8.9,7.2,6.5,7.2,0
EMP-01982,Engineering,Mid,Full-time,Remote,34,6.5,68500,6.6,9.4,10.0,1.7,2,30.2,5.8,4.7,6.6,12.9,1
EMP-01983,Customer Success,Manager,Full-time,Hybrid,40,3.7,117900,5.4,7.2,7.0,0.1,2,29.3,8.1,7.2,8.7,8.9,0
EMP-01984,HR,Senior,Full-time,Hybrid,39,7.4,92500,5.1,6.3,7.7,5.5,2,19.0,7.8,6.5,7.9,2.6,0
EMP-01985,HR,Senior,Full-time,On-site,51,9.6,104100,5.2,7.3,6.0,5.8,3,26.7,5.5,6.1,6.4,0.0,1
EMP-01986,Sales,Senior,Full-time,Remote,29,3.8,93700,6.6,13.7,7.0,2.1,2,13.4,6.6,7.4,6.2,7.3,0
EMP-01987,HR,Entry,Full-time,Remote,29,4.4,47100,6.4,12.8,5.4,4.0,1,22.3,5.0,6.7,6.4,9.2,0
EMP-01988,Engineering,Senior,Full-time,Hybrid,34,5.6,106400,7.0,13.4,8.2,2.6,1,31.8,6.9,7.2,7.7,3.0,0
EMP-01989,Sales,Mid,Full-time,On-site,24,1.3,62000,6.0,6.7,7.2,0.1,0,0.0,8.1,7.5,8.4,7.3,0
EMP-01990,Engineering,Manager,Full-time,Hybrid,31,11.5,118000,6.3,10.2,8.0,10.0,3,19.1,6.0,7.2,7.5,13.9,1
EMP-01991,Marketing,Entry,Full-time,Hybrid,23,0.3,38800,5.6,0.0,8.3,0.1,0,35.5,7.3,6.7,8.5,3.9,0
EMP-01992,Engineering,Manager,Part-time,On-site,40,8.4,127800,8.0,12.2,7.6,3.3,3,3.7,7.4,7.0,8.3,1.6,0
EMP-01993,Finance,Entry,Full-time,Hybrid,25,1.7,45400,5.3,10.1,4.1,0.1,0,43.5,6.2,5.2,7.2,6.3,1
EMP-01994,Customer Success,Senior,Full-time,Hybrid,37,6.0,86800,8.9,10.8,6.4,3.9,2,22.7,6.3,6.6,6.3,9.4,1
EMP-01995,Sales,Senior,Full-time,On-site,40,8.7,85200,6.0,5.1,8.2,5.7,3,11.1,6.9,7.8,7.0,4.6,0
EMP-01996,Marketing,Mid,Full-time,On-site,41,4.6,48400,8.5,18.7,7.2,2.0,1,38.4,6.6,5.9,6.3,3.9,0
EMP-01997,Marketing,Senior,Full-time,On-site,42,11.1,89500,8.2,14.0,6.6,8.6,3,26.9,4.3,5.0,7.6,3.3,1
EMP-01998,Sales,Entry,Full-time,Hybrid,21,0.2,40800,6.6,6.0,7.4,0.1,0,28.1,7.1,6.6,7.4,10.2,0
EMP-01999,Engineering,Mid,Full-time,Hybrid,27,3.1,84900,5.4,6.3,4.7,0.1,0,8.0,6.2,5.8,6.8,0.0,0
EMP-02000,Operations,Mid,Full-time,Remote,21,2.6,75400,7.4,19.4,7.4,0.1,0,31.0,6.3,7.1,6.8,5.5,0
EMP-02001,Marketing,Manager,Full-time,Remote,39,7.0,113900,7.2,15.6,5.0,2.4,2,24.3,6.6,6.6,4.3,8.0,0
EMP-02002,HR,Mid,Part-time,Hybrid,30,2.2,52600,6.3,6.6,4.6,0.1,0,30.8,6.7,7.7,6.6,6.8,0
EMP-02003,Engineering,Entry,Full-time,On-site,38,2.4,60500,5.6,0.0,6.6,0.4,0,25.5,7.3,9.5,8.1,4.2,0
EMP-02004,HR,Mid,Full-time,Hybrid,40,3.9,54100,7.1,10.9,3.6,1.9,2,13.2,6.2,5.5,3.9,6.4,1
EMP-02005,HR,Entry,Full-time,Remote,32,2.6,40600,4.0,0.0,5.6,0.1,0,32.0,6.1,8.3,6.7,4.4,0
EMP-02006,HR,Senior,Part-time,Hybrid,30,7.2,94500,8.2,22.3,6.1,3.3,3,32.9,5.2,4.2,6.5,9.6,0
EMP-02007,Customer Success,Mid,Full-time,Remote,25,1.7,42400,7.2,19.8,5.1,0.1,0,34.3,6.4,6.4,8.3,11.9,0
EMP-02008,Operations,Senior,Full-time,Hybrid,30,6.6,93400,8.6,16.6,5.5,4.5,1,33.9,3.8,4.5,4.2,8.7,1
EMP-02009,Customer Success,Mid,Full-time,Remote,22,1.9,65900,8.1,13.4,5.3,0.1,0,28.3,5.8,6.0,5.3,4.5,0
EMP-02010,Operations,Mid,Full-time,On-site,32,2.1,57700,7.1,10.7,7.8,0.1,0,19.3,6.7,6.3,5.7,5.0,0
EMP-02011,Sales,Manager,Full-time,Hybrid,33,6.5,106900,3.6,0.0,5.4,2.4,1,33.8,6.1,6.6,7.2,2.6,0
EMP-02012,Operations,Mid,Full-time,On-site,22,3.0,35400,6.7,10.7,7.4,1.1,0,31.9,5.6,4.6,5.5,10.0,1
EMP-02013,Engineering,Entry,Full-time,On-site,28,1.7,49600,5.4,0.0,8.6,1.4,1,42.0,7.8,6.8,6.9,8.1,0
EMP-02014,Sales,Entry,Full-time,Hybrid,37,1.1,42800,5.1,2.3,8.2,0.1,0,54.3,6.7,5.5,6.5,2.6,0
EMP-02015,Customer Success,Senior,Full-time,Hybrid,32,6.1,75400,8.0,31.0,5.8,0.9,1,5.2,3.8,3.8,5.5,13.4,1
EMP-02016,Engineering,Entry,Part-time,Hybrid,26,2.2,48400,5.9,10.1,6.8,0.1,0,25.0,5.9,7.4,9.3,3.7,0
EMP-02017,Sales,Entry,Full-time,Hybrid,28,2.2,41900,7.0,9.1,7.1,1.7,1,43.8,5.2,4.9,6.9,3.8,0
EMP-02018,Marketing,Entry,Full-time,Remote,30,2.5,47100,5.9,8.1,6.2,0.1,0,28.7,6.6,6.6,6.4,6.1,0
EMP-02019,Marketing,Senior,Full-time,On-site,30,5.6,87500,5.4,6.9,3.8,1.8,1,16.7,5.9,6.8,5.5,8.9,0
EMP-02020,Operations,Mid,Full-time,On-site,22,0.3,66900,4.3,0.0,9.9,0.1,1,11.2,10.0,9.8,5.6,0.0,0
EMP-02021,HR,Entry,Part-time,On-site,22,0.2,36700,5.2,5.5,6.7,0.1,0,39.9,4.3,5.7,6.4,7.0,1
EMP-02022,Sales,Entry,Full-time,Hybrid,28,1.6,31300,5.8,12.0,6.7,0.1,0,50.2,6.8,4.8,6.9,6.0,0
EMP-02023,Operations,Senior,Full-time,Hybrid,36,4.8,83800,7.7,19.8,9.3,0.6,1,32.8,6.4,6.8,6.2,2.4,0
EMP-02024,Engineering,Mid,Full-time,Remote,35,4.0,58800,6.5,10.8,7.7,3.8,1,11.7,7.1,6.7,5.8,6.4,0
EMP-02025,Marketing,Mid,Part-time,Hybrid,33,6.3,60200,7.1,0.0,7.7,2.7,2,30.7,6.7,6.2,7.5,7.2,0
EMP-02026,Engineering,Entry,Full-time,Hybrid,21,1.8,51500,8.3,13.2,9.8,0.8,0,28.6,8.2,8.6,9.2,6.0,0
EMP-02027,Engineering,Entry,Full-time,Hybrid,25,0.2,77100,6.7,15.1,4.3,0.1,0,32.0,4.0,3.5,4.5,8.1,1
EMP-02028,Operations,Mid,Full-time,Remote,37,3.1,59200,7.1,2.8,8.5,1.1,0,25.4,4.1,6.3,6.4,11.0,0
EMP-02029,Marketing,Manager,Full-time,On-site,40,7.0,92300,4.1,4.0,7.9,4.5,2,14.1,6.7,7.1,8.1,6.8,0
EMP-02030,Sales,Entry,Full-time,On-site,24,1.4,33700,6.1,5.3,9.0,0.1,1,30.0,8.4,7.2,8.9,3.5,0
EMP-02031,Operations,Mid,Full-time,On-site,26,0.4,67800,7.1,21.9,6.7,0.1,1,2.7,3.8,4.5,6.6,6.4,0
EMP-02032,Sales,Mid,Full-time,Hybrid,39,4.7,73100,5.0,0.0,6.5,0.1,1,10.0,8.6,6.8,6.8,4.4,0
EMP-02033,Finance,Mid,Full-time,On-site,28,1.7,74200,5.8,4.4,7.0,0.1,0,23.3,5.2,7.4,6.8,7.3,0
EMP-02034,Operations,Mid,Full-time,On-site,31,3.9,58400,8.5,10.6,8.9,0.5,1,38.2,4.1,7.3,8.2,8.4,0
EMP-02035,Engineering,Mid,Full-time,On-site,31,3.8,82000,5.2,5.4,8.3,0.1,1,35.7,8.1,7.4,9.2,5.8,0
EMP-02036,Sales,Senior,Full-time,On-site,31,6.4,85100,6.3,13.2,5.6,5.6,1,23.3,5.8,7.6,6.8,10.8,0
EMP-02037,Sales,Senior,Part-time,Hybrid,51,10.4,95600,6.0,5.8,9.6,9.0,2,38.6,8.2,8.0,10.0,0.7,0
EMP-02038,Marketing,Senior,Full-time,Remote,41,5.2,95700,6.3,2.9,7.2,5.0,1,19.9,6.4,4.3,6.4,5.7,0
EMP-02039,Engineering,Manager,Full-time,Hybrid,38,8.6,105100,7.5,15.0,7.7,3.5,2,44.0,7.4,6.6,5.8,4.0,0
EMP-02040,Finance,Entry,Full-time,Remote,25,1.7,57400,8.7,7.3,10.0,0.1,0,40.4,5.8,8.3,6.6,1.9,1
EMP-02041,Operations,Entry,Full-time,Hybrid,30,3.9,42800,6.2,11.1,7.3,0.5,1,13.5,6.6,6.4,4.9,5.1,1
EMP-02042,Sales,Entry,Full-time,Hybrid,27,0.2,47500,6.7,6.5,7.6,0.1,0,35.6,7.6,6.2,6.0,2.5,0
EMP-02043,Sales,Entry,Full-time,Hybrid,21,3.2,50000,7.2,2.3,8.8,1.5,0,30.4,7.2,7.8,6.8,5.4,0
EMP-02044,Engineering,Senior,Part-time,Hybrid,27,5.3,93300,4.7,0.6,7.8,1.5,1,4.7,7.1,8.2,7.7,2.9,0
EMP-02045,Customer Success,Manager,Full-time,Hybrid,32,3.9,113100,5.2,0.9,8.9,0.1,1,22.1,9.5,7.8,6.7,6.1,0
EMP-02046,Customer Success,Mid,Full-time,Hybrid,23,0.2,73000,6.2,13.0,7.4,0.1,0,31.8,5.7,5.4,5.2,9.6,0
EMP-02047,Marketing,Manager,Full-time,On-site,40,9.0,118800,6.5,3.5,7.7,5.4,2,0.7,6.5,7.0,7.1,2.9,0
EMP-02048,Finance,Senior,Full-time,Hybrid,34,4.3,86100,8.3,9.4,5.1,1.7,1,36.3,5.9,6.1,8.1,10.6,1
EMP-02049,Operations,Entry,Full-time,Hybrid,33,2.7,40500,6.8,10.5,7.9,0.2,0,47.4,5.4,7.5,7.7,7.4,0
EMP-02050,Operations,Entry,Full-time,Hybrid,29,3.5,45200,7.3,19.6,9.7,0.7,1,34.6,7.3,6.2,9.1,8.5,0
EMP-02051,Engineering,Entry,Full-time,Hybrid,28,3.1,50700,7.5,18.1,6.6,0.1,0,28.1,7.2,6.0,7.6,8.6,0
EMP-02052,Finance,Senior,Full-time,On-site,44,11.4,90600,4.9,11.9,8.1,10.0,4,34.2,8.8,7.4,5.7,7.2,0
EMP-02053,Marketing,Entry,Full-time,Hybrid,33,1.0,35300,7.0,16.2,7.0,0.1,0,36.1,6.1,6.9,5.8,6.2,0
EMP-02054,Customer Success,Mid,Full-time,On-site,44,7.5,66100,6.6,0.0,4.9,3.3,2,13.3,7.0,6.7,8.0,8.0,0
EMP-02055,Sales,Entry,Full-time,Hybrid,33,2.2,57100,5.4,6.2,5.6,0.1,1,35.2,6.5,6.1,7.8,1.7,0
EMP-02056,Engineering,Mid,Full-time,Remote,28,2.8,76400,8.0,14.3,6.9,2.5,0,24.7,5.7,5.5,6.9,11.1,0
EMP-02057,Operations,Mid,Full-time,Hybrid,33,3.2,67500,8.4,20.0,7.5,0.1,0,18.4,5.7,7.4,6.7,7.6,0
EMP-02058,Engineering,Entry,Part-time,On-site,24,1.1,53900,7.1,7.7,5.9,0.1,0,17.9,6.8,6.4,7.5,10.6,0
EMP-02059,Customer Success,Mid,Full-time,On-site,34,2.7,71800,6.7,17.0,7.8,0.1,1,21.6,5.8,6.0,6.2,1.0,0
EMP-02060,HR,Senior,Full-time,Hybrid,36,7.0,88600,7.1,0.1,8.1,4.8,3,26.8,5.1,5.5,7.0,4.9,0
EMP-02061,Marketing,Manager,Full-time,Hybrid,39,8.0,117400,5.7,8.2,7.0,5.1,3,21.8,7.4,7.2,8.5,2.2,0
EMP-02062,Engineering,Entry,Full-time,Hybrid,23,0.2,50700,7.4,13.2,7.5,0.1,0,37.1,5.7,7.1,6.3,8.8,0
EMP-02063,Operations,Mid,Full-time,On-site,31,3.4,64700,6.0,23.9,5.2,1.7,1,33.2,4.8,5.0,5.2,15.5,0
EMP-02064,Marketing,Entry,Full-time,Hybrid,22,0.2,56100,6.6,13.1,9.5,0.1,0,44.8,6.1,5.2,6.2,8.2,1
EMP-02065,Operations,Senior,Full-time,Hybrid,42,7.0,87400,6.2,12.7,8.3,5.1,2,29.9,5.3,7.0,7.1,9.5,0
EMP-02066,Sales,Entry,Full-time,On-site,35,2.6,34300,6.1,9.6,5.0,0.1,0,14.9,6.3,6.7,7.5,6.2,0
EMP-02067,HR,Mid,Full-time,On-site,35,6.4,51000,4.3,10.6,9.6,2.5,1,10.3,6.8,6.6,8.1,6.2,0
EMP-02068,Marketing,Mid,Full-time,Hybrid,33,5.0,46400,6.8,11.6,7.2,3.3,1,38.0,7.9,4.2,7.1,10.0,0
EMP-02069,Sales,Entry,Full-time,On-site,38,4.2,55700,6.5,11.2,3.2,0.1,1,18.6,5.2,6.1,6.7,10.9,1
EMP-02070,Sales,Manager,Full-time,Hybrid,36,7.4,110800,6.7,16.5,7.3,2.8,2,31.3,6.1,6.1,8.6,6.0,0
EMP-02071,Engineering,Mid,Full-time,Hybrid,31,1.8,74500,7.7,12.5,5.6,0.3,0,13.6,5.3,6.1,6.0,13.3,0
EMP-02072,Engineering,Mid,Full-time,Hybrid,37,5.5,46500,5.9,15.0,6.9,2.1,1,20.7,8.0,9.0,8.4,0.0,0
EMP-02073,Engineering,Mid,Full-time,On-site,42,5.5,75600,6.5,7.9,7.0,3.5,1,14.9,5.3,4.5,8.3,9.4,0
EMP-02074,Engineering,Entry,Full-time,On-site,23,1.6,69100,8.1,10.0,7.0,0.1,1,27.2,6.5,6.4,6.2,12.9,0
EMP-02075,Operations,Mid,Full-time,Remote,47,7.8,71600,5.8,14.4,9.1,1.5,2,10.5,7.7,7.4,7.7,3.8,0
EMP-02076,Finance,Mid,Full-time,On-site,27,2.4,70000,5.6,0.0,7.4,0.5,1,31.6,9.0,8.9,7.5,4.1,0
EMP-02077,Customer Success,Senior,Part-time,Hybrid,33,7.1,83800,6.1,15.5,5.3,1.1,3,12.6,6.2,5.1,5.4,6.4,0
EMP-02078,Customer Success,Mid,Full-time,On-site,27,2.7,77900,7.0,14.8,10.0,0.1,0,22.8,6.6,5.5,6.8,5.7,0
EMP-02079,HR,Mid,Full-time,Remote,32,2.0,62100,8.9,13.8,7.6,0.8,1,29.8,7.2,5.9,5.6,0.1,0
EMP-02080,Customer Success,Senior,Full-time,Hybrid,38,6.9,89100,6.2,3.9,7.9,0.1,1,15.6,5.7,6.1,7.5,9.7,0
EMP-02081,Customer Success,Senior,Full-time,Hybrid,32,5.3,89300,5.8,13.1,5.9,4.4,1,35.5,7.5,5.9,5.7,8.6,1
EMP-02082,Engineering,Senior,Full-time,Hybrid,39,9.8,105000,5.9,2.0,6.7,5.4,2,26.6,6.7,6.9,8.0,11.3,0
EMP-02083,Engineering,Entry,Full-time,Remote,24,0.6,59400,6.6,4.5,8.0,0.1,0,20.8,6.6,7.8,6.5,10.5,0
EMP-02084,Engineering,Mid,Full-time,Hybrid,28,4.7,79800,7.3,12.9,8.0,2.8,2,30.0,6.7,6.5,4.7,8.0,0
EMP-02085,Finance,Entry,Full-time,Remote,28,2.9,50000,6.2,13.8,7.4,0.2,0,28.4,8.6,6.3,3.8,3.8,0
EMP-02086,Finance,Mid,Full-time,Hybrid,38,4.0,72400,5.5,17.8,4.3,1.1,1,22.1,4.2,5.2,6.6,1.2,0
EMP-02087,Customer Success,Entry,Full-time,Hybrid,30,4.7,42100,6.5,11.0,5.9,0.1,1,31.1,5.9,5.8,4.8,5.0,0
EMP-02088,Marketing,Mid,Part-time,Hybrid,33,4.8,67300,6.6,5.1,6.8,1.9,1,23.2,4.9,7.4,8.4,0.0,0
EMP-02089,Engineering,Mid,Full-time,On-site,33,2.1,68300,4.6,0.0,6.5,0.1,0,6.5,7.3,7.1,5.8,4.8,0
EMP-02090,Finance,Mid,Full-time,On-site,36,5.6,68000,6.5,13.3,9.8,5.0,1,14.3,5.9,7.7,8.4,4.9,0
EMP-02091,HR,Entry,Full-time,Hybrid,21,0.2,38200,4.1,6.0,7.8,0.1,1,36.9,8.5,7.2,5.3,1.5,0
EMP-02092,Finance,Mid,Full-time,On-site,21,2.2,56000,6.2,19.7,6.9,0.4,0,34.8,4.5,4.5,6.9,6.4,0
EMP-02093,Operations,Senior,Full-time,Hybrid,31,6.9,91800,6.0,6.7,5.6,2.2,2,26.5,7.5,6.0,5.8,4.8,0
EMP-02094,Customer Success,Entry,Part-time,Hybrid,24,0.2,30000,5.1,4.3,8.3,0.1,0,19.9,6.6,8.1,8.9,4.5,0
EMP-02095,Engineering,Senior,Full-time,Hybrid,43,6.4,93600,6.6,3.6,7.4,6.4,1,30.1,6.3,7.1,6.0,4.8,0
EMP-02096,HR,Mid,Full-time,Hybrid,22,1.1,80500,8.9,3.9,8.4,0.7,1,39.6,6.4,7.3,7.7,10.3,0
EMP-02097,Sales,Entry,Full-time,Hybrid,36,5.1,51800,4.2,4.1,7.2,1.3,1,45.5,5.7,7.6,7.0,10.7,0
EMP-02098,Engineering,Mid,Full-time,On-site,34,4.8,82000,7.9,0.3,7.7,3.0,1,39.7,8.4,8.7,7.5,2.8,0
EMP-02099,Finance,Entry,Full-time,On-site,25,1.9,36800,7.1,9.2,4.8,0.1,0,20.7,5.8,4.7,6.6,5.3,0
EMP-02100,Engineering,Senior,Full-time,Hybrid,41,7.8,94200,5.8,16.8,4.7,4.9,3,27.8,6.4,4.8,7.4,10.6,1
EMP-02101,Sales,Entry,Full-time,Remote,36,4.6,39600,7.7,11.3,5.8,2.5,1,27.3,6.4,5.4,6.6,6.0,0
EMP-02102,Finance,Mid,Full-time,Hybrid,29,2.7,67100,6.2,7.4,8.1,0.2,0,14.4,6.6,6.1,6.9,9.6,0
EMP-02103,Engineering,Entry,Full-time,Hybrid,27,2.4,47100,5.5,7.1,7.4,0.1,0,25.7,6.0,4.8,5.2,2.0,1
EMP-02104,Operations,Senior,Full-time,On-site,39,9.9,89400,5.8,6.5,6.1,8.2,2,18.8,5.8,7.1,6.8,11.7,0
EMP-02105,Sales,Entry,Full-time,On-site,21,0.2,46700,5.4,8.4,5.7,0.1,1,33.5,4.7,6.2,6.8,12.5,0
EMP-02106,Finance,Manager,Full-time,Hybrid,47,9.3,104600,6.5,7.0,2.9,5.2,2,39.1,3.9,5.0,6.6,7.4,1
EMP-02107,Marketing,Entry,Full-time,Remote,25,1.4,56200,8.7,14.3,5.9,0.1,0,39.7,6.4,6.1,7.0,6.0,0
EMP-02108,Customer Success,Mid,Full-time,Hybrid,34,3.7,57100,5.8,8.0,3.4,0.1,1,25.6,4.4,5.3,6.0,6.0,0
EMP-02109,HR,Mid,Full-time,Hybrid,35,1.4,82800,5.9,3.0,5.2,0.1,1,25.5,8.1,6.7,4.9,5.4,0
EMP-02110,Operations,Mid,Full-time,Remote,36,5.2,60400,7.8,13.9,7.1,3.5,1,0.0,7.1,7.2,6.4,7.1,0
EMP-02111,Marketing,Senior,Full-time,On-site,29,7.6,85800,6.7,14.7,7.4,5.8,2,37.4,5.8,7.1,8.5,7.4,1
EMP-02112,Finance,Entry,Full-time,On-site,34,4.1,62700,6.7,19.4,8.4,0.1,1,26.2,6.9,5.8,6.0,7.1,1
EMP-02113,Operations,Entry,Full-time,Hybrid,29,3.0,36000,7.2,21.9,8.5,0.3,1,37.8,7.5,6.3,5.1,6.5,0
EMP-02114,Engineering,Manager,Full-time,On-site,41,7.3,126400,4.5,0.0,7.1,2.7,2,25.6,7.6,5.5,5.3,1.4,0
EMP-02115,Operations,Entry,Full-time,Hybrid,23,0.7,38000,6.2,8.4,8.0,0.1,1,19.8,7.9,5.7,6.3,6.8,0
EMP-02116,Sales,Senior,Full-time,On-site,40,7.3,89300,6.7,4.5,7.8,5.0,2,28.4,6.6,7.8,7.4,4.0,0
EMP-02117,Engineering,Mid,Full-time,Remote,21,1.5,56600,7.4,19.0,7.4,0.1,0,8.6,4.2,6.1,4.3,4.3,0
EMP-02118,Sales,Senior,Full-time,On-site,29,3.8,102100,5.3,7.0,8.6,2.5,1,35.7,6.3,6.6,6.7,0.0,0
EMP-02119,Sales,Entry,Full-time,On-site,28,3.3,47100,3.6,0.0,7.9,0.7,0,60.1,8.9,8.4,5.5,6.8,0
EMP-02120,HR,Senior,Full-time,On-site,36,5.5,107900,6.5,0.0,5.1,2.8,1,26.2,3.7,5.2,7.4,10.7,0
EMP-02121,Sales,Senior,Full-time,Hybrid,38,4.5,77700,4.0,8.4,7.1,0.1,1,39.4,6.1,7.0,6.5,0.0,1
EMP-02122,Sales,Mid,Full-time,Remote,41,5.0,63200,5.2,3.6,8.8,1.7,1,16.8,6.4,7.1,7.6,4.7,0
EMP-02123,Operations,Entry,Full-time,On-site,27,0.2,30000,7.2,19.6,8.2,0.1,1,31.3,6.7,6.8,6.1,9.1,0
EMP-02124,Operations,Entry,Full-time,On-site,33,2.0,31200,3.9,0.0,5.5,0.1,0,48.5,6.3,7.3,5.9,5.8,0
EMP-02125,Customer Success,Entry,Full-time,Hybrid,26,0.3,53600,7.3,13.2,8.4,0.1,0,18.0,7.7,6.8,7.2,7.8,0
EMP-02126,Operations,Entry,Full-time,Hybrid,24,0.3,36700,7.7,29.5,6.1,0.1,0,36.3,4.6,5.8,6.0,5.0,1
EMP-02127,Engineering,Senior,Full-time,Hybrid,34,5.8,95400,3.7,0.0,5.1,3.6,1,25.2,6.2,7.0,4.1,5.8,1
EMP-02128,Marketing,Senior,Full-time,Hybrid,31,4.9,83600,5.2,10.7,9.1,0.1,1,36.5,6.8,5.7,7.0,4.3,0
EMP-02129,Engineering,Mid,Full-time,On-site,27,2.0,76600,5.9,3.2,5.0,0.1,1,36.1,6.2,7.1,6.6,7.1,0
EMP-02130,Engineering,Mid,Full-time,On-site,41,4.9,66800,7.5,6.9,7.4,0.9,1,23.9,5.1,5.9,9.2,0.0,0
EMP-02131,HR,Entry,Full-time,Hybrid,33,4.1,30000,5.5,8.9,3.7,0.1,2,32.2,7.8,5.3,6.9,8.5,0
EMP-02132,HR,Senior,Full-time,Hybrid,31,5.7,90000,4.7,4.8,7.1,2.5,2,30.6,6.3,6.9,6.0,7.0,0
EMP-02133,Finance,Mid,Full-time,Hybrid,27,3.5,69500,6.5,5.2,7.2,1.6,1,29.9,5.7,7.4,6.1,3.0,0
EMP-02134,Customer Success,Mid,Full-time,On-site,31,3.5,70800,7.0,8.0,8.2,0.1,2,12.8,5.3,8.2,9.1,14.7,1
EMP-02135,Operations,Mid,Full-time,On-site,27,1.5,74800,4.0,4.5,8.6,0.1,0,32.0,8.2,7.1,7.1,0.0,0
EMP-02136,Customer Success,Senior,Full-time,On-site,45,9.9,76900,7.5,20.3,6.4,8.1,3,29.5,3.6,3.8,7.4,11.0,1
EMP-02137,Finance,Mid,Full-time,Remote,28,3.0,62800,5.3,3.4,8.2,0.3,0,22.0,7.5,6.6,9.4,4.6,0
EMP-02138,Engineering,Mid,Part-time,On-site,25,0.7,74100,7.3,12.6,5.9,0.1,0,15.1,6.0,6.2,5.7,10.1,0
EMP-02139,Customer Success,Mid,Part-time,Hybrid,32,2.3,75500,6.7,12.2,6.6,1.6,0,42.6,5.8,4.6,7.1,9.2,0
EMP-02140,Engineering,Entry,Full-time,Hybrid,28,1.7,50700,3.5,0.0,5.8,0.1,0,35.3,6.8,6.4,8.5,5.5,0
EMP-02141,Sales,Senior,Full-time,Remote,38,4.5,88300,6.6,8.0,6.8,1.6,2,34.9,5.2,4.2,6.6,5.2,1
EMP-02142,Sales,Senior,Full-time,On-site,36,8.4,90800,7.9,11.9,6.1,1.3,2,17.6,6.5,8.6,8.7,8.3,0
EMP-02143,Marketing,Senior,Full-time,Hybrid,37,4.5,97000,5.0,1.0,3.5,0.1,1,19.7,6.6,5.8,5.5,0.3,0
EMP-02144,Marketing,Entry,Full-time,On-site,38,5.7,32900,7.2,15.6,6.4,2.5,1,27.6,4.5,5.3,8.5,10.7,0
EMP-02145,Operations,Mid,Full-time,Hybrid,30,4.4,69500,7.0,20.4,4.4,1.8,1,23.3,5.0,4.5,6.5,1.9,1
EMP-02146,Operations,Entry,Full-time,On-site,21,1.1,43200,6.3,7.9,6.2,0.1,0,21.1,7.9,6.8,8.5,4.1,0
EMP-02147,Engineering,Entry,Full-time,Hybrid,27,2.8,61100,8.7,9.5,7.0,0.6,0,35.5,4.7,5.9,6.4,13.2,1
EMP-02148,HR,Entry,Full-time,Hybrid,28,1.3,49700,3.9,9.7,7.4,0.1,0,22.6,7.6,4.6,7.5,0.0,0
EMP-02149,Operations,Mid,Full-time,Hybrid,31,4.6,39600,6.4,7.7,6.3,2.8,2,24.5,5.6,5.7,5.8,6.8,0
EMP-02150,Sales,Senior,Full-time,Hybrid,34,5.6,99800,5.1,3.6,8.7,4.7,1,41.5,6.9,7.2,10.0,1.1,0
EMP-02151,Finance,Senior,Full-time,On-site,47,8.4,101000,8.0,10.1,7.6,5.7,3,40.2,5.6,5.7,8.7,8.5,0
EMP-02152,Engineering,Mid,Full-time,On-site,33,5.0,82800,7.5,15.7,4.5,2.9,1,16.3,5.7,5.7,5.6,6.6,0
EMP-02153,Engineering,Mid,Full-time,Hybrid,28,5.3,57900,4.9,0.0,8.6,0.7,2,36.8,7.7,7.4,7.9,3.7,0
EMP-02154,Sales,Senior,Full-time,Hybrid,29,5.7,82500,4.7,0.0,8.2,0.3,1,34.6,7.4,7.7,5.9,13.5,0
EMP-02155,Customer Success,Entry,Full-time,Hybrid,31,1.2,51600,5.7,6.1,7.8,0.1,1,33.1,8.0,7.7,6.5,4.0,0
EMP-02156,Engineering,Mid,Full-time,Hybrid,21,0.2,66800,8.6,13.7,7.9,0.1,1,19.3,4.5,5.6,7.1,4.8,1
EMP-02157,HR,Senior,Full-time,Hybrid,34,7.3,51900,6.1,7.5,7.0,3.6,3,32.8,7.5,5.4,7.2,10.8,0
EMP-02158,HR,Mid,Full-time,On-site,31,2.8,63300,2.8,2.4,10.0,0.8,0,31.5,9.8,8.4,6.8,4.3,0
EMP-02159,Customer Success,Mid,Full-time,On-site,31,5.7,56800,3.1,0.0,7.1,2.4,1,27.6,5.8,7.5,7.0,6.9,0
EMP-02160,Operations,Entry,Full-time,Hybrid,21,2.1,31900,4.3,1.3,6.8,1.2,0,23.4,8.3,7.3,7.6,5.6,0
EMP-02161,Customer Success,Mid,Full-time,On-site,26,3.0,59000,6.8,6.5,6.2,0.1,0,54.1,6.7,7.0,7.2,0.0,0
EMP-02162,Sales,Senior,Full-time,On-site,38,7.0,75000,4.7,1.7,6.8,2.1,2,21.9,8.7,9.9,6.1,5.7,0
EMP-02163,Finance,Entry,Full-time,On-site,26,3.9,54300,6.8,8.4,6.8,1.6,2,28.1,5.6,5.8,5.7,5.4,0
EMP-02164,Engineering,Entry,Full-time,Hybrid,37,4.9,44300,5.7,6.2,5.7,2.1,2,41.7,6.7,6.0,8.8,5.7,0
EMP-02165,Finance,Senior,Full-time,Remote,32,5.6,102500,6.2,9.1,8.5,0.8,2,35.5,6.7,7.6,7.4,7.3,0
EMP-02166,Operations,Senior,Full-time,Hybrid,48,8.2,87300,5.7,15.4,8.5,2.4,2,23.0,6.4,6.6,7.1,6.1,1
EMP-02167,Engineering,Entry,Full-time,On-site,30,1.8,51500,8.7,25.9,5.0,0.1,0,22.5,4.2,4.5,5.7,8.7,0
EMP-02168,Engineering,Manager,Full-time,Hybrid,46,7.5,139200,3.5,8.1,6.8,4.0,2,18.3,7.3,6.6,6.7,9.9,0
EMP-02169,Sales,Entry,Full-time,Hybrid,28,2.4,57500,6.6,7.0,5.8,0.1,0,34.3,7.9,7.2,6.5,4.4,0
EMP-02170,Engineering,Mid,Full-time,On-site,36,7.7,88400,8.0,11.7,10.0,2.0,2,29.0,6.2,7.2,6.9,3.9,0
EMP-02171,Engineering,Senior,Full-time,On-site,34,4.5,104500,8.0,24.8,7.9,3.5,1,19.3,5.9,7.4,8.8,5.4,0
EMP-02172,Operations,Senior,Part-time,Hybrid,26,6.1,85000,7.8,10.5,6.8,2.6,2,19.8,6.7,8.1,8.7,0.7,0
EMP-02173,Sales,Mid,Full-time,On-site,33,4.4,74700,6.4,7.8,3.9,4.6,1,37.7,5.4,5.6,6.7,9.2,0
EMP-02174,Operations,Senior,Full-time,Remote,31,4.1,93700,6.3,13.5,8.2,1.0,1,30.9,7.4,6.4,6.6,8.9,0
EMP-02175,Sales,Mid,Full-time,On-site,36,3.2,63300,7.8,13.8,9.3,0.1,0,27.2,7.2,7.9,8.0,11.5,0
EMP-02176,Customer Success,Mid,Part-time,Remote,30,1.6,59400,9.0,11.3,8.0,0.1,0,15.4,6.2,5.4,8.1,3.5,0
EMP-02177,Marketing,Senior,Full-time,On-site,41,6.9,79200,7.1,12.3,6.3,3.7,1,37.5,6.5,5.9,7.5,8.5,0
EMP-02178,HR,Entry,Full-time,On-site,30,1.1,30000,6.6,9.1,6.8,0.1,0,24.3,6.5,7.2,6.7,11.7,0
EMP-02179,Customer Success,Manager,Part-time,On-site,39,9.9,114000,6.7,5.2,8.5,8.1,2,10.9,7.0,7.0,7.4,2.1,1
EMP-02180,Sales,Mid,Full-time,On-site,30,5.5,70900,5.9,9.8,7.2,1.7,1,32.4,7.2,8.2,9.2,7.5,0
EMP-02181,Marketing,Senior,Full-time,On-site,28,5.6,85700,6.6,11.4,6.1,2.3,1,30.9,7.5,7.1,7.9,3.6,0
EMP-02182,Sales,Senior,Full-time,Hybrid,39,5.9,87000,6.3,12.2,6.6,2.9,1,35.9,5.7,8.1,9.0,10.9,0
EMP-02183,Sales,Mid,Full-time,Remote,31,3.3,57300,5.0,3.0,6.7,3.7,1,23.9,8.1,8.4,7.1,2.6,0
EMP-02184,Engineering,Entry,Full-time,Hybrid,28,1.4,57200,7.2,14.1,9.0,0.1,0,24.4,6.5,5.7,5.7,12.1,0
EMP-02185,Sales,Senior,Full-time,Hybrid,31,6.1,116500,3.9,11.9,4.7,5.2,1,22.9,4.9,5.0,5.6,3.3,1
EMP-02186,Finance,Mid,Full-time,On-site,31,4.5,63100,5.8,4.5,6.0,4.1,2,5.5,7.7,6.2,6.5,4.1,0
EMP-02187,Finance,Entry,Full-time,Hybrid,26,3.3,51300,5.6,0.0,7.3,0.1,0,38.4,5.6,7.7,8.9,8.6,0
EMP-02188,HR,Entry,Full-time,Hybrid,22,2.0,42000,6.5,5.2,7.4,0.1,0,24.0,7.2,5.7,7.3,8.9,0
EMP-02189,Sales,Senior,Full-time,Remote,49,7.7,100100,6.8,9.1,5.7,4.8,3,16.8,5.1,3.7,8.7,9.7,0
EMP-02190,Operations,Manager,Full-time,Hybrid,48,9.7,114100,4.4,5.3,10.0,6.7,3,6.7,7.3,8.6,9.2,3.2,0
EMP-02191,Finance,Entry,Full-time,On-site,29,4.7,59000,8.5,13.7,7.7,4.6,1,30.9,5.4,4.8,7.6,7.8,1
EMP-02192,HR,Senior,Full-time,Remote,49,10.6,79100,6.2,0.0,9.9,6.7,3,23.2,6.6,8.5,8.3,6.5,0
EMP-02193,HR,Entry,Full-time,Hybrid,22,0.2,51200,4.8,1.5,6.7,0.1,0,33.4,6.0,6.0,5.9,4.5,0
EMP-02194,Customer Success,Manager,Full-time,Hybrid,38,7.0,116100,7.3,11.1,7.4,1.4,2,26.8,4.9,4.5,6.4,2.4,1
EMP-02195,Customer Success,Mid,Full-time,Hybrid,39,5.3,50400,7.1,11.2,5.3,0.1,1,24.6,7.7,5.8,6.4,3.7,0
EMP-02196,Operations,Senior,Full-time,Hybrid,42,7.5,100900,7.8,25.4,6.6,4.8,2,35.9,5.9,4.4,6.2,4.3,0
EMP-02197,Engineering,Entry,Full-time,Remote,29,3.2,52600,6.6,0.1,9.3,0.1,0,15.1,7.4,8.2,8.9,6.0,0
EMP-02198,Marketing,Senior,Full-time,Remote,28,4.3,86200,6.1,3.7,8.5,1.2,1,14.5,7.6,8.0,7.5,3.0,0
EMP-02199,Operations,Mid,Full-time,Hybrid,31,3.3,76700,6.9,9.1,8.2,0.1,0,40.0,5.7,6.8,6.6,5.5,0
EMP-02200,Operations,Mid,Full-time,Hybrid,34,1.8,52700,7.1,26.5,7.4,0.1,1,31.1,5.2,6.6,8.8,11.2,0
EMP-02201,Engineering,Mid,Full-time,On-site,35,3.1,77400,7.9,7.4,6.6,2.5,1,22.6,3.6,4.1,8.0,9.8,0
EMP-02202,Finance,Manager,Full-time,On-site,45,8.2,113900,8.3,16.7,7.0,3.6,2,22.8,4.6,4.0,7.7,11.3,0
EMP-02203,Customer Success,Mid,Full-time,Hybrid,31,1.3,53600,7.2,6.0,7.1,0.1,0,46.9,5.2,5.6,8.5,6.2,0
EMP-02204,Engineering,Senior,Full-time,Hybrid,41,7.9,97100,5.7,0.0,8.4,6.5,3,23.9,5.7,6.6,7.1,3.5,0
EMP-02205,Operations,Mid,Full-time,Hybrid,38,8.2,44100,7.4,19.5,3.8,4.3,2,24.7,4.0,3.3,6.1,8.5,1
EMP-02206,Customer Success,Entry,Full-time,On-site,33,4.6,47600,6.1,14.9,5.5,1.4,1,35.6,6.9,7.4,6.4,8.9,1
EMP-02207,Finance,Mid,Full-time,Hybrid,48,5.8,83900,7.8,9.4,6.7,4.7,1,35.2,6.4,5.7,9.2,5.0,0
EMP-02208,Sales,Senior,Full-time,On-site,35,6.3,94100,5.1,0.0,6.3,2.4,1,45.0,6.8,6.2,5.4,3.4,0
EMP-02209,Sales,Mid,Full-time,Remote,36,2.3,70900,4.5,5.7,6.6,1.2,0,7.2,8.5,7.3,6.9,1.4,0
EMP-02210,Operations,Senior,Full-time,Remote,48,10.7,85000,2.7,4.8,7.5,6.6,3,20.9,7.0,6.7,6.9,0.5,0
EMP-02211,Operations,Mid,Full-time,On-site,21,1.5,49100,6.5,9.7,4.1,0.1,0,37.2,4.6,3.8,4.4,0.0,0
EMP-02212,Engineering,Senior,Full-time,Hybrid,46,10.0,95000,3.8,1.6,6.9,7.0,3,46.6,7.7,6.1,5.6,8.7,0
EMP-02213,Customer Success,Manager,Full-time,Remote,37,8.1,119600,6.0,8.9,7.2,6.2,2,25.5,4.7,5.8,7.5,7.4,0
EMP-02214,Engineering,Entry,Part-time,On-site,21,0.2,52500,5.9,9.6,9.4,0.1,0,31.9,7.4,6.9,8.3,4.9,1
EMP-02215,Engineering,Entry,Full-time,On-site,31,2.5,46000,6.2,6.1,7.5,0.1,0,34.8,6.2,7.8,7.9,7.7,0
EMP-02216,Engineering,Mid,Full-time,Hybrid,44,11.4,45800,5.4,5.1,4.2,6.3,3,29.4,7.6,5.9,5.9,6.8,0
EMP-02217,Operations,Senior,Full-time,On-site,39,8.5,76800,5.5,3.3,7.3,3.7,2,9.0,5.6,5.2,9.0,5.9,0
EMP-02218,Operations,Entry,Full-time,Hybrid,27,1.8,60600,5.3,8.2,8.1,0.1,0,16.9,7.2,7.7,9.0,2.7,0
EMP-02219,Customer Success,Manager,Full-time,On-site,29,5.8,108500,7.3,13.7,3.9,1.9,1,5.0,4.9,6.5,7.4,7.7,0
EMP-02220,Engineering,Senior,Full-time,On-site,44,9.0,93300,10.0,22.4,6.8,7.4,2,26.5,4.3,4.8,7.5,12.3,1
EMP-02221,Engineering,Senior,Full-time,On-site,40,7.3,100000,5.4,0.0,7.1,2.8,2,35.9,6.5,7.7,7.1,9.7,0
EMP-02222,Engineering,Senior,Full-time,Hybrid,39,10.0,103000,6.9,0.0,3.6,6.2,3,33.7,4.8,6.5,5.8,3.4,0
EMP-02223,HR,Manager,Full-time,On-site,42,8.4,125800,4.3,0.0,6.6,2.8,2,52.3,8.4,8.3,9.4,7.6,0
EMP-02224,Sales,Entry,Full-time,Hybrid,30,4.2,47500,5.3,12.3,6.2,3.6,1,52.8,6.0,6.9,6.4,1.9,0
EMP-02225,Engineering,Senior,Full-time,Remote,23,2.9,108000,8.1,19.6,6.8,1.0,1,19.5,5.8,5.5,5.5,13.2,1
EMP-02226,HR,Mid,Full-time,Hybrid,30,0.2,67900,4.0,0.0,4.2,0.1,0,7.9,7.0,6.6,5.6,6.2,0
EMP-02227,HR,Manager,Part-time,Hybrid,27,5.1,100500,5.2,2.2,7.7,3.0,1,7.3,6.1,7.7,9.3,5.9,0
EMP-02228,Customer Success,Entry,Part-time,Hybrid,31,3.1,52600,6.2,9.3,8.6,0.1,0,16.9,7.4,7.9,6.9,6.0,0
EMP-02229,Sales,Senior,Part-time,Hybrid,43,10.4,92900,7.9,4.8,6.3,6.8,2,27.4,4.3,7.0,7.3,5.8,0
EMP-02230,Sales,Entry,Full-time,On-site,23,0.2,35600,7.0,11.2,8.3,0.1,1,43.0,5.9,5.2,5.0,8.5,1
EMP-02231,Finance,Entry,Full-time,Remote,31,5.3,63200,5.8,11.9,6.1,1.7,1,26.0,7.8,8.2,6.7,8.0,0
EMP-02232,Sales,Manager,Full-time,On-site,35,10.2,113900,7.6,8.7,4.9,6.6,2,19.6,3.8,4.1,5.9,8.9,1
EMP-02233,Sales,Entry,Full-time,Remote,24,0.6,36500,5.2,2.7,8.1,0.1,0,16.4,7.5,7.7,8.0,1.3,0
EMP-02234,HR,Mid,Full-time,On-site,37,4.9,66900,7.3,6.6,5.0,1.9,2,22.9,6.6,6.5,7.2,6.0,0
EMP-02235,Engineering,Senior,Full-time,Hybrid,42,10.8,91800,5.2,0.0,9.2,8.6,4,37.9,7.3,6.3,8.7,9.0,0
EMP-02236,Engineering,Mid,Full-time,Hybrid,22,1.9,61400,6.1,3.9,7.9,0.1,0,25.3,7.6,6.2,7.8,7.6,0
EMP-02237,Engineering,Entry,Full-time,On-site,22,0.2,47100,6.7,17.5,6.0,0.1,0,25.0,6.9,7.2,5.4,2.9,0
EMP-02238,Engineering,Mid,Full-time,Remote,38,4.6,51600,5.3,4.1,7.6,2.9,1,30.7,5.9,7.9,5.5,2.9,0
EMP-02239,Engineering,Mid,Full-time,Hybrid,30,4.4,78300,7.4,3.8,5.9,1.6,2,16.0,7.0,6.8,5.1,5.2,0
EMP-02240,HR,Senior,Full-time,Hybrid,41,5.1,93500,6.1,11.6,7.1,0.8,1,27.8,5.4,8.4,5.8,10.6,0
EMP-02241,HR,Entry,Full-time,On-site,39,4.5,54500,6.1,0.0,6.6,0.4,2,27.0,8.4,8.2,6.7,7.3,0
EMP-02242,HR,Mid,Full-time,Hybrid,24,0.2,72000,5.0,4.8,10.0,0.1,0,35.7,7.4,6.9,9.1,3.2,0
EMP-02243,Sales,Mid,Full-time,Remote,26,3.6,64100,4.3,6.3,8.6,0.1,1,33.7,6.9,6.5,6.4,8.6,0
EMP-02244,HR,Senior,Full-time,Hybrid,40,8.5,107000,8.1,13.5,4.5,5.2,3,26.2,6.7,4.8,5.3,8.1,0
EMP-02245,HR,Manager,Full-time,Hybrid,34,7.2,106800,8.6,23.4,9.8,4.4,3,28.7,5.7,7.2,8.2,5.9,1
EMP-02246,Sales,Senior,Full-time,Hybrid,34,8.4,104400,6.3,7.1,6.6,6.8,3,27.9,5.8,6.2,7.9,11.3,0
EMP-02247,Finance,Mid,Full-time,On-site,29,4.2,68600,5.7,20.6,7.2,0.5,1,7.0,7.1,6.4,6.5,5.0,0
EMP-02248,Finance,Senior,Full-time,Remote,39,7.0,76800,6.7,13.5,3.9,2.4,2,28.7,5.5,5.1,6.2,1.6,0
EMP-02249,Engineering,Mid,Full-time,On-site,39,6.5,84000,6.6,16.3,8.1,2.7,1,18.4,6.2,5.1,7.3,7.0,1
EMP-02250,Operations,Senior,Part-time,Remote,44,5.3,85500,6.4,7.6,7.0,2.9,2,9.1,6.3,6.8,7.5,5.7,1
EMP-02251,Finance,Mid,Part-time,On-site,35,6.0,63500,5.4,12.5,5.5,3.2,2,29.2,6.1,6.5,6.9,5.8,0
EMP-02252,Sales,Mid,Full-time,On-site,33,3.9,64900,5.4,8.9,9.0,0.1,1,26.3,7.7,8.3,8.3,0.0,0
EMP-02253,Marketing,Entry,Full-time,Hybrid,36,1.8,30700,5.5,8.6,9.1,0.1,0,27.1,8.1,7.6,7.0,4.9,0
EMP-02254,Customer Success,Entry,Full-time,Hybrid,30,3.1,46900,5.9,5.4,5.5,0.1,0,38.5,4.5,5.9,8.2,0.0,0
EMP-02255,Engineering,Mid,Full-time,Remote,35,4.9,75500,7.0,13.6,7.8,2.9,2,31.2,7.4,7.8,9.2,4.7,0
EMP-02256,Customer Success,Mid,Full-time,On-site,30,2.4,60600,6.9,13.9,5.1,0.1,0,13.7,5.7,5.9,7.8,11.2,0
EMP-02257,Engineering,Mid,Full-time,Hybrid,21,3.0,87800,5.7,8.3,6.9,0.1,0,16.7,8.4,7.7,7.2,0.0,0
EMP-02258,Customer Success,Senior,Full-time,Hybrid,45,8.3,73000,5.6,10.8,9.3,5.3,2,26.9,6.4,7.2,8.5,7.3,0
EMP-02259,Sales,Manager,Full-time,On-site,39,8.8,129500,5.9,0.9,5.8,6.9,3,29.1,5.4,5.8,7.5,9.6,1
EMP-02260,Engineering,Mid,Full-time,On-site,35,7.0,82600,4.4,5.4,7.2,6.1,3,2.5,6.9,5.7,6.8,0.0,0
EMP-02261,Engineering,Entry,Full-time,On-site,26,3.3,58900,3.9,5.2,7.5,0.1,0,36.0,6.5,6.5,8.2,7.9,0
EMP-02262,Engineering,Mid,Full-time,Hybrid,31,4.9,69200,7.6,14.0,8.8,2.5,2,3.4,6.2,7.7,9.1,2.2,1
EMP-02263,Operations,Entry,Full-time,On-site,29,1.3,37500,7.8,22.1,4.3,0.1,0,54.0,4.1,3.6,5.9,7.3,1
EMP-02264,Operations,Senior,Full-time,On-site,29,3.0,83300,4.3,10.2,6.0,0.1,0,38.5,9.3,6.8,6.1,6.1,0
EMP-02265,Sales,Entry,Full-time,Hybrid,28,3.6,51800,7.4,11.2,7.1,0.1,1,39.1,6.0,6.6,7.2,4.0,0
EMP-02266,Customer Success,Mid,Full-time,Hybrid,27,4.3,59700,7.5,19.3,7.4,3.8,1,22.5,5.0,5.9,5.0,6.9,1
EMP-02267,Operations,Mid,Full-time,Hybrid,35,6.8,56700,5.3,0.0,7.9,3.3,1,24.0,7.1,7.4,6.8,6.9,0
EMP-02268,Sales,Mid,Full-time,Hybrid,39,6.3,87200,6.6,11.8,5.6,2.6,2,29.9,5.9,6.2,7.4,9.2,0
EMP-02269,Finance,Senior,Full-time,Hybrid,41,8.2,101300,5.3,1.9,7.3,3.7,2,20.0,6.9,8.1,7.2,8.9,0
EMP-02270,Marketing,Entry,Full-time,Remote,31,2.2,57700,4.1,0.0,7.6,0.1,0,29.8,7.9,8.0,5.9,10.4,0
EMP-02271,Finance,Mid,Full-time,On-site,34,5.3,60700,6.1,2.7,5.9,3.5,1,11.3,5.9,6.5,7.3,6.7,0
EMP-02272,HR,Mid,Full-time,Hybrid,33,6.0,47700,5.0,12.2,4.6,3.0,1,14.3,6.2,6.9,6.8,4.4,0
EMP-02273,Engineering,Senior,Full-time,On-site,21,1.1,100300,7.2,16.2,7.5,0.1,0,46.9,6.2,5.5,7.5,4.7,0
EMP-02274,Engineering,Mid,Full-time,Remote,35,4.1,66900,6.2,0.5,6.2,0.3,1,23.9,7.1,5.6,6.6,7.5,0
EMP-02275,HR,Manager,Full-time,On-site,32,8.6,122500,4.1,2.8,5.2,4.1,2,17.5,6.3,5.8,8.3,3.2,0
EMP-02276,Finance,Entry,Full-time,Hybrid,25,1.6,44600,7.4,4.0,9.7,0.1,0,45.5,6.5,6.3,7.0,10.5,0
EMP-02277,Sales,Entry,Full-time,On-site,26,4.3,55600,5.1,11.0,9.3,1.2,1,35.9,5.6,5.9,8.3,15.3,0
EMP-02278,HR,Mid,Full-time,On-site,27,3.1,64000,5.7,7.0,8.3,0.1,0,27.0,6.9,6.5,6.7,3.7,0
EMP-02279,HR,Entry,Full-time,Hybrid,22,2.2,49000,5.7,9.2,3.6,0.1,0,44.5,4.0,7.1,8.1,10.0,0
EMP-02280,Operations,Entry,Full-time,Hybrid,35,1.2,34400,7.0,11.1,6.8,0.1,1,34.3,6.7,6.5,5.4,0.0,0
EMP-02281,Engineering,Manager,Full-time,On-site,49,9.0,102100,8.0,8.1,6.2,8.0,2,21.8,4.0,3.5,5.8,0.9,1
EMP-02282,Customer Success,Entry,Full-time,On-site,31,1.5,64300,4.8,8.3,7.8,0.1,0,37.0,7.8,5.4,6.6,2.9,0
EMP-02283,Operations,Mid,Full-time,On-site,29,3.0,56400,7.2,15.1,8.4,0.6,0,25.0,7.6,5.6,6.2,0.0,0
EMP-02284,Customer Success,Entry,Full-time,Remote,25,2.5,38600,6.5,4.4,6.4,0.1,1,24.8,7.1,5.8,7.3,4.8,0
EMP-02285,Marketing,Mid,Full-time,Hybrid,26,0.2,78800,7.0,0.0,4.1,0.1,1,33.3,5.6,6.6,9.8,7.5,0
EMP-02286,Operations,Entry,Full-time,Hybrid,21,0.9,48200,5.6,5.1,6.5,0.1,0,40.0,9.1,9.0,8.6,9.4,0
EMP-02287,Marketing,Senior,Full-time,On-site,31,8.2,89000,4.3,5.4,8.7,6.1,2,29.1,7.1,6.7,9.3,5.3,0
EMP-02288,Sales,Senior,Full-time,On-site,33,4.8,86400,5.9,0.0,5.8,0.8,2,31.5,6.5,5.9,5.5,5.9,0
EMP-02289,Marketing,Mid,Full-time,On-site,28,5.2,72400,5.9,5.9,7.7,2.1,1,35.4,6.4,5.5,6.4,8.9,0
EMP-02290,HR,Mid,Full-time,On-site,38,3.4,67700,8.8,28.8,6.0,0.1,0,24.6,5.9,6.2,6.3,11.1,1
EMP-02291,Customer Success,Manager,Full-time,On-site,36,8.0,104900,5.3,4.3,7.4,5.3,2,31.8,5.9,6.9,8.0,6.1,0
EMP-02292,Sales,Entry,Full-time,Remote,23,2.1,48200,2.3,0.0,3.7,0.1,0,37.2,6.4,6.7,8.3,2.0,0
EMP-02293,Marketing,Mid,Full-time,Hybrid,30,3.0,72200,3.8,0.0,9.4,0.1,1,38.8,7.9,7.6,10.0,0.0,0
EMP-02294,Sales,Entry,Full-time,Hybrid,31,0.2,51200,7.5,18.6,6.2,0.1,0,19.8,6.9,6.0,6.6,6.6,0
EMP-02295,Sales,Entry,Part-time,Hybrid,36,4.6,49000,4.5,0.0,2.3,2.4,2,20.7,5.8,4.7,5.2,5.6,0
EMP-02296,Sales,Senior,Full-time,Remote,50,8.8,90300,3.1,0.0,7.8,1.7,2,30.4,7.5,8.8,7.6,4.8,0
EMP-02297,Operations,Entry,Full-time,Hybrid,29,3.1,53600,6.3,5.6,8.5,2.0,0,45.4,7.0,7.1,7.1,4.2,0
EMP-02298,Operations,Entry,Full-time,Hybrid,24,2.3,36600,7.8,15.7,7.9,0.9,0,23.8,4.1,5.5,8.4,8.6,1
EMP-02299,Operations,Senior,Full-time,On-site,40,7.4,94000,9.3,17.5,5.1,7.9,2,12.4,4.1,4.6,5.2,10.4,1
EMP-02300,Engineering,Mid,Full-time,Remote,28,3.7,68300,7.5,17.0,6.6,0.1,1,15.1,6.5,5.2,5.0,9.4,0
EMP-02301,Engineering,Mid,Full-time,On-site,29,4.1,85600,6.1,0.0,6.9,2.2,1,31.4,6.0,6.6,8.6,3.7,0
EMP-02302,HR,Manager,Full-time,On-site,52,10.7,119300,7.4,14.5,5.9,9.8,3,30.0,6.5,5.4,6.1,6.7,1
EMP-02303,Finance,Senior,Full-time,Hybrid,43,8.4,88200,7.4,11.3,5.1,5.4,3,30.5,5.4,5.8,8.1,2.6,0
EMP-02304,HR,Entry,Full-time,Remote,23,0.2,50300,7.1,17.2,4.0,0.1,0,24.9,5.7,5.2,7.1,0.5,0
EMP-02305,Customer Success,Mid,Full-time,Remote,21,2.4,59300,10.0,22.9,6.7,0.1,1,18.2,5.2,6.0,6.5,15.1,0
EMP-02306,Engineering,Mid,Full-time,Hybrid,27,2.8,74400,8.7,17.9,5.3,1.0,0,10.4,6.0,5.2,6.9,7.0,0
EMP-02307,Marketing,Senior,Full-time,Hybrid,44,9.0,80100,7.0,10.6,7.7,5.9,3,9.4,5.6,5.0,6.4,6.0,0
EMP-02308,Engineering,Senior,Full-time,Remote,40,10.3,103900,4.6,0.0,6.2,5.2,2,34.5,6.8,6.9,5.8,6.3,0
EMP-02309,Sales,Mid,Full-time,Hybrid,21,2.3,82100,4.1,12.9,6.1,0.1,0,11.7,6.4,7.5,6.3,0.0,0
EMP-02310,Customer Success,Manager,Full-time,Hybrid,47,9.3,101000,6.7,10.9,7.5,7.3,2,5.3,5.2,6.6,6.7,11.9,0
EMP-02311,Operations,Mid,Full-time,Remote,25,2.1,59000,5.7,11.6,6.2,0.1,1,16.6,5.6,5.0,6.2,3.8,0
EMP-02312,Finance,Mid,Full-time,Hybrid,30,2.7,67200,5.5,0.8,7.2,1.6,1,10.3,7.0,8.2,8.6,0.7,0
EMP-02313,Finance,Mid,Full-time,Hybrid,32,2.5,61000,6.9,5.3,8.9,0.8,0,25.1,8.7,5.5,5.5,8.8,0
EMP-02314,Customer Success,Entry,Full-time,On-site,29,6.0,38800,4.5,6.6,7.6,1.0,2,15.0,8.2,7.6,7.8,5.0,0
EMP-02315,HR,Mid,Part-time,Hybrid,46,7.9,70900,6.2,3.5,7.3,4.9,2,1.9,4.9,7.1,8.1,4.5,0
EMP-02316,HR,Mid,Full-time,On-site,32,4.0,79200,7.1,17.9,6.3,0.1,1,35.9,6.7,5.9,8.4,7.7,0
EMP-02317,Customer Success,Entry,Full-time,Hybrid,29,1.0,30000,10.0,30.3,6.8,0.1,0,35.5,6.0,5.2,6.0,12.8,0
EMP-02318,Customer Success,Manager,Full-time,On-site,38,6.7,93700,5.7,16.5,9.1,3.5,1,11.1,6.8,7.0,6.5,9.4,0
EMP-02319,Engineering,Entry,Full-time,Hybrid,29,2.1,50900,7.9,15.3,8.5,0.1,1,40.6,6.3,7.3,7.2,7.7,0
EMP-02320,Operations,Entry,Full-time,Hybrid,27,2.5,30800,8.5,17.9,7.8,0.2,0,35.3,4.8,5.4,4.4,10.5,0
EMP-02321,Marketing,Entry,Full-time,Hybrid,35,4.0,46200,6.5,10.4,7.4,0.3,1,44.8,5.9,4.4,6.6,4.5,0
EMP-02322,Engineering,Manager,Full-time,Hybrid,33,8.6,121400,4.5,0.0,8.3,5.8,2,1.0,6.5,8.5,8.1,6.4,0
EMP-02323,Engineering,Senior,Full-time,Hybrid,33,6.3,83600,8.7,21.1,7.5,1.7,1,17.4,4.8,6.1,7.0,6.4,0
EMP-02324,Engineering,Entry,Full-time,On-site,31,3.4,60300,6.6,14.1,7.2,0.1,0,38.3,6.3,7.4,7.4,10.0,0
EMP-02325,Customer Success,Mid,Part-time,On-site,33,4.1,65200,4.4,0.0,4.5,0.3,1,16.9,6.0,6.9,5.3,6.0,0
EMP-02326,Finance,Mid,Full-time,On-site,34,3.4,72400,5.7,1.5,6.1,2.4,0,15.9,6.8,6.6,7.7,5.3,0
EMP-02327,Engineering,Senior,Full-time,Remote,35,6.2,90800,7.7,0.0,5.5,3.9,1,21.8,7.0,5.1,6.5,1.7,0
EMP-02328,HR,Entry,Full-time,Hybrid,36,5.6,30000,8.6,20.7,6.1,0.8,1,35.7,5.5,6.4,8.2,10.6,1
EMP-02329,Engineering,Mid,Full-time,Hybrid,33,4.7,85600,5.7,7.7,9.7,2.5,1,31.6,6.4,6.1,8.1,0.9,0
EMP-02330,Engineering,Mid,Full-time,On-site,28,4.6,73900,5.0,11.2,9.5,0.7,2,22.7,7.5,7.2,7.6,8.8,0
EMP-02331,Operations,Mid,Full-time,Hybrid,23,1.6,72000,7.3,2.9,8.2,0.1,0,33.3,8.2,8.5,7.5,7.8,0
EMP-02332,Marketing,Mid,Full-time,On-site,37,5.5,69500,6.5,0.0,7.5,0.6,1,12.6,9.2,8.6,7.2,8.1,0
EMP-02333,Operations,Manager,Full-time,Hybrid,38,9.2,114100,5.3,2.7,6.0,9.0,3,3.9,8.6,8.2,7.2,0.0,0
EMP-02334,HR,Senior,Full-time,On-site,35,5.8,86300,5.0,2.8,9.8,0.9,1,16.3,8.8,9.3,7.0,3.8,0
EMP-02335,HR,Mid,Full-time,Remote,41,8.2,64100,5.5,8.8,5.3,5.7,2,51.3,5.9,6.7,6.4,3.6,0
EMP-02336,Finance,Entry,Full-time,On-site,32,3.9,63000,6.3,15.1,6.1,2.8,1,22.2,5.6,5.4,4.3,5.7,0
EMP-02337,Finance,Entry,Full-time,Remote,21,0.2,49700,6.3,6.4,7.3,0.1,0,13.2,7.2,6.5,7.7,4.3,0
EMP-02338,Engineering,Mid,Full-time,On-site,21,1.5,77300,7.6,16.9,8.0,0.1,0,8.8,6.0,5.7,7.2,13.8,0
EMP-02339,Customer Success,Mid,Full-time,Hybrid,29,2.7,68400,7.7,16.3,6.1,0.1,1,23.1,6.8,6.0,6.4,5.8,0
EMP-02340,Sales,Senior,Full-time,Hybrid,35,6.8,96600,3.3,4.0,8.7,7.5,2,32.4,6.7,6.1,6.4,0.0,0
EMP-02341,Engineering,Mid,Full-time,Hybrid,37,5.1,75200,4.0,2.6,9.2,2.9,2,25.2,7.8,7.4,7.8,3.5,0
EMP-02342,Finance,Mid,Full-time,On-site,42,6.1,65400,6.2,4.5,7.0,0.1,1,3.9,6.0,6.0,7.2,6.7,0
EMP-02343,Engineering,Senior,Full-time,Hybrid,41,7.3,85800,7.9,9.9,6.9,6.7,2,13.4,5.7,5.9,7.7,10.4,1
EMP-02344,Finance,Mid,Full-time,On-site,34,4.9,90400,5.9,11.2,5.2,3.7,1,22.1,5.5,5.4,7.0,8.6,0
EMP-02345,HR,Mid,Full-time,On-site,37,5.9,60700,5.5,5.6,6.9,3.1,2,14.7,6.1,5.6,7.1,1.2,0
EMP-02346,Customer Success,Entry,Full-time,Hybrid,35,3.6,46700,4.8,12.8,8.5,0.4,2,24.1,7.2,6.7,8.8,5.2,0
EMP-02347,Marketing,Mid,Full-time,Remote,31,4.6,66600,5.0,9.0,8.4,1.4,1,34.1,8.1,7.5,8.1,9.9,0
EMP-02348,Engineering,Entry,Full-time,On-site,34,4.2,57800,7.2,10.3,5.0,0.3,1,22.8,7.0,5.4,6.5,4.8,0
EMP-02349,Sales,Manager,Full-time,On-site,42,9.4,110200,5.9,5.2,7.4,9.8,2,32.7,5.8,6.9,7.5,2.5,0
EMP-02350,Engineering,Mid,Full-time,Hybrid,34,4.0,61600,8.0,16.2,7.2,2.3,1,16.5,6.2,6.4,6.6,2.6,0
EMP-02351,Sales,Mid,Full-time,On-site,33,3.6,63100,6.8,8.4,3.9,0.2,1,37.7,7.0,5.5,5.8,11.4,0
EMP-02352,Engineering,Mid,Full-time,On-site,33,5.7,70000,5.6,12.1,4.8,2.6,1,17.7,6.7,5.5,8.1,5.8,0
EMP-02353,Customer Success,Entry,Full-time,Hybrid,22,0.4,59600,6.6,14.6,6.8,0.1,0,38.6,7.4,7.1,7.7,2.3,0
EMP-02354,Operations,Mid,Full-time,On-site,40,4.8,62900,5.0,8.9,8.3,1.0,1,28.7,6.4,6.4,6.0,8.8,0
EMP-02355,Marketing,Manager,Full-time,On-site,47,7.8,115000,5.9,2.8,8.0,3.2,3,11.2,6.4,6.1,6.8,6.9,0
EMP-02356,HR,Mid,Full-time,Remote,47,6.5,57500,8.7,11.6,7.2,3.2,1,4.0,6.8,2.7,4.9,6.2,0
EMP-02357,HR,Mid,Full-time,Hybrid,32,4.9,69000,7.4,21.6,6.8,1.8,1,19.3,4.6,6.5,5.0,2.2,0
EMP-02358,Marketing,Entry,Full-time,Remote,22,1.7,48900,5.6,1.1,7.8,0.1,0,4.1,7.6,8.0,6.9,0.0,0
EMP-02359,Operations,Entry,Full-time,Hybrid,21,0.2,33500,5.8,8.5,5.5,0.1,0,35.2,4.7,6.0,5.6,0.3,0
EMP-02360,Finance,Entry,Full-time,On-site,27,1.2,60000,4.7,3.6,8.8,0.1,1,24.9,7.2,7.2,6.9,5.9,0
EMP-02361,Engineering,Mid,Full-time,On-site,30,7.2,58300,4.9,4.6,6.3,4.7,2,46.2,6.7,6.0,7.9,3.0,0
EMP-02362,Operations,Mid,Full-time,On-site,27,3.2,41200,6.3,12.8,5.1,0.9,0,22.4,6.0,5.5,6.6,5.8,0
EMP-02363,Finance,Senior,Full-time,Hybrid,39,7.0,90100,6.4,0.0,4.6,4.1,2,19.3,6.6,4.6,8.2,3.7,0
EMP-02364,HR,Senior,Full-time,Hybrid,39,5.9,84600,7.1,13.7,9.0,3.5,1,29.7,8.8,6.9,8.7,0.4,0
EMP-02365,Engineering,Mid,Full-time,Remote,30,4.1,80800,6.2,5.3,7.6,1.3,1,16.4,5.9,6.7,6.9,9.6,0
EMP-02366,HR,Mid,Full-time,On-site,31,7.5,64000,5.8,8.2,7.7,5.1,2,22.1,7.8,7.1,7.4,12.3,0
EMP-02367,Engineering,Entry,Full-time,On-site,22,0.2,44000,6.9,7.8,7.8,0.1,0,49.9,5.4,5.5,5.3,6.0,0
EMP-02368,Engineering,Manager,Full-time,On-site,41,6.8,119700,3.0,0.0,9.4,3.3,1,25.8,8.5,9.1,9.2,1.5,0
EMP-02369,Finance,Mid,Full-time,Hybrid,23,2.3,74900,7.2,7.7,9.9,0.1,0,15.1,7.8,6.4,5.7,7.3,0
EMP-02370,Sales,Entry,Full-time,Hybrid,28,2.1,50700,5.4,5.4,8.2,0.1,0,33.0,6.5,9.5,7.7,6.4,0
EMP-02371,Customer Success,Entry,Full-time,Hybrid,37,2.6,46400,7.0,9.5,5.2,1.1,0,28.5,5.9,7.4,6.8,4.3,0
EMP-02372,Sales,Senior,Full-time,Hybrid,23,4.8,84800,5.3,0.0,7.7,1.7,1,37.4,6.9,8.3,8.2,3.0,0
EMP-02373,Engineering,Mid,Full-time,On-site,31,2.5,66200,6.8,10.6,4.5,0.1,0,18.2,7.7,7.6,5.0,3.6,0
EMP-02374,Operations,Entry,Full-time,Hybrid,21,1.7,47300,7.4,13.9,7.9,0.1,1,16.3,8.5,6.9,5.1,8.4,0
EMP-02375,Operations,Mid,Full-time,Hybrid,42,5.1,63700,4.6,12.1,9.7,1.5,1,26.3,6.7,7.1,6.1,7.0,0
EMP-02376,Sales,Entry,Part-time,On-site,21,0.2,52900,7.6,10.9,5.8,0.1,0,30.8,7.1,5.5,4.5,6.2,0
EMP-02377,Sales,Senior,Full-time,Hybrid,39,5.8,93300,4.0,0.9,6.8,1.1,1,47.3,8.3,8.1,7.9,0.0,0
EMP-02378,Operations,Entry,Full-time,Hybrid,21,0.2,46000,8.3,32.9,4.7,0.1,0,15.1,6.3,5.6,4.7,9.9,0
EMP-02379,Customer Success,Mid,Full-time,Hybrid,26,1.2,72400,7.3,12.7,9.0,0.1,0,12.4,7.3,7.5,5.7,0.0,0
EMP-02380,Marketing,Senior,Full-time,Hybrid,30,6.1,89200,7.3,13.4,6.1,2.4,1,25.9,6.2,6.8,6.5,3.1,0
EMP-02381,HR,Entry,Full-time,Hybrid,21,0.2,54400,5.6,8.8,5.7,0.1,1,28.1,6.8,7.4,6.8,4.9,0
EMP-02382,Operations,Senior,Part-time,Hybrid,36,6.5,74900,7.4,15.0,3.0,5.8,1,34.3,4.0,4.3,7.8,6.5,0
EMP-02383,Finance,Senior,Part-time,Hybrid,38,6.3,99200,3.7,0.0,7.1,3.0,1,34.9,7.3,7.4,7.8,4.5,0
EMP-02384,Operations,Mid,Full-time,Remote,34,5.1,63400,6.2,5.6,7.5,0.1,1,15.8,5.1,5.4,6.2,5.4,1
EMP-02385,Engineering,Mid,Part-time,On-site,29,4.3,67600,4.8,3.2,5.5,2.2,2,23.1,6.9,6.5,5.7,7.2,0
EMP-02386,Operations,Entry,Full-time,On-site,28,0.2,58200,6.9,18.3,4.6,0.1,0,18.0,6.2,3.4,8.4,1.5,1
EMP-02387,Sales,Entry,Full-time,Hybrid,27,1.3,51000,3.6,9.1,6.8,0.1,0,39.4,8.4,8.1,5.3,4.5,0
EMP-02388,Customer Success,Mid,Full-time,Hybrid,26,2.9,58300,5.8,10.8,7.9,0.1,1,29.9,6.6,5.8,6.0,8.4,0
EMP-02389,Finance,Mid,Full-time,On-site,34,3.5,71000,5.7,1.7,5.7,2.1,1,20.6,7.1,7.1,8.5,0.0,0
EMP-02390,Sales,Entry,Full-time,Remote,22,0.2,59700,6.2,1.7,7.6,0.1,0,42.9,6.3,7.6,7.2,1.5,0
EMP-02391,Operations,Senior,Full-time,On-site,40,6.6,96400,7.3,12.6,8.2,4.6,1,45.7,5.6,7.1,7.9,5.9,0
EMP-02392,Finance,Senior,Part-time,Hybrid,38,7.6,86500,7.0,8.8,8.4,3.2,3,27.9,6.8,5.8,8.9,8.7,0
EMP-02393,HR,Entry,Full-time,On-site,27,1.8,47900,5.9,2.4,8.9,0.1,0,32.9,8.5,7.2,7.7,0.0,0
EMP-02394,Sales,Senior,Full-time,Hybrid,35,5.6,87100,6.4,7.7,3.8,3.3,2,30.2,7.8,4.4,5.1,7.2,0
EMP-02395,Marketing,Entry,Full-time,On-site,28,2.3,40000,6.9,14.2,5.7,0.1,0,22.4,5.3,5.7,7.3,10.4,0
EMP-02396,Engineering,Entry,Full-time,Hybrid,25,0.2,46700,4.5,6.7,6.2,0.1,0,23.2,6.5,6.9,6.9,2.8,0
EMP-02397,Engineering,Senior,Full-time,Hybrid,46,8.5,97500,5.1,0.0,8.5,5.5,2,19.2,9.8,7.8,7.4,2.6,0
EMP-02398,Customer Success,Senior,Full-time,Hybrid,38,8.0,80600,5.6,3.8,8.2,4.3,2,27.6,8.7,8.3,8.4,2.2,0
EMP-02399,HR,Mid,Full-time,On-site,38,6.1,59700,5.8,5.0,6.5,3.8,1,37.9,7.3,7.7,6.2,5.5,0
EMP-02400,Customer Success,Mid,Full-time,On-site,21,3.0,66000,7.8,14.1,8.9,0.1,1,29.5,6.9,5.1,7.6,5.3,0
EMP-02401,Finance,Senior,Full-time,Hybrid,31,6.0,96000,8.5,5.8,8.4,3.5,2,22.0,7.1,5.1,5.6,6.5,1
EMP-02402,HR,Mid,Full-time,On-site,42,2.4,73100,5.7,10.1,7.5,0.6,0,6.8,7.3,5.7,7.6,7.9,0
EMP-02403,Engineering,Manager,Full-time,Hybrid,40,8.8,129100,3.5,0.0,7.3,5.8,2,36.7,8.1,8.9,8.8,5.3,0
EMP-02404,Operations,Entry,Full-time,On-site,23,2.0,56900,8.2,20.9,7.6,0.1,0,36.2,6.3,6.4,5.3,5.6,1
EMP-02405,Operations,Senior,Full-time,On-site,35,6.7,73900,3.6,0.0,4.6,3.2,2,33.6,7.7,7.2,8.5,5.3,0
EMP-02406,Marketing,Mid,Full-time,Hybrid,32,4.3,43300,4.4,3.6,4.0,1.1,1,21.6,7.5,6.8,6.5,6.2,0
EMP-02407,Sales,Mid,Part-time,Remote,30,3.6,63500,8.4,22.9,9.0,0.9,2,10.7,5.3,5.8,7.4,11.5,1
EMP-02408,Operations,Senior,Full-time,Remote,36,5.7,76100,3.3,4.5,7.9,1.8,2,13.6,7.1,7.6,8.9,2.0,0
EMP-02409,HR,Manager,Full-time,Hybrid,31,4.1,91700,5.4,5.1,8.4,2.3,1,20.9,8.1,7.6,5.8,2.8,0
EMP-02410,Customer Success,Entry,Full-time,On-site,25,2.0,37400,4.5,0.0,10.0,0.1,1,22.9,7.1,8.7,5.3,1.7,0
EMP-02411,Customer Success,Entry,Full-time,On-site,28,2.8,35000,4.9,13.7,6.3,0.1,0,22.0,6.7,6.9,6.8,6.3,0
EMP-02412,Marketing,Senior,Full-time,On-site,37,4.6,86100,3.4,12.4,7.3,0.1,2,17.0,4.9,6.1,5.9,1.8,0
EMP-02413,Customer Success,Entry,Full-time,On-site,28,3.5,41200,6.0,8.5,5.3,0.8,1,29.7,7.5,6.3,5.9,1.9,0
EMP-02414,Engineering,Mid,Full-time,Hybrid,31,2.3,71100,8.9,17.0,7.8,0.1,1,2.5,3.5,5.9,7.6,12.0,1
EMP-02415,Operations,Entry,Full-time,Remote,24,0.7,45100,4.5,12.5,6.8,0.1,0,21.4,7.3,8.4,4.5,2.3,0
EMP-02416,Marketing,Entry,Full-time,On-site,21,0.2,51700,6.2,9.1,6.2,0.1,0,44.7,5.4,7.3,6.0,5.8,0
EMP-02417,Customer Success,Entry,Full-time,Hybrid,21,1.2,51000,6.4,14.5,5.0,0.1,0,52.7,5.4,4.1,6.0,6.9,0
EMP-02418,Customer Success,Entry,Full-time,Hybrid,25,0.2,53800,6.5,6.8,5.5,0.1,0,27.8,7.7,5.5,8.4,8.1,0
EMP-02419,Finance,Entry,Part-time,Hybrid,28,2.9,47700,6.6,15.3,6.7,0.1,1,45.5,6.1,7.4,7.9,5.6,0
EMP-02420,Sales,Entry,Full-time,Hybrid,33,2.7,48800,5.3,1.1,5.7,0.1,0,33.3,7.0,7.0,7.4,5.6,0
EMP-02421,Finance,Mid,Full-time,On-site,34,4.6,79300,2.8,1.4,5.9,1.5,1,28.2,8.8,9.6,7.8,0.0,0
EMP-02422,Engineering,Mid,Full-time,On-site,35,3.8,79700,6.5,0.0,8.7,0.9,1,12.4,7.6,7.2,8.2,7.6,0
EMP-02423,Customer Success,Entry,Full-time,Hybrid,31,1.9,43000,6.0,1.8,8.8,0.1,1,21.9,7.7,8.2,6.1,0.0,0
EMP-02424,Operations,Senior,Full-time,Hybrid,41,8.0,92900,7.7,18.8,7.3,4.8,3,37.1,8.0,8.4,9.6,10.0,0
EMP-02425,Engineering,Manager,Part-time,Hybrid,42,6.4,126700,3.5,0.2,6.3,0.5,1,41.2,8.1,7.4,8.1,5.6,0
EMP-02426,Marketing,Senior,Full-time,Remote,38,7.6,99900,3.3,0.6,6.0,4.5,2,16.7,6.5,7.1,8.0,1.4,0
EMP-02427,Marketing,Entry,Part-time,On-site,34,1.3,58500,6.6,12.1,9.3,0.1,0,30.6,6.5,8.0,9.4,12.3,0
EMP-02428,Operations,Mid,Full-time,Hybrid,27,2.1,61800,8.1,16.6,8.8,0.1,0,12.7,5.9,7.1,9.6,11.9,0
EMP-02429,Engineering,Mid,Full-time,Hybrid,32,3.8,70400,6.5,5.0,7.4,0.1,2,42.1,7.5,6.9,6.7,8.4,0
EMP-02430,Operations,Senior,Full-time,Hybrid,44,6.5,58100,6.2,6.7,8.0,2.1,1,6.7,6.4,6.2,6.4,8.6,0
EMP-02431,Sales,Mid,Full-time,On-site,44,7.1,75100,4.9,1.7,10.0,3.0,3,32.5,7.8,8.8,8.6,4.9,0
EMP-02432,Engineering,Mid,Full-time,On-site,33,3.8,79000,5.5,15.3,6.8,0.1,1,16.0,6.5,6.1,4.5,5.6,0
EMP-02433,Engineering,Manager,Full-time,On-site,47,9.8,123200,7.2,14.6,8.8,6.9,3,26.9,5.6,5.9,7.6,4.0,0
EMP-02434,Finance,Senior,Full-time,Hybrid,53,9.8,105000,5.2,0.0,5.9,6.2,2,27.4,8.1,9.0,7.4,10.9,0
EMP-02435,Marketing,Senior,Full-time,On-site,32,7.5,93400,5.6,11.1,9.4,3.9,2,28.8,7.5,8.2,8.1,5.3,0
EMP-02436,Finance,Mid,Full-time,On-site,36,5.1,62200,7.3,11.6,6.2,0.1,1,15.8,6.4,5.2,7.7,4.7,1
EMP-02437,HR,Entry,Full-time,Hybrid,32,2.0,58100,7.2,12.1,8.1,0.1,0,16.4,6.1,6.4,8.2,5.1,1
EMP-02438,Customer Success,Senior,Full-time,Hybrid,31,5.3,91000,5.5,8.2,5.1,3.6,1,29.6,5.1,7.5,8.7,1.0,0
EMP-02439,Engineering,Entry,Full-time,On-site,33,3.2,63800,3.9,4.9,6.2,0.6,0,42.4,6.8,7.4,6.2,0.0,0
EMP-02440,Sales,Entry,Full-time,On-site,31,4.1,56800,3.3,0.0,5.3,2.9,1,27.4,6.5,8.4,7.7,0.0,1
EMP-02441,Engineering,Entry,Full-time,Hybrid,24,0.2,63900,5.0,4.4,9.8,0.1,0,20.2,6.0,5.8,5.5,8.6,0
EMP-02442,Marketing,Entry,Full-time,Remote,21,0.2,49800,3.0,0.0,6.7,0.1,0,37.9,7.1,8.1,7.9,3.4,0
EMP-02443,Operations,Senior,Full-time,On-site,49,8.5,95100,5.0,0.2,6.1,4.9,2,0.0,5.5,6.6,6.8,2.1,0
EMP-02444,Customer Success,Senior,Full-time,Hybrid,38,5.4,88200,8.7,20.3,8.1,2.8,2,31.0,5.5,7.6,7.9,8.9,1
EMP-02445,Sales,Entry,Full-time,Hybrid,24,2.2,53600,6.8,15.9,5.7,0.1,0,46.8,5.4,5.2,6.2,4.6,0
EMP-02446,Customer Success,Entry,Full-time,Hybrid,21,2.5,33300,6.2,17.7,9.8,3.0,0,39.5,6.8,7.3,8.5,10.5,0
EMP-02447,Marketing,Mid,Full-time,Hybrid,26,1.5,70600,6.8,10.0,9.0,0.1,0,7.7,7.3,6.6,7.0,7.9,0
EMP-02448,Engineering,Entry,Full-time,Remote,25,0.2,61100,7.3,13.5,9.9,0.1,0,43.9,7.0,6.2,8.8,4.7,0
EMP-02449,Customer Success,Mid,Full-time,Hybrid,28,4.4,64600,8.6,22.4,3.5,0.1,1,15.2,4.5,4.5,7.2,8.0,1
EMP-02450,Sales,Entry,Full-time,On-site,28,2.2,30000,4.3,6.0,6.6,0.1,0,30.1,7.9,8.6,8.4,7.4,0
EMP-02451,Operations,Mid,Full-time,On-site,36,5.1,57900,5.1,0.0,5.9,1.8,1,49.3,7.6,7.2,8.1,4.9,0
EMP-02452,Customer Success,Entry,Part-time,Hybrid,27,0.2,33900,7.2,20.2,6.0,0.1,0,33.2,4.9,3.5,6.3,7.8,0
EMP-02453,Customer Success,Senior,Full-time,On-site,38,7.0,96300,5.0,2.6,5.5,2.1,3,26.0,6.0,6.6,6.5,5.4,0
EMP-02454,Customer Success,Entry,Full-time,On-site,28,1.7,45400,6.9,11.6,7.5,0.6,0,3.7,5.8,5.0,8.3,6.0,0
EMP-02455,Sales,Mid,Full-time,Hybrid,38,4.8,62100,5.7,15.9,7.7,2.1,2,15.3,6.2,8.7,8.5,5.4,0
EMP-02456,Operations,Mid,Full-time,Hybrid,36,4.8,61000,5.5,5.0,8.9,2.6,1,27.6,7.5,7.9,5.8,4.9,0
EMP-02457,Engineering,Mid,Full-time,Hybrid,27,4.3,66300,4.2,0.0,7.9,2.9,1,4.3,8.2,7.4,7.5,2.2,0
EMP-02458,Sales,Mid,Part-time,On-site,30,6.3,53900,7.2,7.1,8.9,3.1,1,14.4,6.4,6.1,5.8,2.7,0
EMP-02459,Sales,Mid,Full-time,Hybrid,29,5.2,57200,3.5,0.0,8.3,2.8,1,31.5,6.1,8.0,6.6,0.0,0
EMP-02460,Engineering,Entry,Full-time,On-site,34,5.8,59100,7.2,11.2,6.2,4.9,2,34.2,4.9,5.2,5.9,7.7,1
EMP-02461,Marketing,Entry,Full-time,Remote,27,1.7,40400,5.2,0.0,6.3,0.4,0,34.4,7.6,7.4,6.6,2.7,0
EMP-02462,Engineering,Mid,Full-time,Hybrid,28,2.5,76900,6.5,2.4,9.4,0.1,0,21.2,8.5,6.9,7.0,8.9,0
EMP-02463,Finance,Senior,Full-time,Hybrid,42,8.1,89300,5.9,7.1,6.2,4.8,2,32.9,5.3,7.0,9.2,1.9,0
EMP-02464,Operations,Entry,Full-time,Hybrid,23,1.9,36100,3.7,0.6,8.6,0.1,0,36.5,7.0,7.1,8.1,5.4,0
EMP-02465,Sales,Manager,Full-time,On-site,45,7.9,98200,4.0,0.4,9.1,3.3,2,26.3,7.5,9.4,7.9,4.8,0
EMP-02466,Sales,Manager,Full-time,Remote,50,11.5,119700,6.2,11.8,9.0,9.8,4,16.1,5.9,5.3,7.5,10.6,0
EMP-02467,Customer Success,Entry,Full-time,Hybrid,29,2.5,32900,5.4,5.7,8.4,0.1,0,22.3,5.4,7.2,7.4,7.1,0
EMP-02468,Sales,Mid,Full-time,Hybrid,28,3.5,64500,4.3,0.0,7.4,1.6,1,9.5,8.3,7.7,7.9,2.6,0
EMP-02469,Sales,Manager,Full-time,Remote,33,7.6,125700,7.4,16.9,9.6,2.7,2,14.4,5.9,5.4,7.8,8.8,0
EMP-02470,Marketing,Mid,Full-time,On-site,43,4.4,67100,5.2,0.0,4.2,1.7,1,16.2,7.5,8.9,5.4,9.0,0
EMP-02471,Sales,Senior,Full-time,Hybrid,38,7.1,94100,6.8,8.7,7.6,4.3,2,9.4,7.6,5.9,7.1,7.2,0
EMP-02472,Marketing,Entry,Full-time,Hybrid,22,0.2,47700,7.2,19.7,6.3,0.1,0,28.9,5.8,5.7,6.5,7.8,0
EMP-02473,Sales,Mid,Full-time,On-site,21,2.3,71100,6.5,4.2,5.3,0.1,1,7.3,5.7,6.4,4.7,2.3,0
EMP-02474,Operations,Senior,Full-time,Remote,41,6.4,92700,8.0,7.0,9.4,4.8,1,27.6,4.4,7.0,7.9,5.2,0
EMP-02475,HR,Mid,Full-time,On-site,35,4.3,65200,5.3,0.2,5.9,1.4,1,24.2,9.4,8.4,7.8,1.9,0
EMP-02476,Marketing,Mid,Full-time,Hybrid,40,4.2,74800,4.7,9.6,4.6,2.1,1,17.2,6.6,5.6,7.6,5.6,0
EMP-02477,Sales,Entry,Full-time,Hybrid,21,0.8,30900,4.9,0.3,7.2,0.1,1,10.7,10.0,8.6,7.2,0.1,0
EMP-02478,Finance,Entry,Full-time,Remote,21,0.2,46700,7.0,14.4,9.1,0.1,0,52.4,7.6,7.4,7.9,9.2,0
EMP-02479,Operations,Senior,Full-time,Hybrid,40,7.1,80900,5.6,11.5,7.3,6.5,2,26.6,8.5,8.0,8.9,9.9,0
EMP-02480,Sales,Mid,Full-time,On-site,38,5.5,66200,3.1,2.4,6.0,1.9,1,12.9,7.9,7.5,6.4,0.0,0
EMP-02481,Finance,Entry,Full-time,Hybrid,30,2.4,46100,6.1,0.0,7.6,0.1,1,43.0,6.9,5.5,6.2,6.1,0
EMP-02482,Engineering,Manager,Full-time,On-site,35,7.9,110100,5.9,4.3,5.5,3.1,2,19.6,7.1,6.7,9.1,5.8,0
EMP-02483,Customer Success,Entry,Full-time,Hybrid,32,1.9,41500,6.3,12.5,5.9,1.7,1,32.7,7.4,6.3,6.7,4.9,0
EMP-02484,Customer Success,Senior,Full-time,On-site,33,7.6,82300,8.5,16.1,6.6,4.8,2,29.9,4.1,5.8,5.7,1.5,1
EMP-02485,Sales,Mid,Full-time,Hybrid,26,2.0,73200,5.4,7.5,8.3,0.1,0,25.9,7.7,6.5,7.6,5.0,0
EMP-02486,Sales,Manager,Full-time,On-site,39,7.8,115800,5.9,0.0,5.5,3.8,3,32.3,7.4,8.0,6.2,5.4,0
EMP-02487,Engineering,Senior,Full-time,On-site,49,11.2,94300,6.5,0.0,8.1,7.9,3,22.9,6.4,6.9,7.0,4.4,1
EMP-02488,Engineering,Entry,Part-time,On-site,30,0.2,49300,7.9,9.7,5.9,0.1,1,54.2,6.1,9.0,7.5,6.8,0
EMP-02489,Engineering,Manager,Full-time,Hybrid,45,10.1,118300,6.3,9.6,6.1,5.5,2,23.1,4.8,5.0,6.7,14.1,0
EMP-02490,Engineering,Mid,Full-time,Hybrid,32,3.7,81400,4.6,8.0,4.9,0.1,1,29.6,6.2,7.8,7.4,6.4,0
EMP-02491,HR,Entry,Full-time,Remote,29,4.1,47100,6.8,5.2,5.3,1.3,2,27.4,5.3,5.7,5.1,3.5,0
EMP-02492,Engineering,Entry,Full-time,Hybrid,38,3.3,51400,6.2,3.8,6.5,0.1,0,29.9,7.2,7.6,5.8,9.9,0
EMP-02493,Customer Success,Mid,Full-time,On-site,42,6.6,66400,6.5,20.8,4.5,4.6,1,30.9,6.4,6.0,6.6,10.0,0
EMP-02494,HR,Senior,Full-time,Hybrid,34,5.8,80500,6.0,13.0,7.6,3.2,1,14.4,6.0,7.0,9.7,7.2,0
EMP-02495,Customer Success,Mid,Full-time,Hybrid,24,1.8,73500,6.0,9.7,7.4,0.1,1,25.0,7.1,4.8,7.4,5.8,0
EMP-02496,Operations,Mid,Full-time,On-site,30,2.6,55900,7.5,18.6,7.4,2.7,0,45.5,4.5,6.3,7.8,9.6,1
EMP-02497,Sales,Entry,Full-time,On-site,30,1.8,56000,4.8,0.0,7.1,0.1,1,16.8,6.2,4.4,5.6,4.9,0
EMP-02498,HR,Senior,Full-time,Hybrid,40,6.1,93700,5.9,5.9,5.9,1.9,1,34.5,6.1,4.5,9.0,8.1,0
EMP-02499,Customer Success,Mid,Full-time,Remote,35,5.7,68400,6.0,10.6,4.4,5.7,1,32.2,5.8,6.0,6.3,9.0,1
EMP-02500,Marketing,Mid,Full-time,On-site,28,5.2,73100,4.8,8.0,3.6,3.6,2,29.5,6.5,6.4,8.1,7.2,0
EMP-02501,Sales,Mid,Full-time,Remote,22,2.8,56900,6.4,0.0,5.2,0.1,0,32.8,4.6,4.3,3.0,6.7,0
EMP-02502,Engineering,Mid,Full-time,Hybrid,34,3.5,85700,5.5,11.1,6.5,0.1,1,10.5,5.2,5.1,5.9,13.2,0
EMP-02503,Engineering,Mid,Full-time,On-site,23,0.6,82700,4.7,0.0,5.8,0.1,0,25.0,6.5,6.5,6.1,0.4,0
EMP-02504,Sales,Entry,Full-time,On-site,26,2.2,68200,3.5,3.8,8.3,0.7,0,43.2,10.0,8.1,7.4,3.0,0
EMP-02505,Finance,Mid,Full-time,Remote,42,4.5,63900,7.3,11.6,8.6,3.5,1,26.2,3.1,3.6,6.9,2.7,0
EMP-02506,Finance,Mid,Full-time,Hybrid,37,4.5,71600,5.0,5.3,6.4,5.7,1,10.4,6.2,5.1,7.9,11.3,1
EMP-02507,Marketing,Manager,Full-time,Remote,33,5.4,116100,5.1,7.3,9.4,2.2,2,25.5,7.8,8.0,6.3,7.7,0
EMP-02508,Customer Success,Entry,Full-time,On-site,24,0.2,38600,7.3,19.3,7.3,0.1,0,33.2,5.7,4.5,6.4,8.2,0
EMP-02509,Engineering,Mid,Part-time,On-site,43,6.6,70400,6.1,4.0,6.3,5.3,1,0.0,6.6,8.1,7.4,7.5,1
EMP-02510,Finance,Mid,Full-time,On-site,31,4.0,73700,3.9,8.4,7.0,4.1,1,25.0,6.7,5.1,5.6,2.4,0
EMP-02511,Engineering,Mid,Full-time,Hybrid,32,4.9,85300,5.8,9.7,6.4,3.8,2,12.1,7.3,7.5,7.3,5.9,0
EMP-02512,HR,Mid,Full-time,Hybrid,39,6.9,67900,2.8,0.0,7.9,5.7,1,37.4,9.2,8.3,8.1,5.9,0
EMP-02513,Operations,Senior,Full-time,Remote,44,7.6,105500,6.2,9.6,4.7,4.2,3,18.0,5.9,5.7,7.2,5.7,1
EMP-02514,Finance,Entry,Full-time,On-site,21,0.5,54100,4.8,12.4,4.5,0.1,0,7.2,7.6,6.5,7.3,1.2,0
EMP-02515,Engineering,Mid,Full-time,Hybrid,32,3.1,73500,8.3,26.4,7.2,3.4,1,28.4,6.4,5.8,6.2,10.0,1
EMP-02516,Customer Success,Senior,Full-time,On-site,37,4.9,71700,6.1,11.1,9.3,0.1,1,14.4,7.0,5.4,7.3,3.0,0
EMP-02517,Engineering,Entry,Full-time,On-site,21,1.6,55600,3.8,1.9,7.0,0.1,0,10.2,8.4,7.6,6.6,5.5,0
EMP-02518,HR,Manager,Full-time,Hybrid,39,8.5,98200,5.2,3.6,7.5,4.2,3,14.5,6.7,8.3,7.9,2.8,0
EMP-02519,Customer Success,Entry,Full-time,On-site,40,7.2,53000,7.0,10.7,7.0,4.7,2,33.4,6.7,6.2,8.7,5.7,0
EMP-02520,Marketing,Entry,Part-time,On-site,24,0.9,60800,5.0,0.0,6.4,0.1,0,32.5,8.2,8.5,8.2,5.6,0
EMP-02521,Engineering,Entry,Full-time,On-site,28,0.7,59600,7.2,15.5,9.2,0.1,1,31.5,4.6,6.6,5.2,14.0,0
EMP-02522,Customer Success,Senior,Full-time,Hybrid,33,4.3,86800,6.5,9.5,6.1,2.2,1,18.0,4.6,7.2,6.7,6.7,1
EMP-02523,Engineering,Manager,Full-time,On-site,45,7.4,111200,7.8,15.7,4.4,2.3,2,10.8,5.9,5.7,6.7,3.8,0
EMP-02524,Finance,Manager,Full-time,Hybrid,38,6.5,116800,4.5,0.0,8.0,3.3,2,32.1,6.4,7.3,5.8,9.6,0
EMP-02525,HR,Senior,Full-time,On-site,41,7.7,92100,3.5,0.0,8.6,3.7,3,43.2,8.7,7.3,6.4,1.3,0
EMP-02526,Customer Success,Mid,Full-time,Remote,35,4.9,71500,7.2,11.8,7.0,1.1,2,14.5,6.5,8.7,6.6,6.4,0
EMP-02527,Marketing,Mid,Full-time,Hybrid,23,2.2,65200,5.3,0.0,7.2,0.1,0,37.1,7.8,7.8,8.0,5.3,1
EMP-02528,Engineering,Entry,Full-time,Remote,26,0.2,37100,8.4,18.8,4.5,0.1,0,15.5,4.8,3.6,4.6,9.1,0
EMP-02529,Sales,Mid,Full-time,Remote,27,4.1,63300,4.4,13.4,7.2,0.1,2,45.4,8.2,6.0,7.0,8.6,0
EMP-02530,Engineering,Mid,Full-time,Remote,32,6.1,80900,8.3,13.6,5.8,4.7,1,7.0,5.8,7.2,7.7,4.0,0
EMP-02531,Engineering,Entry,Full-time,Hybrid,21,0.2,59300,6.4,14.8,7.3,0.1,0,20.3,7.1,5.2,7.1,5.9,0
EMP-02532,Engineering,Entry,Full-time,Remote,38,3.0,43300,7.1,10.6,8.8,0.4,0,21.9,7.9,5.9,7.5,6.8,0
EMP-02533,Marketing,Manager,Full-time,On-site,43,5.5,124500,5.9,1.2,4.7,4.5,1,19.7,4.4,7.2,6.6,3.1,0
EMP-02534,Customer Success,Mid,Full-time,Hybrid,30,3.2,70500,8.2,26.9,7.0,0.1,0,15.6,6.0,6.7,7.2,11.4,0
EMP-02535,Finance,Entry,Full-time,Hybrid,21,0.2,42100,3.3,0.0,6.2,0.1,0,19.6,8.1,6.5,7.1,6.0,0
EMP-02536,Finance,Entry,Full-time,On-site,34,3.7,52100,7.6,3.6,7.5,0.1,1,37.4,6.4,7.0,7.4,5.3,0
EMP-02537,Sales,Mid,Full-time,Hybrid,36,6.6,62300,5.7,5.8,7.0,2.5,1,5.1,8.0,6.8,6.3,2.8,0
EMP-02538,Operations,Entry,Full-time,Remote,23,1.5,47500,7.6,17.4,5.0,0.1,0,25.1,5.4,5.4,6.0,12.0,0
EMP-02539,Customer Success,Mid,Part-time,Hybrid,45,7.6,80000,7.1,20.0,6.1,4.6,3,27.6,4.4,4.4,8.2,10.4,1
EMP-02540,Operations,Manager,Full-time,Hybrid,40,8.5,117300,9.0,24.4,7.8,7.3,3,33.1,5.4,5.8,9.2,11.1,1
EMP-02541,Operations,Senior,Full-time,Hybrid,37,7.2,92800,7.5,13.6,3.2,4.1,2,24.2,4.3,5.5,6.4,9.3,1
EMP-02542,Marketing,Senior,Full-time,On-site,28,5.4,95100,7.2,10.5,6.9,1.1,1,11.7,5.0,5.8,7.5,4.2,0
EMP-02543,Customer Success,Manager,Full-time,Remote,41,7.0,119100,7.9,9.1,5.6,4.0,2,25.3,6.9,7.4,7.9,5.4,0
EMP-02544,Operations,Entry,Full-time,Hybrid,26,0.7,42200,7.0,1.9,5.4,0.1,0,14.9,6.6,6.1,6.3,8.0,0
EMP-02545,Marketing,Mid,Part-time,Hybrid,36,4.3,63500,8.1,17.1,6.6,2.5,1,35.5,6.4,5.2,5.4,15.8,0
EMP-02546,Operations,Senior,Full-time,On-site,41,8.6,85000,6.0,7.4,4.1,5.3,2,23.6,4.7,6.1,6.5,9.6,0
EMP-02547,Engineering,Senior,Full-time,Remote,35,6.9,92600,7.5,23.1,8.4,4.6,2,31.1,4.7,5.0,6.9,7.2,1
EMP-02548,Customer Success,Mid,Full-time,Hybrid,21,2.7,66000,7.6,20.1,8.0,0.5,0,12.0,5.5,3.8,5.8,8.4,1
EMP-02549,Marketing,Mid,Part-time,Remote,36,6.3,60500,7.0,0.0,5.8,1.7,2,22.0,6.3,5.5,7.6,2.0,0
EMP-02550,Engineering,Mid,Full-time,On-site,44,5.2,70600,6.3,1.3,7.7,2.0,1,19.2,6.0,6.0,6.6,8.9,1
EMP-02551,Customer Success,Senior,Full-time,On-site,44,10.5,92800,5.3,6.1,5.3,4.9,3,29.0,5.9,3.7,6.0,8.3,0
EMP-02552,Customer Success,Manager,Full-time,On-site,30,7.0,113800,5.5,7.4,10.0,3.2,2,23.4,7.5,8.2,7.2,7.8,1
EMP-02553,Sales,Entry,Full-time,Hybrid,30,3.4,43500,6.4,0.0,4.1,0.1,0,43.6,5.1,7.1,6.6,11.5,0
EMP-02554,Sales,Manager,Full-time,Hybrid,44,10.7,108800,5.5,5.2,6.4,8.5,3,30.6,5.4,7.0,8.5,0.0,0
EMP-02555,Marketing,Entry,Full-time,Hybrid,29,1.6,54200,6.4,7.8,8.3,0.1,0,28.3,6.2,6.2,6.8,10.1,0
EMP-02556,Engineering,Entry,Full-time,On-site,32,1.4,58300,3.2,0.0,10.0,0.1,0,30.0,8.3,9.8,8.2,12.7,0
EMP-02557,Engineering,Mid,Full-time,Hybrid,39,4.8,62600,5.0,3.6,7.8,1.2,2,33.1,7.7,6.6,6.1,4.4,0
EMP-02558,HR,Entry,Full-time,Hybrid,23,1.5,36400,5.1,4.2,6.5,0.1,1,48.8,6.5,7.8,5.8,11.6,0
EMP-02559,Marketing,Mid,Full-time,On-site,36,5.9,61300,6.5,21.1,3.9,3.0,1,13.8,4.4,3.5,4.3,10.9,1
EMP-02560,Finance,Mid,Full-time,Hybrid,44,5.9,60800,6.8,6.2,7.9,3.3,2,11.0,7.2,7.8,7.5,8.4,0
EMP-02561,Operations,Entry,Full-time,Hybrid,37,3.2,44200,3.8,2.5,10.0,0.1,0,17.2,8.6,8.3,7.6,5.2,0
EMP-02562,Sales,Senior,Full-time,On-site,37,6.4,106400,5.3,2.3,9.4,4.6,1,32.7,5.5,7.3,7.3,9.2,0
EMP-02563,Marketing,Mid,Full-time,On-site,39,4.5,56700,6.3,2.6,7.7,1.1,1,18.1,6.2,6.3,7.9,8.9,0
EMP-02564,Finance,Senior,Full-time,Hybrid,33,7.5,97800,6.1,0.0,6.7,1.7,3,17.1,5.9,5.4,5.2,4.9,0
EMP-02565,Sales,Entry,Full-time,On-site,27,2.1,44500,5.9,11.4,6.9,0.1,0,33.9,5.0,4.7,7.4,13.0,1
EMP-02566,Sales,Senior,Full-time,Hybrid,36,7.8,100300,2.3,0.0,5.0,4.1,3,43.6,6.5,6.6,7.7,8.2,0
EMP-02567,Customer Success,Entry,Full-time,Remote,27,1.0,33800,7.1,8.9,6.3,0.1,1,39.6,4.2,4.9,7.2,3.4,0
EMP-02568,Engineering,Mid,Full-time,On-site,32,4.4,68300,6.5,0.5,6.2,1.2,2,21.7,6.2,6.9,6.1,0.1,0
EMP-02569,Marketing,Senior,Full-time,Hybrid,36,6.7,89900,6.6,20.7,6.4,3.1,1,22.5,5.7,6.4,6.7,10.2,0
EMP-02570,HR,Mid,Full-time,On-site,35,3.7,71500,5.5,11.2,7.3,0.1,1,40.2,8.1,7.4,5.9,6.8,0
EMP-02571,HR,Senior,Full-time,On-site,37,9.0,86000,4.9,9.7,7.5,8.6,2,30.9,5.6,5.9,5.5,7.9,0
EMP-02572,Finance,Mid,Part-time,Hybrid,33,7.4,66500,9.2,18.4,7.9,4.8,2,13.3,4.9,6.7,6.6,7.5,0
EMP-02573,Engineering,Mid,Full-time,On-site,39,7.3,80800,6.3,4.3,10.0,2.3,2,20.2,6.6,7.2,9.3,9.6,0
EMP-02574,Engineering,Senior,Full-time,Hybrid,33,7.1,84500,3.7,3.9,5.2,5.0,2,28.4,8.1,8.5,6.8,2.4,0
EMP-02575,Finance,Mid,Full-time,Remote,25,2.1,65700,6.8,6.5,7.4,0.1,0,23.3,7.2,5.1,7.2,4.3,0
EMP-02576,Sales,Mid,Full-time,On-site,25,2.5,69700,5.5,6.7,6.2,0.1,1,25.8,5.6,7.9,5.9,8.7,0
EMP-02577,Sales,Mid,Full-time,Hybrid,39,4.2,68500,5.4,3.4,4.2,1.1,1,31.8,5.7,3.7,6.4,1.3,0
EMP-02578,Marketing,Senior,Full-time,On-site,44,6.4,89500,6.5,1.7,8.0,2.2,1,22.2,7.1,8.5,7.9,0.0,0
EMP-02579,Engineering,Senior,Full-time,On-site,40,5.5,98200,6.1,5.5,6.8,2.2,1,16.6,6.0,7.2,7.1,7.8,0
EMP-02580,Finance,Mid,Full-time,Remote,43,7.3,72800,5.5,6.6,4.9,5.8,2,18.1,6.4,7.3,6.1,5.4,0
EMP-02581,Operations,Manager,Full-time,Hybrid,34,6.5,95200,6.2,9.4,6.0,1.3,1,15.8,6.9,5.9,5.9,12.6,0
EMP-02582,Engineering,Mid,Full-time,Hybrid,26,1.5,63000,6.1,4.2,4.2,0.1,1,18.4,6.7,6.5,6.5,1.1,0
EMP-02583,Finance,Mid,Full-time,Remote,31,6.6,68800,7.3,18.0,7.5,1.0,1,10.4,4.7,5.8,7.3,15.9,0
EMP-02584,Marketing,Senior,Full-time,On-site,35,6.2,80600,6.0,5.4,6.8,2.7,1,29.2,8.4,7.8,6.6,4.4,0
EMP-02585,Customer Success,Mid,Full-time,On-site,35,5.4,66900,7.4,8.5,5.3,3.2,1,31.0,6.0,5.8,7.6,8.8,0
EMP-02586,Sales,Senior,Full-time,Hybrid,31,6.5,85200,4.9,13.7,8.9,3.2,1,26.6,7.6,5.9,7.4,4.4,0
EMP-02587,Engineering,Senior,Full-time,Hybrid,35,8.0,84300,7.1,12.1,6.3,3.4,3,33.0,5.8,6.3,7.8,8.8,0
EMP-02588,HR,Senior,Full-time,On-site,28,3.7,85000,7.2,4.3,8.3,0.1,1,30.5,5.3,5.6,6.8,6.2,0
EMP-02589,Customer Success,Manager,Full-time,Hybrid,39,7.7,104200,5.9,3.6,7.7,5.3,3,21.2,6.9,7.5,7.5,8.1,0
EMP-02590,Engineering,Manager,Full-time,Hybrid,38,8.2,115200,5.3,10.8,3.8,5.9,2,15.7,6.2,6.0,7.3,4.8,1
EMP-02591,Engineering,Senior,Full-time,Hybrid,44,7.7,108500,5.6,3.3,7.3,5.7,2,9.3,5.5,6.4,8.6,0.6,0
EMP-02592,Sales,Senior,Full-time,Remote,33,5.8,82000,5.4,5.3,7.0,0.2,1,26.6,6.4,7.4,6.5,9.0,0
EMP-02593,Operations,Mid,Full-time,On-site,33,5.5,63000,6.8,9.6,7.9,1.7,2,9.8,5.8,6.6,7.3,14.6,0
EMP-02594,Engineering,Senior,Full-time,Hybrid,42,8.9,91400,7.1,2.6,6.4,5.7,3,12.3,5.2,5.8,6.8,8.6,0
EMP-02595,Marketing,Manager,Full-time,Hybrid,38,9.0,109900,4.1,0.0,6.3,5.5,2,16.5,7.2,7.4,8.0,0.0,0
EMP-02596,HR,Mid,Full-time,Remote,34,5.9,76000,5.0,2.0,5.9,1.0,1,26.7,8.0,8.3,7.3,8.4,0
EMP-02597,Customer Success,Entry,Full-time,Hybrid,33,0.2,62900,6.6,13.6,7.3,0.1,0,10.5,6.1,5.3,7.5,6.6,0
EMP-02598,Customer Success,Entry,Full-time,On-site,23,1.0,39300,6.4,10.3,4.3,0.1,1,29.8,6.4,7.4,7.5,6.5,0
EMP-02599,Engineering,Mid,Full-time,Hybrid,32,6.7,74600,6.5,2.5,5.9,4.0,1,18.0,5.9,7.3,6.0,5.7,0
EMP-02600,Sales,Entry,Full-time,On-site,28,3.3,48400,8.6,15.0,7.3,0.1,0,40.0,6.7,5.2,7.0,8.2,0
EMP-02601,Customer Success,Senior,Full-time,On-site,35,3.9,84300,7.1,6.5,6.1,3.2,1,27.9,5.8,6.5,6.7,6.6,0
EMP-02602,Marketing,Entry,Full-time,Hybrid,21,0.6,42800,7.5,20.0,5.7,0.1,0,29.1,5.1,6.5,6.6,7.0,0
EMP-02603,Customer Success,Entry,Full-time,On-site,33,4.6,30000,4.1,6.5,8.0,0.4,1,39.4,7.5,7.0,7.5,1.4,0
EMP-02604,Operations,Mid,Full-time,Remote,23,2.4,60900,4.2,10.5,6.5,0.1,0,15.6,7.4,6.4,6.0,6.1,0
EMP-02605,Operations,Mid,Full-time,Hybrid,30,4.1,73400,7.7,14.9,6.6,1.3,1,17.0,4.7,6.8,7.1,5.9,0
EMP-02606,Finance,Entry,Full-time,Hybrid,21,0.2,43800,8.1,14.3,8.2,0.1,0,28.6,7.3,7.3,5.0,0.6,0
EMP-02607,Customer Success,Mid,Full-time,Remote,39,5.2,65200,6.5,11.8,6.3,2.5,1,11.3,6.9,6.5,7.9,8.4,0
EMP-02608,Finance,Entry,Full-time,Hybrid,25,2.9,36600,3.9,9.5,5.9,0.1,0,33.9,7.0,7.1,7.9,4.8,0
EMP-02609,Customer Success,Entry,Full-time,On-site,32,4.1,45200,7.0,5.6,8.3,1.0,1,26.0,9.1,8.2,8.7,5.5,0
EMP-02610,Customer Success,Entry,Full-time,Hybrid,35,3.3,52400,5.9,12.9,6.1,0.7,0,35.7,5.7,5.7,6.5,3.3,0
EMP-02611,Sales,Mid,Full-time,Hybrid,21,1.6,72200,5.0,0.0,7.0,0.1,1,24.3,6.7,6.4,6.2,9.4,0
EMP-02612,Engineering,Senior,Full-time,Hybrid,32,5.0,95000,4.1,2.7,6.5,0.1,1,35.4,6.2,6.0,6.2,8.2,0
EMP-02613,HR,Entry,Full-time,On-site,27,1.9,36700,8.4,11.2,7.4,0.1,1,21.9,7.0,7.2,6.3,10.6,0
EMP-02614,Engineering,Senior,Full-time,Hybrid,29,6.5,98100,6.9,2.6,8.7,1.5,1,19.6,7.0,6.9,10.0,5.1,0
EMP-02615,Engineering,Mid,Full-time,On-site,29,3.9,79300,6.5,5.8,6.6,0.1,1,8.2,6.6,7.9,7.2,7.7,0
EMP-02616,Engineering,Mid,Full-time,On-site,31,2.7,70600,6.9,8.2,3.1,0.1,0,37.4,4.4,4.9,6.3,7.0,0
EMP-02617,Customer Success,Mid,Full-time,Hybrid,39,5.5,60800,3.9,0.0,8.6,3.9,2,22.1,8.4,7.8,7.3,4.8,0
EMP-02618,Customer Success,Senior,Part-time,On-site,37,9.2,98000,5.4,16.6,6.0,6.5,2,44.2,6.3,4.2,7.0,9.5,0
EMP-02619,Sales,Entry,Full-time,On-site,23,0.2,56400,6.9,3.7,7.6,0.1,0,26.2,6.5,6.8,7.6,4.5,0
EMP-02620,Operations,Mid,Full-time,Hybrid,30,3.3,60500,6.2,13.1,8.4,2.7,0,20.3,6.9,7.2,8.2,9.5,0
EMP-02621,Sales,Mid,Full-time,Hybrid,32,4.4,72900,6.5,16.6,7.0,1.9,1,23.5,5.2,6.2,9.2,8.6,0
EMP-02622,Engineering,Senior,Full-time,Hybrid,44,8.1,89800,5.0,11.8,5.6,5.7,3,32.8,5.6,7.0,7.6,4.9,0
EMP-02623,Customer Success,Entry,Full-time,Hybrid,26,2.2,57000,7.2,0.0,8.1,0.1,0,30.4,6.7,9.5,8.2,0.4,0
EMP-02624,Customer Success,Entry,Full-time,Hybrid,29,2.6,37600,6.7,8.1,4.7,1.9,1,41.1,6.1,6.2,5.2,8.4,0
EMP-02625,Customer Success,Mid,Part-time,Hybrid,30,2.8,52200,7.5,5.9,7.3,0.1,1,28.4,8.5,6.4,5.8,8.6,0
EMP-02626,Sales,Mid,Full-time,Remote,30,3.1,70800,6.2,10.1,7.8,1.0,0,10.6,6.4,5.0,6.3,11.6,0
EMP-02627,Customer Success,Manager,Full-time,Hybrid,47,9.3,92600,8.3,16.6,5.4,8.1,2,5.9,4.5,7.2,9.6,7.1,1
EMP-02628,Sales,Mid,Full-time,Hybrid,38,6.5,76800,5.7,15.9,7.3,1.2,2,25.2,5.9,4.9,8.5,6.0,0
EMP-02629,Engineering,Senior,Full-time,On-site,53,11.6,105000,6.2,11.5,7.0,7.9,4,16.0,4.8,4.4,7.5,0.0,0
EMP-02630,Sales,Entry,Full-time,Remote,37,4.1,43000,5.9,6.3,7.0,2.3,2,20.9,6.5,6.4,6.3,4.1,0
EMP-02631,Marketing,Mid,Full-time,Hybrid,34,4.8,65200,7.2,10.9,4.5,0.7,1,41.2,4.6,3.7,5.1,15.2,0
EMP-02632,HR,Manager,Full-time,Hybrid,34,7.3,114700,4.8,4.0,8.4,4.4,2,11.8,7.6,5.9,8.0,7.8,0
EMP-02633,Customer Success,Senior,Full-time,Hybrid,38,7.1,96700,5.1,15.9,6.5,4.8,2,35.5,7.9,8.7,7.7,1.9,0
EMP-02634,Customer Success,Senior,Full-time,Hybrid,37,5.3,94000,6.2,11.5,5.7,1.6,1,1.5,6.2,7.5,7.3,9.1,0
EMP-02635,Sales,Entry,Full-time,Remote,30,1.4,51200,5.7,1.1,7.8,0.1,0,23.8,8.4,7.0,7.0,4.7,0
EMP-02636,Customer Success,Senior,Full-time,On-site,45,8.9,73500,6.8,10.8,6.0,7.2,2,25.8,6.4,4.4,8.8,7.3,0
EMP-02637,Operations,Mid,Full-time,Remote,34,4.7,65900,5.9,0.0,6.3,0.4,1,33.7,7.0,6.9,7.3,9.4,0
EMP-02638,Engineering,Entry,Part-time,Remote,27,3.1,54100,5.8,12.6,6.5,2.4,0,49.2,4.5,6.0,7.1,11.4,0
EMP-02639,Customer Success,Mid,Full-time,Hybrid,24,1.3,59200,7.9,17.6,4.6,0.1,0,31.7,4.2,4.9,5.8,3.4,1
EMP-02640,HR,Senior,Full-time,Hybrid,38,7.9,100500,7.0,8.1,7.0,5.2,2,12.2,6.1,4.1,8.1,1.9,0
EMP-02641,Marketing,Mid,Full-time,On-site,21,2.7,62800,3.2,0.0,8.3,1.1,0,30.9,7.0,7.7,6.5,2.0,0
EMP-02642,Finance,Mid,Full-time,On-site,38,5.4,67100,7.9,4.6,5.8,4.1,1,20.0,5.9,6.5,7.8,5.2,0
EMP-02643,Finance,Manager,Full-time,On-site,40,7.6,116400,4.2,12.9,8.3,7.4,2,7.0,6.1,5.1,6.3,0.0,0
EMP-02644,Engineering,Entry,Full-time,Hybrid,35,2.2,51700,6.3,15.4,5.6,0.1,1,30.5,7.0,6.8,5.9,8.9,0
EMP-02645,Finance,Mid,Full-time,Hybrid,26,3.6,67100,7.9,1.2,6.8,1.3,1,35.2,7.5,6.6,5.9,11.5,0
EMP-02646,Sales,Entry,Full-time,Remote,28,2.6,53000,7.0,17.6,7.9,0.1,0,16.4,4.7,6.4,6.5,7.0,0
EMP-02647,Engineering,Senior,Part-time,Remote,40,5.6,95100,6.5,3.2,8.0,2.3,1,19.9,7.2,9.4,8.2,10.5,0
EMP-02648,Customer Success,Mid,Full-time,Hybrid,29,0.4,74000,8.0,11.5,6.7,0.1,0,16.6,3.2,4.4,6.5,3.9,0
EMP-02649,Customer Success,Senior,Full-time,On-site,34,4.7,96100,5.0,13.3,7.2,3.6,1,25.6,6.3,6.6,6.8,11.6,0
EMP-02650,Marketing,Mid,Full-time,On-site,39,7.4,50500,6.7,14.7,8.6,6.6,2,15.9,5.5,7.3,7.9,6.8,1
EMP-02651,Finance,Mid,Full-time,On-site,29,1.2,73100,6.4,23.4,5.4,0.1,1,8.4,6.7,5.7,5.9,5.8,1
EMP-02652,Sales,Manager,Full-time,Remote,41,9.1,102900,7.7,17.9,6.9,4.8,2,24.9,4.8,5.0,9.0,3.2,0
EMP-02653,Finance,Senior,Full-time,Hybrid,41,9.6,94100,5.9,19.2,8.0,5.5,3,32.6,6.8,5.1,7.1,10.3,0
EMP-02654,Customer Success,Entry,Part-time,On-site,26,1.6,42700,5.9,11.5,6.8,0.1,0,15.1,5.8,5.3,6.0,5.9,0
EMP-02655,Customer Success,Senior,Full-time,Hybrid,40,7.2,93900,9.6,22.7,8.2,3.9,2,20.4,5.8,4.9,7.0,6.1,1
EMP-02656,Finance,Entry,Full-time,Hybrid,26,0.2,54200,7.0,3.4,5.6,0.1,1,32.4,6.0,6.1,5.9,3.9,0
EMP-02657,Customer Success,Mid,Full-time,On-site,41,3.9,57300,7.0,10.1,7.3,0.1,2,24.2,7.0,4.0,5.7,2.8,0
EMP-02658,Marketing,Entry,Full-time,On-site,21,1.0,35900,6.1,20.2,10.0,0.1,0,22.7,8.1,8.1,8.5,6.3,0
EMP-02659,HR,Mid,Full-time,Hybrid,35,5.7,64700,6.7,5.0,5.7,0.5,1,15.6,6.2,4.0,8.8,3.6,0
EMP-02660,Finance,Entry,Full-time,On-site,27,1.1,62300,5.9,7.6,6.5,0.1,0,33.7,7.8,8.0,7.4,10.3,0
EMP-02661,Finance,Senior,Full-time,Hybrid,37,5.0,96300,6.5,13.0,5.3,2.9,1,41.4,6.1,4.8,6.5,11.5,0
EMP-02662,Sales,Manager,Full-time,On-site,45,8.5,103300,5.0,6.0,7.0,8.1,2,39.0,5.9,6.3,6.9,8.3,1
EMP-02663,Sales,Senior,Full-time,Remote,44,7.2,82500,5.6,5.2,7.4,6.3,2,28.1,5.9,6.3,8.5,6.4,0
EMP-02664,Engineering,Entry,Full-time,Hybrid,39,3.4,66100,9.2,10.4,5.8,0.1,1,34.6,6.1,5.3,6.9,2.1,0
EMP-02665,Finance,Mid,Full-time,On-site,28,5.4,53500,3.6,1.0,5.6,2.9,2,20.9,8.4,7.0,7.4,2.3,0
EMP-02666,Sales,Mid,Full-time,On-site,25,5.0,57700,5.9,2.8,5.9,0.6,1,30.9,6.7,6.0,5.1,1.6,1
EMP-02667,Sales,Entry,Full-time,On-site,33,2.1,50900,3.9,1.2,7.2,0.1,0,23.8,7.9,8.3,6.6,5.3,0
EMP-02668,HR,Senior,Full-time,On-site,49,10.1,79200,7.0,1.5,9.8,6.2,2,25.5,6.4,7.8,9.1,6.6,1
EMP-02669,Sales,Senior,Full-time,Hybrid,35,5.8,89000,8.0,3.9,4.7,1.0,1,44.4,4.7,2.6,7.1,7.3,0
EMP-02670,Sales,Entry,Full-time,Hybrid,31,3.2,37500,4.7,0.0,6.4,0.1,0,23.5,8.2,7.0,8.6,3.4,0
EMP-02671,Sales,Senior,Full-time,Remote,44,7.4,99700,5.4,0.0,7.7,3.2,3,30.6,7.6,8.6,6.9,4.9,0
EMP-02672,Marketing,Mid,Full-time,Hybrid,33,4.1,78900,5.6,8.3,5.5,0.1,1,14.9,7.4,8.0,7.5,1.2,0
EMP-02673,Customer Success,Mid,Full-time,On-site,30,4.3,54500,7.5,9.0,5.1,0.1,1,36.0,7.1,7.7,6.5,4.0,0
EMP-02674,Finance,Manager,Full-time,On-site,43,7.2,99500,7.4,8.3,7.9,3.8,2,28.8,6.3,6.6,6.5,8.6,0
EMP-02675,Sales,Mid,Full-time,Hybrid,29,1.7,64600,5.3,11.4,7.5,0.1,0,35.0,6.6,6.1,5.4,5.1,0
EMP-02676,HR,Mid,Full-time,Hybrid,36,4.2,57500,6.7,5.6,6.8,0.1,1,32.4,6.6,6.4,6.4,3.8,0
EMP-02677,Sales,Mid,Full-time,On-site,30,3.6,65500,6.2,0.0,6.8,0.1,1,23.8,6.9,6.7,6.7,7.6,0
EMP-02678,Engineering,Senior,Full-time,On-site,31,6.0,101600,5.8,5.9,6.5,2.7,2,15.1,6.7,6.6,5.2,11.9,0
EMP-02679,Finance,Mid,Full-time,On-site,31,5.1,71500,4.9,1.0,5.9,1.6,1,45.2,4.5,5.3,6.4,9.0,0
EMP-02680,HR,Senior,Full-time,On-site,45,7.5,104300,8.0,9.4,9.4,2.1,3,31.6,6.9,6.6,7.2,8.4,0
EMP-02681,Engineering,Entry,Full-time,On-site,25,2.7,64800,8.3,9.5,4.2,0.8,0,21.6,5.0,6.3,5.1,6.0,0
EMP-02682,Engineering,Manager,Full-time,Hybrid,39,7.0,136900,7.3,16.9,7.5,0.9,2,22.0,5.5,5.1,7.7,10.2,0
EMP-02683,Engineering,Mid,Full-time,On-site,39,2.2,85500,6.8,7.6,7.6,0.1,0,21.0,7.5,7.2,7.2,5.1,0
EMP-02684,Operations,Entry,Full-time,Hybrid,29,0.2,43400,3.4,7.3,9.1,0.1,0,38.9,7.8,8.3,7.8,4.2,0
EMP-02685,Customer Success,Manager,Full-time,Remote,39,5.5,108300,7.5,21.0,3.3,2.2,1,28.7,5.0,3.6,6.4,10.0,1
EMP-02686,Operations,Senior,Part-time,On-site,40,7.7,93500,7.6,16.4,8.2,3.6,2,26.8,6.8,5.4,5.9,4.8,1
EMP-02687,HR,Mid,Full-time,Hybrid,29,1.9,58400,4.2,5.9,4.9,0.1,0,14.1,6.6,6.9,5.1,5.9,0
EMP-02688,Operations,Senior,Full-time,Hybrid,38,8.9,89800,6.1,9.8,5.2,6.1,2,33.7,4.6,6.2,5.0,8.2,0
EMP-02689,Finance,Senior,Full-time,On-site,43,8.1,105000,8.9,4.0,8.3,5.0,2,12.5,5.9,7.0,8.4,10.3,0
EMP-02690,Sales,Entry,Full-time,On-site,28,1.3,60000,6.7,22.9,7.7,0.1,1,26.0,7.0,4.5,7.1,6.3,0
EMP-02691,Engineering,Senior,Part-time,Hybrid,39,5.9,87100,5.5,8.0,5.8,1.7,1,19.5,5.0,7.7,8.2,1.6,0
EMP-02692,Sales,Entry,Full-time,Remote,21,0.9,39800,7.6,3.6,8.9,0.3,0,18.5,7.0,7.3,7.0,7.7,0
EMP-02693,Engineering,Entry,Full-time,Hybrid,30,1.6,31000,6.2,7.6,6.8,0.1,0,26.5,5.4,7.7,7.4,11.3,0
EMP-02694,Operations,Entry,Part-time,Hybrid,30,3.0,45500,8.1,15.0,5.3,1.5,0,20.5,5.4,6.0,6.5,3.5,1
EMP-02695,Operations,Manager,Full-time,On-site,39,11.0,115100,7.4,5.9,8.6,10.0,3,30.0,7.6,7.7,8.6,1.8,0
EMP-02696,Marketing,Entry,Full-time,Hybrid,27,1.6,34400,6.0,15.9,7.8,0.1,0,24.8,5.3,4.2,7.5,5.8,0
EMP-02697,Finance,Entry,Full-time,On-site,21,1.5,62800,5.5,7.1,5.8,0.1,0,17.4,6.1,6.5,6.2,3.1,0
EMP-02698,Finance,Mid,Full-time,Hybrid,33,4.8,70100,5.6,10.0,5.1,1.7,1,24.0,6.5,7.2,7.1,6.0,0
EMP-02699,Customer Success,Mid,Full-time,Hybrid,37,5.9,56500,6.5,10.0,5.7,3.6,1,9.3,6.5,6.8,5.8,9.4,0
EMP-02700,Engineering,Senior,Full-time,Hybrid,35,9.0,92600,5.8,6.6,5.0,6.3,2,37.3,5.9,7.1,8.5,8.4,0
EMP-02701,HR,Senior,Full-time,Hybrid,32,5.6,77500,5.0,4.2,4.2,2.7,2,30.6,5.4,6.9,7.7,7.6,0
EMP-02702,Engineering,Senior,Full-time,Hybrid,44,7.0,90200,7.3,8.5,6.0,3.4,3,21.2,5.3,5.3,6.5,4.5,0
EMP-02703,Engineering,Senior,Full-time,Hybrid,38,6.3,98000,4.7,1.2,9.5,4.1,1,31.4,8.0,8.2,9.0,7.5,0
EMP-02704,Customer Success,Entry,Full-time,On-site,35,4.4,38300,9.7,15.5,9.8,0.1,1,22.7,5.8,8.5,7.1,10.3,0
EMP-02705,Engineering,Senior,Full-time,Hybrid,45,8.0,91200,5.6,1.5,8.1,5.2,2,33.6,5.6,6.8,8.2,1.9,0
EMP-02706,Sales,Mid,Full-time,On-site,36,5.2,59100,4.8,10.5,9.0,0.1,1,34.5,6.4,6.4,7.2,4.8,0
EMP-02707,Operations,Mid,Full-time,Hybrid,28,2.8,61900,5.1,3.4,8.5,0.1,0,18.9,7.7,7.9,6.5,9.9,0
EMP-02708,Customer Success,Entry,Full-time,On-site,22,0.2,60200,9.1,22.8,7.8,0.1,0,41.2,5.9,5.9,5.4,2.8,0
EMP-02709,Sales,Mid,Full-time,Hybrid,30,3.0,67000,6.1,4.9,6.2,0.6,0,11.6,5.7,5.7,4.7,0.0,0
EMP-02710,Customer Success,Senior,Full-time,Hybrid,30,5.5,89200,7.5,10.1,7.9,2.1,1,21.2,6.4,6.1,9.4,10.1,0
EMP-02711,Engineering,Mid,Full-time,Hybrid,39,7.1,59600,7.1,9.7,8.6,2.3,2,30.6,7.7,5.7,7.0,4.4,0
EMP-02712,Sales,Mid,Full-time,Hybrid,31,3.6,65000,6.2,0.0,8.2,0.1,2,11.3,7.6,7.0,8.0,4.7,0
EMP-02713,HR,Manager,Full-time,Remote,36,8.7,94200,6.7,9.3,7.1,5.8,2,26.8,6.6,8.1,6.3,9.1,0
EMP-02714,Sales,Manager,Full-time,Hybrid,42,7.7,96000,6.2,13.2,10.0,2.9,2,26.7,5.1,7.3,7.6,6.0,0
EMP-02715,Operations,Entry,Full-time,On-site,24,2.0,49000,7.9,8.8,5.9,0.1,0,44.4,6.7,5.6,5.0,7.2,0
EMP-02716,HR,Mid,Full-time,On-site,29,5.2,76300,3.8,0.0,8.8,3.3,1,18.5,9.5,8.5,6.0,5.4,0
EMP-02717,HR,Entry,Full-time,On-site,22,2.2,35000,6.6,8.0,5.5,0.1,0,35.2,4.8,4.8,6.9,6.1,0
EMP-02718,Engineering,Entry,Part-time,Hybrid,25,0.2,58900,6.2,6.4,4.9,0.1,1,18.8,6.3,6.4,6.6,11.3,0
EMP-02719,Engineering,Entry,Full-time,Hybrid,36,4.6,43700,6.6,5.2,6.8,2.3,2,37.9,8.6,7.6,6.6,5.5,0
EMP-02720,Engineering,Senior,Full-time,On-site,40,7.5,100500,6.2,7.6,6.5,5.7,2,26.1,4.6,5.2,6.4,4.5,1
EMP-02721,Finance,Senior,Part-time,Hybrid,30,5.4,86100,4.5,0.0,9.0,2.1,2,14.0,7.2,7.9,7.9,5.8,0
EMP-02722,Customer Success,Entry,Full-time,On-site,21,0.2,40300,6.4,14.6,6.9,0.1,1,26.6,5.0,6.4,5.0,7.5,0
EMP-02723,Operations,Entry,Full-time,Hybrid,26,1.5,46200,8.6,17.3,5.9,0.1,0,34.2,6.1,5.6,5.1,9.0,1
EMP-02724,Engineering,Mid,Part-time,On-site,29,4.0,67600,7.2,13.1,8.0,1.3,1,18.1,6.2,7.2,6.5,4.3,0
EMP-02725,Customer Success,Mid,Full-time,Remote,44,7.0,61000,7.0,11.4,6.9,6.6,2,12.6,6.6,8.8,9.1,6.0,0
EMP-02726,Operations,Mid,Full-time,Hybrid,48,6.5,60500,4.5,9.7,6.6,2.5,1,30.3,7.3,6.6,6.4,5.0,0
EMP-02727,Marketing,Entry,Full-time,On-site,27,2.4,47900,6.0,11.4,5.8,0.1,0,43.9,7.1,6.9,8.8,10.4,0
EMP-02728,Sales,Manager,Full-time,On-site,47,10.1,112500,6.4,9.5,8.5,6.9,2,10.0,5.8,7.6,7.7,7.1,0
EMP-02729,Engineering,Entry,Full-time,Hybrid,23,0.2,61800,8.3,3.5,7.0,0.1,0,51.6,7.5,6.5,5.7,8.3,0
EMP-02730,Customer Success,Entry,Full-time,Hybrid,28,0.2,30000,7.3,14.5,5.7,0.1,0,34.9,7.3,7.4,6.2,8.8,0
EMP-02731,Engineering,Senior,Full-time,On-site,40,7.5,100500,6.2,4.7,6.0,6.1,2,29.3,6.5,4.9,4.3,5.5,0
EMP-02732,Engineering,Entry,Part-time,Hybrid,33,2.3,44400,8.9,11.9,7.5,0.1,0,14.0,7.1,5.1,5.5,0.3,0
EMP-02733,Operations,Entry,Full-time,On-site,22,0.2,52900,6.4,7.8,4.4,0.1,1,27.8,6.0,6.8,8.1,9.0,0
EMP-02734,Engineering,Entry,Full-time,Hybrid,39,5.9,48800,6.4,3.2,7.7,0.3,1,21.2,6.2,6.2,5.1,1.4,0
EMP-02735,Operations,Mid,Full-time,Remote,42,5.8,56900,4.5,1.5,4.9,3.2,1,18.5,5.4,6.2,7.1,5.0,0
EMP-02736,Engineering,Entry,Full-time,On-site,28,0.8,37000,7.7,24.8,3.6,0.1,0,23.9,5.0,2.7,4.6,7.0,1
EMP-02737,Engineering,Mid,Full-time,Hybrid,40,7.0,65700,5.1,0.5,7.7,3.9,2,24.0,7.6,8.0,7.2,6.0,0
EMP-02738,Engineering,Mid,Full-time,On-site,35,5.1,72900,4.6,4.5,8.7,0.5,1,35.1,7.4,5.7,7.7,0.0,0
EMP-02739,Sales,Mid,Full-time,Hybrid,33,4.6,54600,4.0,0.0,5.0,0.1,1,18.7,7.1,8.3,5.7,1.7,0
EMP-02740,Finance,Entry,Full-time,Remote,30,2.8,44000,7.2,4.5,7.7,0.1,0,34.3,8.2,4.4,6.9,0.6,0
EMP-02741,Customer Success,Mid,Full-time,On-site,26,1.5,50600,5.9,4.0,7.2,0.1,0,15.8,6.7,6.3,6.7,11.2,0
EMP-02742,Operations,Senior,Full-time,Remote,39,8.3,93600,6.8,11.1,7.6,3.6,2,34.5,5.7,5.9,8.5,10.2,0
EMP-02743,Finance,Manager,Full-time,Hybrid,41,7.9,117400,6.2,2.6,7.6,4.1,2,20.1,8.2,8.9,8.7,2.9,0
EMP-02744,Sales,Entry,Full-time,On-site,27,1.4,30000,6.5,10.7,7.7,0.1,1,29.6,6.2,7.0,6.0,5.7,0
EMP-02745,Customer Success,Mid,Full-time,On-site,29,3.7,67200,5.4,0.0,9.8,1.1,1,13.8,7.7,8.4,7.4,0.0,0
EMP-02746,Engineering,Mid,Full-time,On-site,43,5.7,64000,5.1,6.5,5.9,0.1,1,15.4,6.6,7.5,7.4,3.6,0
EMP-02747,Marketing,Manager,Part-time,Remote,29,4.2,118000,4.8,0.0,7.5,0.1,2,4.0,7.0,7.6,6.3,5.0,0
EMP-02748,Customer Success,Mid,Full-time,Hybrid,23,2.8,77300,7.2,12.0,6.5,0.1,0,37.8,5.3,6.2,5.6,5.4,1
EMP-02749,Finance,Mid,Full-time,Remote,40,6.8,72700,6.1,6.3,5.8,5.6,1,18.8,5.5,6.6,6.3,0.0,0
EMP-02750,Engineering,Mid,Full-time,On-site,28,4.1,89100,8.1,12.8,7.6,0.1,1,24.3,4.5,3.7,4.7,4.8,0
EMP-02751,Operations,Mid,Full-time,Hybrid,29,4.7,66800,7.5,10.0,8.5,1.5,1,31.4,6.6,7.4,7.1,12.5,0
EMP-02752,Operations,Senior,Full-time,On-site,48,10.0,87100,7.1,12.5,8.3,8.5,2,11.7,5.8,6.6,7.1,7.6,0
EMP-02753,Marketing,Entry,Full-time,Hybrid,32,3.5,51200,4.0,1.9,5.8,0.1,1,13.8,6.4,6.3,9.1,0.0,0
EMP-02754,Engineering,Manager,Full-time,On-site,38,7.9,116100,3.6,16.8,6.2,4.3,2,23.2,7.9,7.0,7.3,8.2,0
EMP-02755,Sales,Mid,Full-time,Hybrid,24,4.4,65500,10.0,20.5,7.7,1.6,1,18.9,4.9,4.1,8.5,13.1,0
EMP-02756,Sales,Mid,Full-time,Hybrid,29,4.4,55800,6.8,2.9,9.5,1.0,2,35.7,5.3,7.7,7.8,10.2,0
EMP-02757,Customer Success,Manager,Full-time,Remote,36,8.5,108300,6.0,10.1,9.1,4.8,3,17.7,6.3,6.0,8.9,4.3,0
EMP-02758,Engineering,Senior,Full-time,On-site,30,7.3,102700,4.8,5.4,8.3,6.7,2,7.5,6.7,7.8,8.4,6.2,0
EMP-02759,Sales,Entry,Full-time,On-site,35,2.6,38900,6.3,6.2,10.0,0.1,0,34.6,6.9,7.8,7.4,4.8,0
EMP-02760,Customer Success,Mid,Full-time,Hybrid,28,2.2,66400,6.9,6.4,8.2,0.8,0,32.5,6.3,5.8,7.1,7.6,0
EMP-02761,Operations,Entry,Full-time,Hybrid,29,3.7,40500,6.5,10.9,5.9,2.8,1,3.8,5.8,5.5,5.6,10.4,0
EMP-02762,Operations,Manager,Full-time,On-site,46,10.6,100700,2.5,0.0,6.1,6.5,4,29.2,7.0,6.8,8.5,7.0,0
EMP-02763,Marketing,Mid,Full-time,Remote,32,4.6,75300,7.0,19.3,6.2,1.1,2,23.4,6.3,6.0,5.8,7.4,0
EMP-02764,Engineering,Senior,Full-time,Remote,35,5.6,77900,5.5,0.0,6.8,2.7,1,29.4,5.3,6.1,6.0,4.4,0
EMP-02765,Customer Success,Mid,Full-time,Hybrid,33,5.1,61600,6.9,20.6,3.7,4.5,1,17.5,7.4,4.4,5.4,0.7,0
EMP-02766,HR,Mid,Full-time,Hybrid,24,2.9,74800,4.1,1.1,5.5,0.1,1,17.4,7.3,8.2,7.5,9.0,0
EMP-02767,Sales,Senior,Full-time,On-site,43,9.0,101200,4.1,3.6,8.1,5.0,2,24.0,7.4,7.9,9.1,1.1,0
EMP-02768,Engineering,Entry,Full-time,Hybrid,31,2.3,68100,5.6,2.2,7.6,0.1,0,22.2,6.4,7.6,7.4,0.7,0
EMP-02769,Sales,Senior,Full-time,Remote,46,9.1,97400,7.9,4.7,6.2,7.3,2,41.8,3.9,4.4,6.0,4.7,1
EMP-02770,Customer Success,Mid,Full-time,Hybrid,30,3.7,53300,5.1,4.5,7.8,2.9,1,30.4,6.6,7.3,7.2,0.0,0
EMP-02771,HR,Mid,Part-time,Hybrid,32,7.6,69400,4.5,0.0,5.7,3.5,2,24.1,7.5,7.5,8.0,4.2,0
EMP-02772,HR,Senior,Full-time,On-site,36,5.9,97900,4.9,1.4,8.4,0.1,2,17.0,8.8,10.0,10.0,1.6,0
EMP-02773,Engineering,Mid,Full-time,Hybrid,35,5.0,66000,7.7,16.8,5.9,1.6,1,15.9,6.6,5.4,7.3,8.7,0
EMP-02774,Finance,Senior,Full-time,Hybrid,40,9.2,91000,6.0,9.7,7.2,9.1,2,28.3,7.3,7.3,9.2,8.3,0
EMP-02775,Customer Success,Manager,Full-time,On-site,42,9.1,105300,6.6,15.1,6.1,5.2,2,0.4,4.9,5.4,6.6,8.8,0
EMP-02776,Marketing,Mid,Full-time,On-site,44,7.3,71500,4.1,6.3,7.6,4.0,3,37.4,5.3,7.9,7.7,7.4,0
EMP-02777,Operations,Entry,Full-time,Hybrid,28,0.2,35300,7.1,13.5,6.1,0.1,0,16.2,6.5,5.8,5.4,6.9,0
EMP-02778,Operations,Mid,Full-time,Hybrid,33,4.3,52700,7.3,22.2,5.8,0.8,1,17.1,4.6,5.0,8.9,5.6,0
EMP-02779,Customer Success,Senior,Full-time,Hybrid,34,7.7,88300,5.6,0.7,4.6,3.7,2,7.3,6.0,5.4,7.0,6.9,0
EMP-02780,Engineering,Mid,Part-time,Hybrid,34,3.7,71100,5.6,0.0,7.9,0.1,1,29.1,6.1,7.4,7.9,2.8,0
EMP-02781,HR,Entry,Full-time,Hybrid,25,3.3,51300,6.7,20.9,6.2,1.5,0,41.3,3.4,5.6,7.9,7.4,1
EMP-02782,HR,Mid,Full-time,Hybrid,22,1.6,60400,8.5,0.0,8.8,0.1,0,18.6,7.7,7.3,8.0,0.0,0
EMP-02783,Marketing,Mid,Full-time,On-site,29,2.7,58400,6.7,2.9,4.4,1.2,0,33.6,4.6,5.8,7.2,7.6,1
EMP-02784,Operations,Mid,Full-time,Hybrid,26,5.7,54700,6.5,6.2,7.7,3.1,1,21.5,8.9,7.9,7.8,8.0,0
EMP-02785,Sales,Mid,Full-time,On-site,35,3.7,57400,6.5,4.6,7.2,0.1,1,37.4,7.6,7.8,6.6,7.2,0
EMP-02786,Sales,Senior,Full-time,Hybrid,36,3.7,101600,6.8,10.8,6.3,0.3,1,31.0,6.2,3.3,4.6,5.6,0
EMP-02787,HR,Entry,Full-time,On-site,30,2.5,41900,6.2,7.6,6.2,0.1,1,54.6,6.1,3.4,6.3,11.1,0
EMP-02788,Sales,Mid,Full-time,Hybrid,27,1.0,57800,9.9,20.2,9.0,0.1,0,13.8,4.5,5.7,6.2,14.9,0
EMP-02789,Customer Success,Entry,Full-time,Remote,21,0.2,40100,6.4,9.0,6.8,0.1,1,18.1,4.8,5.2,5.7,6.8,0
EMP-02790,Sales,Mid,Full-time,Hybrid,38,4.2,67700,6.9,6.6,6.4,0.1,1,26.2,5.8,7.0,7.6,6.6,0
EMP-02791,Engineering,Manager,Full-time,Hybrid,36,8.4,115700,7.2,3.4,8.5,4.7,2,26.5,7.7,7.4,9.6,8.0,0
EMP-02792,Customer Success,Mid,Full-time,On-site,37,4.9,60800,6.2,12.7,7.6,2.0,1,30.3,5.9,8.7,6.7,10.2,0
EMP-02793,Operations,Entry,Full-time,Hybrid,25,2.8,46300,7.7,22.8,7.8,0.1,1,38.0,4.1,3.8,5.7,10.4,1
EMP-02794,Marketing,Mid,Part-time,Hybrid,29,5.1,79300,5.5,12.0,8.9,3.4,1,17.6,7.4,6.2,6.7,7.8,0
EMP-02795,Engineering,Entry,Full-time,Hybrid,34,4.0,69100,6.5,12.7,6.8,0.1,1,34.3,5.9,5.5,7.5,9.5,0
EMP-02796,Sales,Mid,Full-time,Hybrid,37,4.7,57100,5.8,6.1,8.4,1.3,1,25.9,7.6,6.7,6.6,7.6,0
EMP-02797,Operations,Entry,Full-time,On-site,22,0.6,45100,4.5,10.3,7.5,0.1,0,23.2,6.4,6.1,7.2,0.0,0
EMP-02798,Operations,Entry,Full-time,Hybrid,33,2.1,43000,7.6,9.3,6.4,0.1,0,27.8,5.6,6.4,7.5,8.0,0
EMP-02799,Sales,Entry,Full-time,Hybrid,23,0.2,51900,4.0,0.0,9.0,0.1,0,37.1,7.9,6.9,6.1,1.0,0
EMP-02800,Operations,Senior,Full-time,Hybrid,30,2.5,97300,6.4,22.9,5.5,0.1,0,19.6,5.2,5.3,4.3,12.4,0
EMP-02801,Marketing,Mid,Full-time,On-site,32,3.1,54200,5.4,2.7,3.5,2.0,0,0.0,8.8,6.3,5.1,7.3,0
EMP-02802,Sales,Senior,Full-time,On-site,49,9.6,97000,7.1,8.3,6.4,4.5,2,29.9,6.0,7.2,7.2,7.3,0
EMP-02803,Customer Success,Mid,Full-time,Hybrid,21,2.5,52200,5.8,18.0,5.9,0.1,0,11.7,5.7,5.1,8.8,6.1,0
EMP-02804,Engineering,Mid,Full-time,Remote,24,3.2,78100,6.3,10.4,7.4,0.5,0,25.8,7.6,5.1,5.2,4.0,0
EMP-02805,Engineering,Mid,Full-time,Hybrid,30,4.0,73400,6.3,7.7,7.4,1.5,1,0.0,7.5,7.4,6.0,9.4,0
EMP-02806,Sales,Mid,Full-time,On-site,35,5.1,70700,5.4,14.0,7.2,1.5,1,31.7,5.4,7.9,8.2,13.7,0
EMP-02807,Finance,Entry,Full-time,On-site,30,3.7,55500,5.0,0.0,4.4,0.9,2,39.7,6.6,6.2,6.0,5.0,0
EMP-02808,Operations,Mid,Full-time,Hybrid,34,7.0,60900,4.2,8.5,6.8,2.5,3,0.0,7.4,7.1,7.1,8.6,0
EMP-02809,HR,Entry,Full-time,On-site,21,3.3,34000,5.3,7.7,7.0,0.1,0,20.4,6.2,7.2,5.4,7.8,0
EMP-02810,Operations,Mid,Full-time,Remote,28,2.5,54300,7.5,26.0,6.6,0.1,0,24.7,6.4,8.8,7.6,3.7,0
EMP-02811,Engineering,Senior,Full-time,Remote,43,7.5,100000,9.7,22.5,6.5,5.1,2,21.1,5.2,7.1,9.5,5.3,1
EMP-02812,Operations,Mid,Full-time,On-site,29,5.8,68000,5.5,7.6,8.5,0.8,2,16.6,7.0,7.1,8.1,5.7,0
EMP-02813,Engineering,Senior,Full-time,Hybrid,42,10.2,103900,9.4,20.5,5.1,5.4,2,18.5,6.1,5.7,8.2,7.5,1
EMP-02814,Engineering,Entry,Full-time,On-site,32,6.5,48900,7.9,8.0,7.8,1.8,2,21.2,6.6,5.9,6.4,7.2,0
EMP-02815,Sales,Senior,Full-time,On-site,38,6.9,83000,7.6,3.8,7.6,5.1,1,25.9,6.0,6.2,5.7,4.5,0
EMP-02816,Sales,Mid,Full-time,Hybrid,40,5.8,66600,6.6,7.1,7.7,2.2,1,13.6,7.2,7.8,6.4,2.4,0
EMP-02817,Operations,Manager,Full-time,Hybrid,43,8.2,113100,6.2,18.0,7.3,2.9,2,6.5,5.4,6.7,9.6,1.2,0
EMP-02818,Customer Success,Manager,Full-time,On-site,37,9.5,101800,8.4,7.6,7.0,8.4,2,0.0,4.7,2.7,6.2,14.1,1
EMP-02819,Sales,Entry,Full-time,Hybrid,35,2.2,37800,6.9,4.6,5.5,0.1,0,39.2,6.8,7.1,9.0,7.1,0
EMP-02820,Customer Success,Entry,Part-time,Hybrid,29,2.2,36400,7.5,22.4,6.1,0.1,0,24.9,6.1,6.2,6.9,7.6,0
EMP-02821,HR,Mid,Full-time,Hybrid,21,1.7,67300,5.6,0.0,8.6,0.6,1,26.7,7.1,7.4,5.9,2.6,0
EMP-02822,Sales,Entry,Part-time,On-site,25,1.3,49100,7.5,7.8,8.9,0.1,0,31.0,6.4,7.9,7.4,6.9,0
EMP-02823,Operations,Mid,Full-time,Hybrid,32,4.9,59900,6.0,10.6,6.7,0.1,2,35.3,6.2,6.0,6.2,5.1,1
EMP-02824,Marketing,Mid,Full-time,Hybrid,21,1.8,68400,5.5,12.0,7.2,0.1,0,41.2,6.0,6.6,8.0,13.1,0
EMP-02825,Customer Success,Mid,Full-time,Hybrid,24,0.3,50000,7.9,13.4,7.0,0.1,0,19.5,6.3,5.9,8.4,4.3,0
EMP-02826,Operations,Mid,Full-time,On-site,31,4.0,59400,6.0,8.6,8.7,3.2,1,6.1,7.0,6.0,7.2,1.5,0
EMP-02827,Customer Success,Mid,Full-time,Hybrid,34,4.6,71700,6.7,4.1,6.2,0.5,1,12.9,5.7,6.3,4.7,1.2,0
EMP-02828,Marketing,Mid,Full-time,On-site,32,5.1,75300,2.6,0.0,7.8,2.5,1,14.7,9.0,8.7,8.4,0.8,0
EMP-02829,Sales,Senior,Part-time,Hybrid,38,8.3,85900,7.4,7.2,9.0,5.9,2,27.8,6.3,5.7,9.5,5.4,1
EMP-02830,Customer Success,Manager,Full-time,Hybrid,36,10.4,98200,5.9,8.7,7.1,8.6,2,23.3,7.4,8.1,8.4,8.0,0
EMP-02831,Engineering,Mid,Full-time,Hybrid,25,0.7,81500,8.3,15.4,6.9,0.1,0,17.3,6.9,4.8,5.0,4.4,0
EMP-02832,Sales,Mid,Full-time,On-site,25,5.0,81800,8.3,11.1,7.1,3.2,1,15.4,8.0,7.2,5.2,6.0,0
EMP-02833,HR,Mid,Full-time,On-site,26,3.8,77600,5.9,11.8,8.2,3.9,1,24.1,4.0,6.2,7.0,4.4,0
EMP-02834,Finance,Mid,Full-time,Hybrid,36,3.6,61300,7.5,14.2,8.0,0.7,1,13.0,7.1,6.2,4.2,6.3,0
EMP-02835,Finance,Mid,Full-time,On-site,38,4.9,70700,6.1,17.4,8.2,3.1,1,11.5,4.6,5.0,7.2,4.5,0
EMP-02836,Sales,Mid,Full-time,On-site,26,2.1,59600,5.9,8.0,8.4,0.1,0,22.6,6.1,7.6,7.2,8.3,0
EMP-02837,Finance,Mid,Full-time,On-site,34,5.3,70200,7.5,10.9,7.6,1.6,1,13.3,5.9,8.6,6.1,8.2,0
EMP-02838,Sales,Mid,Part-time,Remote,47,6.7,57300,4.8,1.1,6.1,5.4,1,14.2,5.5,5.9,8.1,2.2,0
EMP-02839,Sales,Entry,Full-time,On-site,22,1.4,47300,5.1,0.0,8.0,0.1,0,15.6,7.1,8.3,6.7,11.7,0
EMP-02840,HR,Mid,Full-time,Hybrid,41,7.7,77300,4.7,2.4,5.3,5.1,2,36.7,7.4,5.8,6.4,6.9,0
EMP-02841,Operations,Entry,Full-time,Remote,24,0.2,52800,5.9,7.9,6.0,0.1,1,31.0,8.7,7.8,7.0,2.0,0
EMP-02842,Customer Success,Mid,Full-time,On-site,23,3.3,56300,7.3,27.8,7.9,0.1,1,18.4,5.2,4.9,4.9,11.1,0
EMP-02843,Finance,Mid,Full-time,Hybrid,30,5.6,72500,5.8,5.2,10.0,0.8,1,23.8,7.1,6.3,5.9,0.2,0
EMP-02844,Sales,Mid,Full-time,Hybrid,36,5.3,73700,5.3,4.4,7.5,0.1,2,17.8,6.6,6.6,4.2,9.8,0
EMP-02845,Marketing,Manager,Full-time,On-site,34,6.6,128400,7.6,19.2,6.9,4.3,1,29.1,4.8,6.3,7.5,11.4,0
EMP-02846,Sales,Mid,Full-time,Hybrid,26,3.2,70100,6.9,23.8,6.6,2.1,0,18.3,6.0,6.6,8.0,5.6,0
EMP-02847,Operations,Senior,Full-time,On-site,43,8.7,77600,7.8,22.1,6.2,4.7,2,13.7,6.5,6.4,7.2,7.4,1
EMP-02848,HR,Entry,Full-time,Remote,24,0.2,40700,6.8,4.6,9.3,0.1,1,34.7,8.2,7.3,7.8,5.0,0
EMP-02849,Marketing,Senior,Full-time,On-site,35,7.3,95600,5.6,6.5,8.2,2.6,2,20.3,5.2,5.4,8.5,4.2,0
EMP-02850,Engineering,Senior,Full-time,Remote,39,8.3,108200,6.3,3.8,7.8,3.8,2,44.8,5.7,6.0,6.5,11.8,0
EMP-02851,Customer Success,Entry,Full-time,Remote,22,0.2,30000,8.6,3.0,6.4,0.1,1,15.1,5.1,6.4,6.9,5.0,0
EMP-02852,Sales,Senior,Full-time,Hybrid,35,7.3,87000,5.7,7.8,7.3,1.4,3,14.9,8.0,6.9,6.8,0.0,0
EMP-02853,Sales,Manager,Full-time,On-site,43,9.8,99800,6.3,0.0,8.8,5.6,2,17.7,6.0,7.9,7.4,4.2,0
EMP-02854,Engineering,Senior,Full-time,Hybrid,26,4.7,110100,6.8,11.2,6.1,0.5,1,28.1,5.8,5.5,5.8,7.5,0
EMP-02855,Finance,Mid,Full-time,On-site,22,3.7,76700,5.7,1.7,6.2,1.2,2,9.8,7.1,5.2,6.1,6.8,0
EMP-02856,Sales,Entry,Full-time,Remote,21,0.2,50100,5.5,5.6,5.7,0.1,0,38.6,4.9,5.8,6.9,7.4,0
EMP-02857,Engineering,Mid,Full-time,Remote,22,1.6,82100,7.0,3.5,6.0,0.1,0,28.1,6.4,6.7,6.2,8.2,0
EMP-02858,HR,Mid,Full-time,Hybrid,32,4.2,79600,8.8,9.4,8.0,3.0,1,12.1,7.3,5.3,7.0,6.1,0
EMP-02859,Engineering,Entry,Full-time,Hybrid,28,2.2,53200,7.4,0.3,5.8,0.1,1,36.6,5.6,4.9,6.3,7.8,0
EMP-02860,HR,Mid,Full-time,Hybrid,30,2.1,66800,7.6,9.4,9.6,0.1,0,15.3,6.1,7.8,9.6,9.9,0
EMP-02861,Engineering,Entry,Full-time,Hybrid,32,0.2,48900,7.5,13.8,7.4,0.1,0,26.3,6.5,6.6,4.5,9.4,0
EMP-02862,Customer Success,Mid,Full-time,Hybrid,33,4.3,93000,6.2,8.1,6.5,1.7,1,17.8,5.7,7.7,7.8,5.9,0
EMP-02863,Customer Success,Mid,Full-time,On-site,34,5.8,85200,6.4,0.0,6.6,0.5,2,18.0,8.3,8.3,8.5,4.6,0
EMP-02864,Operations,Entry,Full-time,Hybrid,25,0.2,54100,6.9,16.7,5.7,0.1,0,26.2,5.9,4.6,5.5,3.7,0
EMP-02865,HR,Entry,Full-time,On-site,27,2.3,38100,5.0,10.5,6.1,0.1,0,30.9,7.6,6.3,5.8,6.8,0
EMP-02866,Customer Success,Mid,Full-time,Hybrid,32,4.1,65800,6.1,4.8,8.4,2.9,1,16.7,5.3,6.3,8.0,7.9,0
EMP-02867,Marketing,Entry,Full-time,Remote,22,1.9,51300,8.7,19.1,5.7,0.1,0,43.8,6.6,5.4,6.9,8.6,1
EMP-02868,Engineering,Manager,Full-time,Hybrid,39,8.3,119600,4.5,0.0,7.7,5.7,2,23.9,7.1,7.7,8.6,6.7,0
EMP-02869,Engineering,Manager,Full-time,Remote,50,10.0,116000,6.7,12.8,5.3,7.8,2,23.9,6.0,5.7,7.1,1.2,0
EMP-02870,Sales,Mid,Full-time,Hybrid,45,6.0,64600,6.5,9.5,8.4,3.8,1,28.4,5.8,6.7,7.1,4.2,0
EMP-02871,Customer Success,Entry,Full-time,Remote,30,3.7,39300,6.0,5.2,7.7,0.1,1,36.1,6.5,4.0,6.3,6.6,0
EMP-02872,Customer Success,Mid,Part-time,Hybrid,32,4.4,62700,9.5,10.9,5.4,1.8,1,36.2,5.0,6.4,10.0,4.8,1
EMP-02873,Customer Success,Senior,Full-time,Hybrid,39,5.0,93900,7.9,20.3,7.6,2.2,1,17.8,5.3,5.5,8.3,12.3,1
EMP-02874,Finance,Mid,Full-time,Hybrid,21,2.3,77200,5.3,7.2,7.1,0.1,0,15.9,6.9,7.4,7.0,2.1,0
EMP-02875,Engineering,Senior,Full-time,Hybrid,41,8.1,110500,6.7,13.8,9.7,5.3,2,20.3,7.9,6.7,8.2,5.6,0
EMP-02876,Customer Success,Mid,Full-time,Remote,38,5.5,58200,8.4,14.1,5.1,2.3,1,35.5,5.7,3.6,5.3,8.9,0
EMP-02877,Sales,Senior,Full-time,On-site,40,9.8,92200,6.8,7.5,7.6,9.0,3,15.8,3.6,5.5,6.8,11.2,0
EMP-02878,HR,Mid,Full-time,Hybrid,29,3.5,55500,6.3,16.6,5.3,0.1,1,20.1,6.5,6.6,6.4,5.2,0
EMP-02879,Engineering,Mid,Full-time,On-site,36,5.0,64800,7.2,0.0,6.0,0.2,2,6.1,4.7,5.1,7.2,5.1,1
EMP-02880,Engineering,Mid,Part-time,Remote,31,1.3,66700,6.8,11.2,6.8,0.1,0,36.0,7.5,7.1,6.7,6.6,0
EMP-02881,Engineering,Entry,Full-time,On-site,36,3.7,59300,6.6,14.3,8.2,0.1,1,47.6,6.4,7.9,7.7,12.1,0
EMP-02882,Marketing,Senior,Full-time,On-site,41,8.0,87000,4.9,4.1,6.5,4.0,2,12.3,6.7,6.8,6.9,7.7,0
EMP-02883,Engineering,Senior,Full-time,Hybrid,31,5.6,82800,3.6,0.0,9.3,2.4,1,18.0,7.6,7.6,7.8,2.9,0
EMP-02884,Finance,Mid,Full-time,Hybrid,34,5.2,76900,6.1,8.0,5.3,2.9,1,14.1,8.1,7.0,6.8,3.0,0
EMP-02885,Marketing,Mid,Full-time,Remote,40,6.1,82700,5.5,7.1,6.7,7.5,1,23.2,4.2,5.0,7.2,11.0,1
EMP-02886,Sales,Entry,Full-time,On-site,42,4.7,43100,6.5,11.9,6.8,2.5,2,47.0,6.0,4.8,6.6,4.2,1
EMP-02887,Operations,Manager,Part-time,On-site,45,7.9,108900,7.4,4.2,10.0,4.3,2,11.6,7.1,6.1,7.5,4.3,1
EMP-02888,HR,Mid,Full-time,Hybrid,25,3.1,68600,7.7,4.8,6.5,0.1,0,18.5,7.3,8.0,6.7,4.9,0
EMP-02889,Sales,Mid,Full-time,On-site,37,4.2,74700,4.7,16.4,8.3,0.1,1,8.7,6.0,4.8,6.1,2.7,0
EMP-02890,Sales,Mid,Full-time,Hybrid,27,4.0,61300,5.8,0.0,5.0,0.2,1,30.8,7.5,8.4,7.2,7.2,0
EMP-02891,Finance,Mid,Full-time,Hybrid,43,9.4,55500,6.0,10.1,5.6,7.5,3,14.2,4.8,5.4,6.8,10.4,0
EMP-02892,Sales,Entry,Full-time,Hybrid,21,2.2,35100,8.8,15.9,8.4,0.1,0,12.8,5.5,5.7,5.3,6.6,0
EMP-02893,Operations,Mid,Full-time,Hybrid,27,3.6,72300,9.0,17.5,8.4,0.7,2,6.2,6.6,6.2,5.8,6.2,0
EMP-02894,HR,Senior,Full-time,Hybrid,38,7.9,97900,9.0,2.2,4.5,6.3,3,20.0,4.2,5.4,7.5,1.4,1
EMP-02895,Customer Success,Senior,Full-time,Hybrid,41,5.4,77000,8.0,17.7,4.7,2.2,1,25.8,4.9,6.0,6.4,13.7,0
EMP-02896,Marketing,Senior,Full-time,On-site,39,9.0,75900,5.3,3.7,8.0,4.7,2,26.1,8.7,6.8,7.9,0.0,0
EMP-02897,Engineering,Mid,Full-time,On-site,30,3.5,77700,5.9,5.0,7.6,0.9,1,20.9,6.1,6.5,5.4,7.9,0
EMP-02898,Marketing,Mid,Full-time,On-site,31,4.6,58800,4.0,1.4,6.5,2.7,1,30.9,4.2,5.9,6.4,8.7,0
EMP-02899,Engineering,Mid,Full-time,On-site,22,2.7,72600,6.7,8.8,8.9,0.1,0,18.8,7.5,8.0,6.5,10.3,0
EMP-02900,Customer Success,Senior,Full-time,On-site,30,5.2,95300,5.6,16.8,8.3,0.6,1,13.5,6.4,8.8,8.2,3.7,0
EMP-02901,HR,Mid,Full-time,Hybrid,38,6.5,62800,6.1,14.7,6.4,5.3,1,25.1,7.3,7.1,7.5,6.9,0
EMP-02902,Engineering,Manager,Full-time,Hybrid,38,9.1,122200,8.6,19.6,7.7,8.3,2,20.4,6.0,4.7,7.8,11.9,0
EMP-02903,Operations,Senior,Full-time,On-site,35,8.3,75100,6.3,4.0,7.2,3.5,3,23.3,5.0,6.1,5.2,4.1,1
EMP-02904,Engineering,Mid,Full-time,On-site,25,1.5,86200,8.0,17.6,6.0,0.1,0,30.3,7.1,6.0,5.1,4.4,0
EMP-02905,Operations,Entry,Full-time,Hybrid,21,0.2,30600,6.9,16.1,6.4,0.1,0,37.8,5.6,5.2,5.3,2.9,0
EMP-02906,Engineering,Mid,Full-time,Remote,37,6.6,74400,6.6,10.1,8.7,4.1,1,20.4,6.5,6.1,7.4,12.4,0
EMP-02907,Engineering,Mid,Full-time,Hybrid,39,5.4,79700,5.2,0.0,8.3,1.3,1,3.5,8.0,9.1,6.9,4.2,0
EMP-02908,Engineering,Mid,Full-time,Hybrid,34,6.4,58500,6.0,11.8,9.0,4.7,1,17.3,6.9,7.2,7.1,5.1,0
EMP-02909,Marketing,Entry,Full-time,Remote,21,0.7,30000,4.5,4.7,7.2,0.1,0,32.7,8.6,7.4,7.9,0.0,0
EMP-02910,Sales,Senior,Part-time,Hybrid,33,3.9,95600,4.7,0.0,6.6,1.1,1,34.2,8.9,7.6,7.4,7.6,0
EMP-02911,Engineering,Mid,Full-time,On-site,38,5.2,70000,5.7,4.8,6.5,0.1,2,26.2,5.6,6.0,7.5,4.3,0
EMP-02912,Operations,Senior,Full-time,Hybrid,31,6.5,102600,5.5,3.8,6.0,4.9,1,21.2,5.3,6.3,8.3,1.8,0
EMP-02913,Marketing,Entry,Full-time,Hybrid,35,1.7,35800,5.9,0.0,6.4,0.1,1,11.6,5.8,7.0,6.3,1.8,0
EMP-02914,Engineering,Entry,Full-time,Hybrid,26,0.6,53800,4.6,9.2,4.6,0.1,0,41.3,5.6,7.2,6.5,3.7,0
EMP-02915,Finance,Mid,Full-time,Hybrid,28,3.2,63300,7.1,7.4,6.9,0.1,0,19.3,7.6,7.5,6.1,0.6,0
EMP-02916,Customer Success,Entry,Full-time,Hybrid,34,5.2,53200,6.4,16.9,10.0,4.1,2,21.8,8.5,7.7,7.4,6.2,0
EMP-02917,Operations,Senior,Full-time,Remote,28,6.2,104100,6.6,6.4,8.2,0.5,2,25.2,7.2,7.3,8.5,8.6,0
EMP-02918,Operations,Mid,Full-time,On-site,23,2.0,60100,5.9,7.9,7.7,0.1,1,17.8,6.0,6.4,7.6,7.3,0
EMP-02919,Customer Success,Manager,Full-time,On-site,43,8.6,97300,7.2,10.0,7.8,7.1,2,34.5,6.2,6.0,8.8,1.4,1
EMP-02920,Finance,Senior,Full-time,On-site,37,7.9,99200,6.7,17.7,9.0,5.7,3,37.6,6.6,4.8,6.9,5.6,0
EMP-02921,Customer Success,Mid,Full-time,Hybrid,34,4.9,65900,5.2,0.4,9.4,1.7,1,20.9,9.2,8.2,7.2,2.0,0
EMP-02922,Engineering,Mid,Full-time,Hybrid,39,7.5,73100,7.6,10.2,6.9,2.3,2,23.1,5.7,7.0,7.3,2.5,0
EMP-02923,Marketing,Mid,Part-time,Hybrid,45,7.5,68100,7.0,2.5,7.3,5.9,2,39.6,6.8,8.4,9.4,3.1,0
EMP-02924,Marketing,Manager,Full-time,On-site,34,10.1,107400,8.4,10.3,7.8,6.8,2,4.7,4.6,4.8,7.3,8.1,0
EMP-02925,Engineering,Mid,Full-time,On-site,45,6.0,76100,5.4,8.9,5.8,2.7,1,15.1,6.0,4.8,5.0,6.5,0
EMP-02926,Operations,Senior,Full-time,Hybrid,36,7.6,97300,6.1,4.5,6.5,5.9,2,24.2,5.8,5.8,5.4,8.1,0
EMP-02927,HR,Mid,Full-time,Hybrid,27,0.2,69600,5.1,5.1,7.2,0.1,0,28.1,5.8,7.3,4.7,12.1,0
EMP-02928,Customer Success,Mid,Full-time,Hybrid,30,1.9,79700,9.5,22.1,8.1,0.1,1,14.9,6.4,6.0,6.8,10.9,1
EMP-02929,Sales,Entry,Full-time,On-site,32,2.4,45100,5.9,5.3,6.9,0.1,0,43.6,5.7,6.3,8.7,9.4,0
EMP-02930,Engineering,Mid,Full-time,Hybrid,34,3.1,96900,6.5,5.7,4.7,0.1,0,14.9,7.1,7.1,7.7,3.2,0
EMP-02931,Operations,Entry,Full-time,Hybrid,27,1.6,36900,8.3,19.0,8.9,0.1,0,34.2,7.3,6.4,5.8,12.6,1
EMP-02932,Engineering,Mid,Full-time,On-site,22,2.8,70000,7.0,4.1,5.5,0.1,0,10.4,6.0,5.9,4.4,5.6,0
EMP-02933,Operations,Mid,Full-time,Remote,21,0.6,69000,6.6,0.0,7.1,0.1,0,8.0,5.0,5.0,7.1,3.6,0
EMP-02934,Sales,Mid,Full-time,On-site,29,3.3,67800,7.9,7.2,7.7,0.1,0,29.6,5.4,6.4,5.9,7.4,0
EMP-02935,Engineering,Entry,Full-time,Hybrid,25,0.2,54700,6.7,16.6,6.3,0.1,1,19.3,5.2,5.3,7.2,5.8,1
EMP-02936,HR,Mid,Full-time,Hybrid,28,3.9,65300,7.9,22.8,8.2,0.5,1,11.1,6.1,7.4,6.1,8.4,1
EMP-02937,Operations,Mid,Full-time,On-site,30,3.5,55600,7.2,13.2,6.3,0.1,2,34.6,6.2,6.3,6.4,6.1,1
EMP-02938,Sales,Senior,Full-time,On-site,37,8.5,76700,4.4,0.7,8.3,3.0,2,29.3,5.7,8.0,7.4,4.2,0
EMP-02939,Sales,Mid,Full-time,Hybrid,32,2.5,73600,6.4,0.0,8.8,0.1,0,30.5,7.1,6.4,6.6,2.5,0
EMP-02940,Marketing,Senior,Part-time,On-site,31,5.8,81900,7.6,0.0,6.3,2.0,1,31.9,5.2,6.8,6.8,2.3,1
EMP-02941,Finance,Senior,Part-time,Hybrid,31,5.3,91200,5.9,5.1,10.0,0.8,2,32.8,8.0,7.7,8.6,5.1,0
EMP-02942,Operations,Entry,Full-time,On-site,31,3.0,48900,7.7,14.7,5.6,0.1,1,36.5,5.2,5.1,6.6,8.5,1
EMP-02943,Finance,Senior,Full-time,Hybrid,47,8.4,87300,6.7,13.5,5.8,5.1,2,13.4,6.9,6.0,5.2,3.9,0
EMP-02944,Customer Success,Mid,Full-time,Hybrid,38,4.5,49500,7.4,11.6,7.1,0.1,2,30.9,5.8,6.5,9.4,3.2,0
EMP-02945,Customer Success,Senior,Full-time,On-site,30,4.5,97500,5.5,7.5,7.1,3.4,1,37.9,5.9,6.2,6.5,6.4,0
EMP-02946,Sales,Mid,Full-time,Remote,34,5.9,65700,8.0,15.0,7.6,2.1,1,32.2,4.2,6.4,9.8,6.3,1
EMP-02947,Sales,Entry,Full-time,Hybrid,24,0.2,56000,5.9,0.0,6.5,0.1,1,27.1,6.5,6.8,7.5,0.0,0
EMP-02948,Sales,Mid,Full-time,On-site,31,2.0,90700,4.7,0.0,5.9,0.1,1,22.2,7.1,6.3,7.9,2.7,0
EMP-02949,Marketing,Mid,Part-time,Hybrid,23,1.3,62900,4.1,1.1,7.8,0.1,0,36.6,7.8,7.5,7.4,10.4,0
EMP-02950,HR,Entry,Full-time,On-site,24,0.2,58500,6.1,15.1,5.9,0.1,0,21.6,5.8,5.4,5.8,0.0,0
EMP-02951,Operations,Entry,Full-time,On-site,22,0.2,45300,7.1,23.0,6.8,0.1,0,40.4,6.9,8.7,7.7,12.5,0
EMP-02952,Engineering,Entry,Full-time,On-site,24,2.5,57400,6.7,18.3,7.8,0.1,0,20.9,6.5,6.3,6.0,10.5,0
EMP-02953,Operations,Manager,Full-time,On-site,46,9.5,107700,5.2,3.9,7.2,5.5,3,25.0,6.1,6.4,8.7,5.7,0
EMP-02954,Engineering,Entry,Full-time,Hybrid,26,2.2,53400,8.1,5.0,6.6,2.0,1,34.4,6.5,6.3,7.3,12.3,0
EMP-02955,Operations,Mid,Full-time,Hybrid,29,2.9,67400,4.6,2.8,6.5,0.1,0,16.3,7.6,8.5,7.4,6.0,0
EMP-02956,Sales,Mid,Full-time,Hybrid,34,4.5,60800,4.8,15.1,7.4,1.5,1,17.6,7.9,6.5,6.9,8.8,0
EMP-02957,Customer Success,Mid,Part-time,Hybrid,45,6.0,78800,5.8,5.4,5.2,2.7,1,12.2,4.4,6.2,7.1,6.6,0
EMP-02958,Engineering,Mid,Full-time,Remote,28,4.9,74300,7.9,11.1,7.0,2.9,1,36.8,6.3,3.6,5.3,8.9,0
EMP-02959,Customer Success,Mid,Full-time,Remote,21,1.6,64500,6.2,13.8,9.5,0.1,0,36.7,8.0,9.3,8.5,10.5,0
EMP-02960,HR,Entry,Full-time,Remote,22,0.5,34700,4.6,10.9,7.7,0.1,0,41.8,8.3,7.5,8.3,5.0,0
EMP-02961,Operations,Entry,Full-time,Hybrid,34,0.8,49000,6.2,2.0,9.8,0.1,0,40.8,6.3,7.6,9.0,4.7,0
EMP-02962,Customer Success,Senior,Full-time,Hybrid,44,7.8,92100,4.7,13.4,4.4,3.0,2,30.9,6.7,7.4,6.6,8.2,0
EMP-02963,Engineering,Entry,Full-time,Hybrid,25,1.1,54100,5.5,5.7,7.9,0.1,0,49.5,8.6,7.4,7.3,8.8,0
EMP-02964,Finance,Mid,Full-time,On-site,25,2.5,62100,4.0,3.2,5.6,0.1,0,24.1,8.0,7.6,6.4,1.9,0
EMP-02965,Marketing,Entry,Part-time,On-site,24,0.2,48900,7.3,13.8,8.2,0.1,0,47.9,6.8,6.8,7.0,8.8,0
EMP-02966,HR,Mid,Full-time,On-site,32,6.4,63800,6.1,4.6,6.0,5.6,1,35.5,8.0,7.6,5.6,7.5,0
EMP-02967,Operations,Entry,Full-time,Hybrid,24,3.5,34400,4.3,0.0,8.4,0.1,1,14.2,8.4,6.6,8.3,2.6,0
EMP-02968,Operations,Manager,Full-time,Hybrid,39,7.9,105200,7.4,20.1,6.5,4.0,2,10.7,5.7,6.4,6.8,10.5,0
EMP-02969,Operations,Senior,Full-time,Hybrid,38,9.1,93000,8.3,16.8,6.0,4.8,2,47.9,5.3,6.1,7.8,3.0,0
EMP-02970,Sales,Entry,Full-time,Remote,23,0.2,47200,7.7,9.9,7.6,0.1,1,42.3,6.8,6.1,3.0,7.7,0
EMP-02971,HR,Mid,Part-time,Hybrid,33,5.8,64900,6.2,13.0,7.3,2.8,1,31.3,6.3,6.6,7.5,9.7,0
EMP-02972,Sales,Entry,Full-time,On-site,21,2.1,43900,8.3,16.1,6.5,0.2,0,36.0,5.4,5.4,7.1,7.9,1
EMP-02973,Customer Success,Mid,Full-time,Remote,30,2.1,52300,7.7,8.1,7.2,0.1,0,14.4,7.9,6.5,5.9,0.2,0
EMP-02974,Finance,Entry,Full-time,On-site,25,2.1,56900,8.8,21.7,4.9,0.1,0,26.4,4.6,5.0,5.1,10.2,1
EMP-02975,Finance,Mid,Full-time,On-site,26,3.8,67800,6.6,5.8,8.7,1.4,1,11.7,6.3,5.7,6.9,6.1,0
EMP-02976,Marketing,Entry,Full-time,On-site,25,1.1,58700,5.9,1.1,5.4,0.2,0,29.8,5.0,6.1,5.4,2.3,0
EMP-02977,Finance,Entry,Full-time,Hybrid,30,2.8,30500,3.4,6.7,5.8,0.1,1,23.7,8.9,8.5,7.3,0.4,0
EMP-02978,Engineering,Mid,Full-time,Hybrid,42,7.7,60300,6.3,0.0,6.8,2.4,2,23.2,4.9,3.6,5.8,3.1,0
EMP-02979,Operations,Mid,Part-time,On-site,30,4.2,48300,7.9,22.6,5.8,2.4,1,21.4,5.0,3.6,6.6,3.0,1
EMP-02980,Marketing,Mid,Full-time,Hybrid,34,6.4,47200,7.0,8.6,7.2,2.2,1,17.5,4.4,4.1,7.6,9.4,1
EMP-02981,Engineering,Manager,Full-time,Hybrid,36,6.3,123300,6.3,6.4,10.0,1.1,1,19.9,8.1,8.1,9.5,8.4,0
EMP-02982,Marketing,Entry,Full-time,On-site,26,1.5,53400,5.3,2.1,8.3,0.1,0,55.9,7.9,7.3,7.4,6.8,0
EMP-02983,Sales,Entry,Full-time,Hybrid,21,0.8,44500,7.8,2.8,6.6,0.1,1,44.0,7.0,5.7,4.3,0.2,0
EMP-02984,Customer Success,Mid,Full-time,Hybrid,32,6.6,87400,5.2,6.9,8.7,3.3,1,8.9,9.2,10.0,7.8,2.6,0
EMP-02985,Customer Success,Mid,Full-time,On-site,43,5.7,76400,7.6,4.7,7.9,2.0,2,24.6,6.3,6.6,6.9,6.4,0
EMP-02986,Engineering,Mid,Full-time,On-site,34,5.2,73400,5.5,11.1,5.4,4.3,1,22.6,7.4,5.2,6.4,1.1,0
EMP-02987,Customer Success,Entry,Full-time,On-site,21,0.2,38100,6.2,0.0,5.2,0.8,0,41.0,7.2,8.1,8.2,7.3,0
EMP-02988,Sales,Senior,Full-time,Remote,26,2.9,87600,6.9,6.2,7.8,0.1,0,25.7,7.2,6.6,8.0,9.0,0
EMP-02989,Operations,Entry,Full-time,Hybrid,22,1.2,49000,7.6,20.1,6.2,0.1,1,31.2,4.8,4.4,3.9,5.0,0
EMP-02990,Engineering,Mid,Full-time,Hybrid,32,6.2,79400,8.8,2.0,6.3,1.2,1,12.0,5.6,7.6,9.5,7.7,0
EMP-02991,Sales,Entry,Full-time,Hybrid,21,1.3,36500,4.2,0.0,10.0,0.1,0,28.8,8.4,7.3,7.6,7.5,0
EMP-02992,Engineering,Mid,Full-time,Hybrid,41,6.4,77300,7.3,10.5,4.2,4.4,1,22.5,5.4,6.7,4.8,11.6,0
EMP-02993,Finance,Senior,Part-time,Hybrid,42,6.0,87100,7.7,15.1,7.2,3.5,2,6.9,5.4,6.3,8.6,8.2,0
EMP-02994,HR,Mid,Full-time,Hybrid,32,3.8,73500,5.7,1.3,6.2,0.1,1,26.3,7.0,6.2,5.3,5.8,0
EMP-02995,Customer Success,Entry,Full-time,Remote,26,0.6,30400,6.6,7.4,7.2,0.1,0,34.8,5.2,6.1,7.1,13.2,0
EMP-02996,HR,Entry,Full-time,Remote,22,1.6,33400,7.8,14.1,7.6,0.7,0,30.4,6.3,5.3,6.9,5.4,1
EMP-02997,Finance,Entry,Full-time,On-site,24,0.2,50500,4.8,12.7,7.4,0.1,0,23.5,6.2,5.9,5.1,0.0,0
EMP-02998,Operations,Entry,Full-time,On-site,36,3.4,46900,8.6,22.4,4.9,0.6,0,47.2,6.4,6.1,7.0,7.8,1
EMP-02999,Customer Success,Entry,Full-time,On-site,25,0.6,54900,5.4,6.0,4.6,0.1,0,16.1,5.9,7.1,9.3,9.0,0
EMP-03000,Operations,Senior,Full-time,Hybrid,31,5.6,79100,5.9,8.5,7.5,0.9,1,17.0,6.4,6.5,8.4,12.7,0
EMP-03001,Engineering,Mid,Full-time,Hybrid,31,2.4,67500,6.0,7.4,8.5,0.1,0,30.5,7.1,8.4,9.2,9.1,0
EMP-03002,Customer Success,Entry,Full-time,On-site,21,0.6,49200,6.4,16.2,5.3,0.1,0,17.4,5.0,5.4,5.9,6.6,0
EMP-03003,Sales,Entry,Full-time,On-site,33,4.1,55300,6.8,3.2,4.9,2.2,1,51.6,6.8,6.3,8.0,9.6,1
EMP-03004,Sales,Mid,Full-time,Hybrid,39,7.9,79000,6.7,14.2,5.4,6.2,3,18.8,3.3,3.3,6.6,3.6,1
EMP-03005,Finance,Manager,Full-time,On-site,50,9.6,106700,7.1,0.0,7.8,7.3,2,32.9,4.2,6.1,7.5,0.0,1
EMP-03006,Engineering,Senior,Full-time,Hybrid,42,7.5,104600,7.0,8.9,5.9,3.2,3,19.5,5.8,6.0,6.8,4.2,0
EMP-03007,HR,Entry,Full-time,Hybrid,36,1.3,49100,6.5,7.9,5.4,0.1,0,16.9,4.4,6.7,5.9,5.0,1
EMP-03008,Sales,Mid,Full-time,Hybrid,30,3.5,50100,6.0,8.9,7.0,0.6,1,32.5,6.5,7.4,7.2,3.7,0
EMP-03009,Engineering,Senior,Full-time,On-site,54,12.4,105600,7.7,14.7,8.4,8.7,4,31.3,6.0,6.6,6.5,9.9,0
EMP-03010,Sales,Senior,Full-time,Hybrid,32,7.2,97600,6.0,4.6,7.4,4.2,2,39.6,7.4,6.9,6.2,10.5,0
EMP-03011,Sales,Entry,Full-time,Hybrid,28,4.4,30000,4.9,2.6,8.9,0.1,1,31.0,8.0,8.6,6.8,7.2,0
EMP-03012,Customer Success,Manager,Full-time,Hybrid,38,8.7,119000,8.2,14.1,10.0,7.8,2,12.5,5.9,6.5,8.1,5.8,1
EMP-03013,Engineering,Entry,Full-time,Hybrid,23,0.2,53500,9.4,19.2,8.4,0.1,0,31.2,6.7,5.3,6.3,11.9,1
EMP-03014,Engineering,Manager,Full-time,On-site,29,6.7,113300,8.2,10.0,7.1,3.9,1,21.3,6.5,8.5,8.1,4.4,0
EMP-03015,Customer Success,Mid,Full-time,On-site,35,5.1,66500,5.8,7.6,10.0,3.8,1,36.8,7.2,6.3,6.6,3.6,0
EMP-03016,Sales,Mid,Full-time,On-site,30,3.3,62600,5.2,8.3,7.5,0.1,0,18.4,8.0,7.4,7.2,2.9,0
EMP-03017,Sales,Senior,Part-time,Hybrid,34,5.9,97400,5.3,9.4,9.1,8.1,1,30.7,6.0,5.5,6.8,11.5,0
EMP-03018,Marketing,Mid,Full-time,Hybrid,25,2.2,52000,5.8,16.8,7.0,0.1,1,13.2,6.6,7.1,8.7,6.7,0
EMP-03019,Operations,Senior,Full-time,Hybrid,40,8.1,79900,6.1,9.8,7.9,4.9,3,31.5,4.3,7.1,6.1,5.6,0
EMP-03020,Customer Success,Manager,Full-time,Hybrid,42,8.5,89400,8.3,10.3,5.9,4.7,2,19.8,5.6,5.7,6.2,14.5,1
EMP-03021,Customer Success,Mid,Full-time,On-site,25,2.6,69000,6.6,1.5,7.6,0.1,0,19.0,7.5,7.4,8.6,9.0,0
EMP-03022,Customer Success,Entry,Full-time,Hybrid,21,0.9,51200,6.8,4.4,8.9,0.1,0,20.8,8.6,8.8,7.5,5.0,0
EMP-03023,Sales,Senior,Full-time,Hybrid,46,6.7,91200,6.2,7.7,6.0,3.2,1,0.0,4.9,5.1,8.6,14.4,0
EMP-03024,HR,Entry,Part-time,On-site,27,1.4,50200,4.8,6.4,8.7,0.1,1,36.2,7.9,6.1,7.0,4.3,0
EMP-03025,Engineering,Mid,Full-time,Hybrid,28,2.1,70700,8.4,18.3,8.7,2.9,1,11.3,7.4,6.3,5.9,6.5,0
EMP-03026,Operations,Senior,Full-time,On-site,31,4.9,82700,7.5,5.2,8.2,2.1,2,21.5,6.4,5.4,7.7,2.9,0
EMP-03027,Sales,Senior,Full-time,On-site,34,6.7,84400,5.8,6.8,5.1,2.1,2,36.2,7.7,7.3,6.4,7.0,0
EMP-03028,Operations,Entry,Full-time,Hybrid,29,1.2,42900,5.7,12.5,4.6,0.1,0,34.3,6.2,6.2,4.7,5.6,0
EMP-03029,HR,Senior,Part-time,Hybrid,34,6.1,84300,5.0,0.0,7.6,1.3,1,33.2,8.6,8.6,7.4,0.0,0
EMP-03030,Finance,Mid,Full-time,On-site,21,1.5,73100,4.3,0.0,7.3,0.1,0,20.1,9.6,7.7,6.3,7.7,0
EMP-03031,Operations,Senior,Full-time,Remote,32,8.4,99700,6.9,16.6,6.9,4.4,2,40.9,4.6,7.1,7.9,8.6,0
EMP-03032,Operations,Entry,Full-time,Hybrid,27,2.3,53200,7.9,18.0,7.9,2.3,0,26.1,6.2,4.9,6.0,8.5,0
EMP-03033,Sales,Entry,Full-time,On-site,35,2.5,45700,6.5,9.7,5.4,0.1,1,30.0,5.4,6.2,6.4,2.2,0
EMP-03034,Engineering,Senior,Full-time,Hybrid,40,8.8,104800,7.8,5.6,7.0,4.6,2,51.7,5.8,6.6,7.3,4.9,0
EMP-03035,HR,Mid,Full-time,Hybrid,27,3.1,81300,5.9,12.8,8.3,0.1,0,19.7,8.5,6.9,6.4,8.0,0
EMP-03036,Marketing,Entry,Full-time,Remote,36,3.8,59100,4.3,5.1,4.8,1.8,1,24.0,6.3,6.9,7.6,9.6,0
EMP-03037,Operations,Senior,Full-time,On-site,37,5.9,81900,7.1,12.5,8.3,4.7,1,22.3,6.4,7.5,7.1,7.1,0
EMP-03038,Engineering,Senior,Full-time,Hybrid,30,5.1,85200,7.2,9.0,4.6,3.0,1,27.8,4.1,4.8,7.8,5.8,0
EMP-03039,Operations,Senior,Full-time,Hybrid,42,7.1,91300,4.2,4.5,8.8,4.6,3,38.7,6.3,7.3,8.5,4.7,0
EMP-03040,Operations,Entry,Full-time,Hybrid,28,3.0,40800,4.9,9.1,4.4,0.1,1,21.0,7.1,5.4,5.6,6.6,0
EMP-03041,Operations,Mid,Full-time,On-site,24,3.6,60100,7.0,19.6,8.2,0.1,1,24.1,6.3,4.9,5.6,11.0,0
EMP-03042,HR,Senior,Full-time,Remote,36,6.6,97900,4.5,0.0,6.4,1.0,2,26.7,7.0,5.5,7.5,4.6,0
EMP-03043,HR,Entry,Full-time,Hybrid,21,1.0,43300,5.7,4.3,6.9,0.1,0,8.5,7.0,7.5,6.8,4.7,0
EMP-03044,Operations,Manager,Full-time,Hybrid,44,10.2,108200,6.0,5.3,6.4,7.4,2,10.6,8.2,6.3,8.4,8.0,0
EMP-03045,Sales,Entry,Full-time,On-site,35,5.1,47800,5.7,14.3,8.3,3.6,2,26.6,6.6,6.7,7.3,10.6,0
EMP-03046,Engineering,Mid,Full-time,Remote,34,5.3,67700,8.3,15.3,5.0,2.0,1,16.1,4.9,4.4,6.3,8.1,1
EMP-03047,Customer Success,Mid,Full-time,Hybrid,35,5.0,68400,6.6,5.5,6.3,0.1,2,18.3,6.0,6.5,7.9,7.3,0
EMP-03048,Engineering,Manager,Full-time,On-site,33,4.0,108800,7.9,17.8,8.8,0.5,1,16.8,7.1,8.1,6.7,5.4,0
EMP-03049,Finance,Mid,Full-time,On-site,31,5.7,68900,5.3,13.5,6.4,0.1,1,21.3,5.7,8.0,7.7,7.3,0
EMP-03050,Sales,Senior,Full-time,Hybrid,31,2.7,93200,4.1,0.0,6.3,0.8,0,25.3,8.8,7.0,7.2,5.1,0
EMP-03051,Engineering,Entry,Full-time,Remote,23,0.2,45500,6.7,11.7,8.9,0.1,0,51.0,6.8,7.3,4.8,6.6,0
EMP-03052,HR,Mid,Full-time,On-site,27,2.5,65200,10.0,18.1,5.6,0.1,0,13.6,5.5,5.3,7.8,10.9,0
EMP-03053,Customer Success,Mid,Full-time,Remote,40,5.0,60900,6.1,20.0,7.5,2.0,1,30.2,5.7,5.4,7.8,7.2,0
EMP-03054,Operations,Mid,Full-time,Hybrid,30,3.8,49300,3.7,1.6,4.0,0.3,1,15.3,6.7,8.2,5.9,0.0,0
EMP-03055,Finance,Mid,Full-time,On-site,39,2.6,73700,5.6,6.7,9.9,0.1,0,12.5,8.1,8.8,8.6,2.8,0
EMP-03056,Customer Success,Mid,Full-time,Hybrid,39,6.6,72900,7.1,14.3,8.1,2.8,1,30.2,6.0,6.9,7.0,6.9,0
EMP-03057,Engineering,Mid,Full-time,On-site,30,2.6,75700,8.0,13.3,8.5,0.1,0,27.5,6.6,6.6,8.3,14.5,0
EMP-03058,Marketing,Mid,Full-time,Hybrid,34,3.6,60400,4.2,13.1,6.6,1.5,1,19.0,6.1,4.6,5.9,0.9,0
EMP-03059,Engineering,Senior,Full-time,Hybrid,35,3.9,96800,7.0,9.1,5.5,1.0,1,25.3,4.8,6.0,5.8,8.6,0
EMP-03060,HR,Senior,Full-time,Remote,30,5.0,84300,6.4,8.3,8.7,1.3,2,33.2,7.6,8.4,7.5,0.8,0
EMP-03061,Operations,Entry,Full-time,On-site,33,3.6,49300,9.0,17.9,6.0,0.1,1,40.8,3.9,5.3,5.8,16.2,0
EMP-03062,Finance,Senior,Full-time,Hybrid,29,3.6,93600,6.3,10.8,4.9,3.3,1,9.7,4.9,5.9,4.5,5.3,0
EMP-03063,Marketing,Manager,Part-time,Remote,32,8.8,109900,6.8,11.6,6.0,7.9,3,14.5,4.9,4.7,7.2,4.6,1
EMP-03064,Sales,Mid,Full-time,Hybrid,25,4.5,70900,7.8,12.0,7.3,1.1,1,19.8,5.8,5.6,5.8,13.0,1
EMP-03065,Customer Success,Manager,Full-time,Remote,40,9.0,112000,7.1,7.9,5.9,6.9,3,28.2,7.1,5.7,4.8,6.1,0
EMP-03066,Operations,Entry,Full-time,Hybrid,24,0.2,39000,7.2,9.0,7.5,0.1,1,32.3,7.1,7.6,6.5,6.0,0
EMP-03067,Sales,Manager,Full-time,Hybrid,37,6.7,121700,3.9,0.0,7.6,4.8,1,5.5,6.2,5.4,7.6,9.0,0
EMP-03068,Customer Success,Mid,Full-time,Hybrid,34,3.9,66700,5.2,0.0,8.6,2.3,2,32.6,7.7,7.1,6.7,7.8,0
EMP-03069,HR,Entry,Full-time,Hybrid,30,2.1,51100,6.9,15.7,7.6,1.2,0,27.1,4.5,6.6,6.9,13.2,0
EMP-03070,Customer Success,Mid,Full-time,Remote,36,4.8,54300,6.1,16.1,5.2,2.2,1,25.5,5.9,7.1,5.6,4.7,0
EMP-03071,Engineering,Senior,Full-time,On-site,40,4.4,88900,8.5,16.1,5.7,3.1,1,30.9,5.7,5.6,7.3,10.6,0
EMP-03072,Sales,Mid,Full-time,On-site,32,6.9,53300,6.6,0.8,8.9,4.1,2,22.5,9.5,7.5,8.2,5.6,0
EMP-03073,Engineering,Manager,Part-time,Hybrid,40,7.9,124200,6.0,6.6,7.0,5.0,3,26.9,6.9,7.4,7.1,7.9,0
EMP-03074,Engineering,Mid,Full-time,On-site,28,3.7,76400,3.7,11.7,5.2,0.1,1,18.6,6.9,7.7,7.0,5.0,0
EMP-03075,HR,Senior,Full-time,On-site,44,10.7,101800,5.5,0.0,4.9,7.5,3,32.5,8.2,6.3,7.6,4.8,0
EMP-03076,Customer Success,Senior,Full-time,On-site,33,6.2,91200,5.1,0.0,6.1,3.8,1,36.7,6.0,5.9,6.2,10.9,0
EMP-03077,Customer Success,Senior,Full-time,On-site,33,5.6,94000,5.1,8.7,7.3,3.3,1,35.6,7.2,6.9,8.1,10.8,0
EMP-03078,Engineering,Entry,Full-time,Remote,36,3.5,52200,4.0,0.0,5.7,0.1,2,19.5,7.0,8.3,7.7,0.0,0
EMP-03079,Sales,Mid,Full-time,Hybrid,37,2.4,64200,5.5,0.5,8.3,0.1,0,16.3,7.9,8.2,6.9,3.3,0
EMP-03080,Engineering,Manager,Full-time,On-site,34,8.2,111700,6.0,10.9,7.8,6.4,2,17.7,6.0,6.7,8.2,8.2,0
EMP-03081,Engineering,Mid,Full-time,Hybrid,28,4.7,61900,6.2,13.7,9.6,4.6,1,28.0,6.4,6.9,8.4,0.5,1
EMP-03082,Finance,Entry,Full-time,Remote,21,0.2,49100,4.3,4.5,8.9,0.1,0,27.6,7.0,8.6,6.5,8.6,0
EMP-03083,HR,Entry,Full-time,Hybrid,32,3.7,47400,7.5,7.8,6.1,3.1,1,37.6,4.3,5.4,6.0,12.5,0
EMP-03084,Sales,Entry,Full-time,On-site,29,0.6,60700,5.9,6.5,9.9,0.1,0,24.2,7.0,7.6,6.5,9.0,0
EMP-03085,Customer Success,Entry,Part-time,Hybrid,27,0.9,59100,5.9,10.4,5.2,0.1,0,46.2,4.1,7.2,8.5,5.1,0
EMP-03086,Customer Success,Entry,Full-time,Hybrid,26,1.7,32900,6.6,6.9,7.9,0.1,0,38.9,6.9,6.6,6.2,5.5,0
EMP-03087,Finance,Mid,Full-time,Hybrid,28,3.1,77800,5.9,4.4,7.2,0.5,0,36.9,7.3,7.1,6.6,9.6,0
EMP-03088,HR,Senior,Full-time,On-site,50,13.7,85400,5.2,0.1,7.8,10.0,3,38.1,5.8,7.7,6.0,8.5,0
EMP-03089,Engineering,Mid,Full-time,On-site,36,2.8,76900,6.2,10.4,9.8,0.1,1,20.9,8.5,7.9,9.6,8.0,0
EMP-03090,Finance,Senior,Part-time,Hybrid,36,6.0,87900,6.5,2.6,8.8,5.5,2,16.6,6.5,7.1,5.4,4.5,0
EMP-03091,Operations,Senior,Full-time,Hybrid,48,7.6,72200,10.0,23.8,9.9,4.5,3,30.5,4.6,4.1,8.3,9.5,1
EMP-03092,Finance,Entry,Full-time,On-site,25,2.6,39200,7.7,3.0,9.1,0.1,0,12.4,8.0,7.5,7.9,3.7,0
EMP-03093,Sales,Mid,Full-time,Hybrid,32,2.1,78300,4.1,3.1,6.8,0.1,0,13.2,8.6,6.7,4.9,6.2,0
EMP-03094,Engineering,Entry,Full-time,Hybrid,29,1.1,62200,6.1,13.4,6.6,0.1,0,35.1,7.0,6.3,7.7,11.2,0
EMP-03095,Customer Success,Mid,Full-time,Hybrid,40,4.5,76600,8.4,14.4,8.5,0.1,1,1.9,6.6,7.0,8.8,11.9,0
EMP-03096,Customer Success,Senior,Part-time,On-site,38,6.6,94900,8.8,16.6,4.7,4.0,1,21.3,5.0,4.8,7.5,4.8,1
EMP-03097,Customer Success,Mid,Full-time,Hybrid,27,2.4,52900,6.9,10.2,8.4,0.1,0,35.8,7.7,6.8,6.4,3.1,0
EMP-03098,Sales,Mid,Full-time,Hybrid,35,4.3,59300,3.7,0.0,8.1,0.1,1,12.4,8.6,8.1,9.3,4.6,0
EMP-03099,Engineering,Mid,Full-time,Hybrid,36,4.4,64000,6.6,4.5,4.6,0.1,2,30.5,6.6,5.2,6.9,0.0,0
EMP-03100,Sales,Manager,Full-time,Hybrid,43,9.3,107600,5.4,4.6,5.6,6.6,2,17.7,4.9,5.9,8.2,9.1,0
EMP-03101,Finance,Mid,Full-time,Hybrid,34,5.2,49600,6.8,11.4,6.8,2.9,1,41.7,6.8,6.1,8.6,5.3,0
EMP-03102,HR,Mid,Full-time,On-site,34,5.3,65100,4.0,0.1,4.6,0.9,1,30.3,5.9,4.6,6.0,0.0,0
EMP-03103,Operations,Senior,Full-time,On-site,44,8.8,80400,9.1,14.0,8.1,6.5,2,17.0,4.5,5.4,6.9,7.9,1
EMP-03104,Sales,Senior,Full-time,On-site,42,7.0,100400,6.2,3.6,5.7,2.6,2,14.4,8.1,7.7,7.1,5.9,0
EMP-03105,Operations,Senior,Full-time,Hybrid,30,4.7,72800,6.4,15.2,7.5,3.4,1,14.0,5.2,6.7,5.6,9.0,0
EMP-03106,Customer Success,Mid,Full-time,Remote,31,3.1,76300,7.5,8.3,8.3,0.1,1,28.4,6.5,5.3,7.1,6.1,0
EMP-03107,Sales,Entry,Full-time,Hybrid,24,0.9,43000,3.7,0.0,6.3,0.1,0,22.2,6.9,7.1,7.7,6.1,0
EMP-03108,Customer Success,Senior,Full-time,Hybrid,42,6.9,84600,8.2,9.3,6.7,3.2,1,30.1,5.3,6.8,7.8,5.1,0
EMP-03109,Sales,Entry,Full-time,Remote,21,0.8,42200,5.2,8.2,4.2,0.1,0,17.5,6.6,7.8,6.8,2.8,0
EMP-03110,Sales,Senior,Full-time,Hybrid,38,8.0,92400,4.8,11.8,5.9,5.3,2,26.8,5.4,5.6,9.8,3.8,0
EMP-03111,Operations,Entry,Part-time,On-site,24,2.2,43300,8.1,15.3,8.4,0.1,0,26.1,5.5,7.5,7.1,5.3,0
EMP-03112,Finance,Mid,Full-time,On-site,29,4.3,88900,4.7,6.5,5.3,4.4,2,18.2,6.8,8.4,5.8,6.5,0
EMP-03113,HR,Entry,Full-time,On-site,28,0.9,30000,5.6,0.0,5.7,0.1,0,45.0,6.8,7.3,6.6,6.5,0
EMP-03114,Marketing,Senior,Full-time,Hybrid,42,6.2,85700,6.8,1.0,8.2,1.4,1,26.1,6.8,8.7,7.1,2.4,0
EMP-03115,HR,Mid,Full-time,Remote,21,0.2,66900,5.4,19.0,7.9,0.1,0,31.6,4.4,5.4,5.9,6.9,1
EMP-03116,Customer Success,Senior,Full-time,Hybrid,37,7.5,92200,5.1,7.9,6.9,3.4,2,15.6,6.3,6.6,7.5,6.7,0
EMP-03117,Finance,Mid,Full-time,Hybrid,28,2.7,73000,7.8,7.0,6.3,0.1,0,26.7,6.6,7.1,6.3,6.9,0
EMP-03118,HR,Mid,Full-time,On-site,38,4.7,62300,5.7,0.0,7.0,1.6,1,35.4,4.5,5.0,5.7,2.2,0
EMP-03119,Operations,Entry,Full-time,On-site,37,3.3,47100,6.1,15.7,7.5,0.5,0,25.5,6.8,6.0,6.9,4.1,1
EMP-03120,Sales,Mid,Full-time,Remote,31,4.6,78700,6.2,0.0,3.8,1.0,1,11.8,5.9,6.6,6.6,6.7,0
EMP-03121,Sales,Mid,Full-time,Remote,27,3.8,62800,6.7,11.4,9.0,0.8,1,22.2,7.5,7.0,8.1,6.6,0
EMP-03122,Operations,Manager,Full-time,Hybrid,40,9.2,109400,4.9,9.9,9.8,7.3,2,25.5,6.1,7.7,7.9,3.9,0
EMP-03123,Customer Success,Entry,Full-time,Hybrid,30,2.6,37000,4.8,7.6,7.2,0.1,0,17.1,10.0,8.3,7.7,1.4,0
EMP-03124,Engineering,Mid,Full-time,Hybrid,36,4.3,79700,9.0,0.0,8.7,0.1,1,26.9,7.1,6.0,9.1,11.5,0
EMP-03125,HR,Entry,Full-time,Hybrid,37,3.6,35000,5.0,6.8,8.9,2.4,1,12.3,8.0,5.9,7.7,9.5,0
EMP-03126,Customer Success,Mid,Full-time,Hybrid,25,3.8,73000,7.1,15.1,8.1,0.9,1,13.6,7.4,6.6,6.8,9.8,0
EMP-03127,Sales,Entry,Full-time,On-site,44,7.3,30000,5.4,6.9,4.8,5.1,2,43.6,7.1,6.9,6.4,2.5,0
EMP-03128,Marketing,Entry,Full-time,On-site,21,0.2,37400,6.0,3.5,7.3,0.1,0,17.0,7.2,7.6,4.7,0.0,0
EMP-03129,Operations,Manager,Full-time,On-site,34,10.0,120700,4.4,0.2,6.5,3.5,2,24.1,5.8,7.3,9.8,0.0,0
EMP-03130,Sales,Entry,Full-time,On-site,22,0.2,46600,4.6,16.0,7.3,0.1,0,37.2,7.2,8.7,5.4,12.4,0
EMP-03131,Marketing,Entry,Full-time,Hybrid,27,2.3,42600,7.3,9.4,4.5,0.1,1,41.0,6.6,6.6,7.2,9.3,0
EMP-03132,Sales,Mid,Full-time,Hybrid,32,7.3,80100,5.1,5.2,10.0,3.4,3,14.7,7.9,6.8,6.2,4.9,0
EMP-03133,Operations,Senior,Full-time,On-site,36,6.2,99100,7.9,22.7,7.0,0.1,1,36.8,5.7,5.5,8.2,12.1,0
EMP-03134,Customer Success,Mid,Full-time,Hybrid,39,2.6,66300,9.5,10.1,7.4,0.1,1,22.6,5.8,5.3,5.2,9.3,0
EMP-03135,Sales,Senior,Full-time,On-site,37,5.7,82900,7.0,7.3,8.8,1.9,1,28.9,7.7,8.2,7.4,9.5,0
EMP-03136,Engineering,Mid,Full-time,On-site,23,4.9,72000,8.4,16.7,6.1,3.4,1,29.8,6.5,4.4,7.7,9.3,0
EMP-03137,Sales,Mid,Full-time,On-site,29,1.8,56000,7.6,15.1,6.2,0.1,1,31.8,4.2,3.9,5.7,12.0,1
EMP-03138,Engineering,Senior,Full-time,On-site,40,5.8,98800,5.1,7.8,6.5,3.1,1,15.6,5.9,8.3,7.9,2.0,0
EMP-03139,Customer Success,Mid,Full-time,Hybrid,33,2.5,64700,4.8,8.2,4.6,0.1,0,13.6,6.3,7.7,7.2,6.4,0
EMP-03140,Finance,Entry,Full-time,Remote,26,1.4,55900,8.0,9.8,9.3,0.1,0,25.8,7.5,5.5,5.9,5.6,0
EMP-03141,Marketing,Mid,Full-time,Hybrid,27,2.4,71700,6.6,14.6,5.4,1.5,0,15.1,4.9,5.7,6.8,5.4,0
EMP-03142,Customer Success,Entry,Full-time,Hybrid,33,3.5,48300,8.1,21.7,5.7,1.4,1,30.7,6.2,5.5,7.1,9.2,1
EMP-03143,Finance,Entry,Part-time,Hybrid,28,2.6,56200,5.9,2.0,8.5,0.1,0,34.9,7.7,9.6,9.0,3.5,0
EMP-03144,Customer Success,Entry,Full-time,On-site,34,3.6,49900,7.1,15.9,4.8,0.1,1,57.8,6.4,5.5,8.9,6.1,0
EMP-03145,Operations,Entry,Full-time,On-site,21,2.0,49200,6.9,18.9,8.1,0.1,0,31.5,8.6,7.1,6.6,5.0,0
EMP-03146,Finance,Entry,Full-time,Hybrid,28,0.2,37800,6.6,10.6,6.4,0.1,0,29.5,6.0,6.1,8.1,9.4,0
EMP-03147,Customer Success,Mid,Full-time,Remote,35,4.9,73200,5.3,8.4,6.5,1.0,1,13.2,7.1,6.4,8.6,3.5,0
EMP-03148,Finance,Mid,Part-time,Remote,35,5.1,54300,5.3,0.0,7.5,1.8,2,24.7,6.4,8.6,8.5,0.0,0
EMP-03149,Sales,Senior,Full-time,Remote,42,7.0,98200,6.5,21.3,7.8,3.2,2,9.8,4.1,5.8,7.3,11.3,1
EMP-03150,HR,Entry,Full-time,Hybrid,37,3.2,65000,7.6,12.4,5.7,0.1,1,34.6,6.9,5.5,8.2,8.7,0
EMP-03151,HR,Entry,Full-time,Remote,30,2.7,45900,6.8,7.8,9.0,1.3,0,33.0,6.8,6.1,6.8,7.4,0
EMP-03152,Sales,Mid,Full-time,Hybrid,41,3.5,76000,6.0,13.2,5.5,1.0,1,39.6,7.7,6.2,5.6,11.8,0
EMP-03153,Marketing,Manager,Full-time,On-site,48,9.0,106400,7.4,12.1,5.7,5.3,2,11.0,5.4,5.5,6.1,2.4,0
EMP-03154,Engineering,Entry,Full-time,Hybrid,26,3.9,58400,6.7,13.3,7.0,1.8,1,40.1,7.0,7.6,6.1,3.8,0
EMP-03155,Finance,Mid,Full-time,On-site,36,6.3,72800,6.5,11.9,8.5,0.6,1,25.8,8.7,6.4,9.2,8.0,0
EMP-03156,HR,Entry,Full-time,On-site,33,2.5,37900,4.0,0.0,7.1,0.7,1,32.0,9.7,7.0,9.2,10.2,0
EMP-03157,Marketing,Manager,Full-time,Hybrid,41,8.9,92300,8.4,15.1,7.9,8.1,3,25.9,3.8,4.8,7.2,9.1,1
EMP-03158,Customer Success,Mid,Full-time,Remote,21,0.7,74800,5.6,5.1,3.7,0.1,0,22.9,6.7,5.9,7.1,7.4,0
EMP-03159,Sales,Mid,Full-time,On-site,22,1.6,73500,4.0,0.0,9.9,0.1,0,11.8,9.4,8.2,7.1,7.3,0
EMP-03160,HR,Mid,Full-time,Hybrid,32,3.3,60100,5.3,7.2,8.1,2.7,0,18.3,7.8,7.5,8.4,2.8,0
EMP-03161,Sales,Senior,Full-time,Hybrid,35,8.3,107100,5.4,3.7,7.7,6.1,3,12.3,7.1,8.5,7.7,7.8,0
EMP-03162,Customer Success,Manager,Full-time,Hybrid,35,9.2,104000,5.7,8.8,7.0,3.5,2,35.4,4.3,6.5,10.0,0.0,0
EMP-03163,Customer Success,Senior,Full-time,Hybrid,36,7.6,61700,7.9,17.5,3.6,1.7,2,30.5,5.3,6.0,4.0,8.8,0
EMP-03164,Operations,Mid,Full-time,Hybrid,38,7.3,72800,7.2,23.5,6.3,1.1,2,32.7,6.1,4.3,6.8,11.4,0
EMP-03165,Engineering,Manager,Full-time,Hybrid,37,8.3,116400,6.9,6.9,8.3,4.3,3,30.8,5.5,7.2,8.6,10.8,0
EMP-03166,Sales,Manager,Full-time,Hybrid,43,10.2,104800,6.0,6.4,8.2,6.8,3,27.7,5.7,7.1,6.5,5.3,0
EMP-03167,Finance,Entry,Full-time,On-site,24,1.7,39400,5.2,11.5,6.9,0.1,0,52.6,5.7,6.2,6.9,2.0,0
EMP-03168,Engineering,Senior,Full-time,Hybrid,44,7.1,95800,7.3,3.8,9.6,4.9,2,41.2,8.2,7.1,7.4,10.7,0
EMP-03169,Customer Success,Senior,Full-time,Hybrid,47,8.6,87900,4.7,3.0,9.2,5.8,2,26.3,6.9,8.9,8.4,4.3,0
EMP-03170,Marketing,Senior,Full-time,Hybrid,43,7.4,84700,6.7,6.1,8.5,4.5,2,30.5,7.1,5.3,7.5,3.7,0
EMP-03171,Sales,Mid,Full-time,Hybrid,38,7.0,56200,5.9,0.0,7.3,5.2,2,2.2,8.1,8.2,6.7,5.3,0
EMP-03172,Sales,Manager,Full-time,On-site,52,9.0,121800,3.9,0.8,6.1,4.3,2,22.1,6.2,6.2,7.8,5.4,0
EMP-03173,Marketing,Mid,Full-time,On-site,37,8.6,45100,6.0,7.0,9.3,6.6,2,26.1,7.3,7.9,8.3,0.0,0
EMP-03174,Customer Success,Mid,Full-time,Hybrid,25,2.2,68400,9.2,34.7,9.3,0.1,0,10.8,3.5,4.1,4.8,11.0,1
EMP-03175,Sales,Senior,Full-time,Remote,40,8.5,95800,4.2,4.5,7.6,4.7,2,10.4,6.3,7.7,7.6,1.0,0
EMP-03176,HR,Entry,Full-time,On-site,21,0.7,44800,6.4,16.1,6.1,0.1,0,41.5,6.9,7.4,4.8,6.0,0
EMP-03177,Finance,Mid,Full-time,On-site,37,3.8,56400,6.3,3.2,4.1,0.1,2,13.6,5.7,5.9,7.0,6.4,1
EMP-03178,Sales,Senior,Full-time,Remote,47,9.2,87100,5.8,5.3,8.4,7.9,2,22.8,6.8,8.0,6.9,7.3,0
EMP-03179,Engineering,Entry,Full-time,Remote,21,2.2,64000,5.7,7.9,7.5,0.1,0,28.1,8.1,7.4,7.4,0.8,0
EMP-03180,Finance,Entry,Full-time,On-site,28,1.7,47800,7.8,10.8,8.7,0.1,0,44.7,6.3,4.8,4.6,8.8,0
EMP-03181,Finance,Mid,Full-time,Hybrid,23,0.7,66900,7.3,12.3,6.2,0.1,0,21.5,7.3,5.6,5.8,11.7,0
EMP-03182,Engineering,Senior,Full-time,Remote,43,9.9,103900,7.0,13.6,3.6,6.1,3,17.9,4.2,3.7,6.3,8.4,0
EMP-03183,Engineering,Senior,Full-time,Hybrid,42,8.8,94300,8.2,17.5,8.3,5.6,3,4.5,6.1,6.6,8.2,7.8,1
EMP-03184,Sales,Senior,Full-time,Hybrid,34,9.1,86100,5.1,0.8,6.2,4.9,2,31.7,8.9,8.4,8.0,0.0,0
EMP-03185,HR,Manager,Full-time,On-site,37,6.8,87500,4.9,10.4,7.5,2.0,1,38.7,4.3,6.5,6.7,3.3,1
EMP-03186,Operations,Mid,Full-time,Hybrid,38,4.0,62400,7.6,5.4,7.0,3.7,1,26.9,6.3,5.0,5.8,9.0,0
EMP-03187,Operations,Mid,Part-time,Hybrid,29,3.5,60800,5.4,5.2,7.7,0.1,2,31.9,8.0,7.7,7.9,6.7,0
EMP-03188,Marketing,Entry,Full-time,Hybrid,28,0.8,39700,5.9,8.5,8.4,0.1,1,11.4,6.1,6.6,6.1,5.4,1
EMP-03189,Operations,Senior,Part-time,Hybrid,40,7.7,80600,4.5,4.8,8.0,6.3,3,31.8,6.0,5.6,6.6,8.5,0
EMP-03190,HR,Entry,Full-time,Remote,26,2.9,30000,7.9,12.7,7.5,0.4,0,25.7,5.5,6.2,5.8,12.3,0
EMP-03191,Operations,Senior,Full-time,On-site,33,5.6,80900,5.1,7.9,8.0,0.4,1,29.5,7.0,6.2,5.1,4.4,0
EMP-03192,Sales,Entry,Part-time,On-site,27,0.8,47000,7.0,5.5,8.4,0.1,0,0.0,6.6,6.6,6.6,7.8,0
EMP-03193,Engineering,Mid,Full-time,On-site,27,1.5,60600,7.4,9.6,9.1,0.1,0,6.1,5.7,6.9,10.0,1.0,0
EMP-03194,Operations,Senior,Full-time,On-site,39,7.8,89500,5.6,14.0,6.2,3.5,2,27.8,6.2,3.5,8.3,9.3,1
EMP-03195,HR,Manager,Full-time,Hybrid,45,8.9,135400,5.0,1.3,7.7,6.6,2,29.5,8.6,6.7,8.2,9.0,0
EMP-03196,Sales,Mid,Full-time,On-site,31,4.1,87600,4.6,2.8,9.4,0.7,1,7.4,7.2,6.6,7.4,1.4,0
EMP-03197,Finance,Senior,Full-time,On-site,33,6.9,93000,4.9,9.8,8.1,3.6,1,36.1,6.0,9.1,7.3,9.4,0
EMP-03198,Sales,Entry,Full-time,On-site,25,0.2,37500,5.3,14.7,9.0,0.1,1,18.5,6.7,7.2,6.3,12.8,0
EMP-03199,Finance,Senior,Full-time,Hybrid,38,6.8,102500,5.8,6.6,7.9,1.5,1,13.7,8.1,7.3,9.7,1.0,0
EMP-03200,Engineering,Manager,Full-time,Remote,43,8.8,108600,6.4,18.6,7.8,4.7,2,44.7,5.5,7.0,8.9,8.0,0
EMP-03201,Engineering,Senior,Full-time,On-site,34,5.3,91200,4.7,11.0,6.9,0.1,2,27.7,6.4,6.5,9.9,2.6,0
EMP-03202,Operations,Senior,Full-time,Hybrid,33,2.9,78000,5.8,7.6,6.7,1.3,0,13.8,5.8,4.4,5.9,13.4,0
EMP-03203,Finance,Mid,Full-time,Hybrid,34,5.6,55600,4.8,6.0,10.0,2.9,1,39.6,7.5,7.8,8.1,3.4,0
EMP-03204,Marketing,Mid,Part-time,Hybrid,31,6.8,71700,5.5,4.0,7.0,4.6,1,15.8,5.8,6.6,8.2,0.0,1
EMP-03205,Sales,Entry,Full-time,Hybrid,22,0.2,39500,5.9,0.0,4.9,0.1,0,35.7,5.9,6.8,5.2,8.5,0
EMP-03206,Operations,Entry,Full-time,On-site,32,1.6,48400,5.9,20.9,7.1,0.1,1,33.7,5.9,5.2,6.5,4.6,0
EMP-03207,Sales,Mid,Full-time,On-site,33,4.2,81000,6.9,16.4,5.3,1.7,1,13.8,6.0,5.2,6.6,6.3,0
EMP-03208,Engineering,Mid,Full-time,Hybrid,24,1.7,59600,6.7,13.9,7.0,0.1,0,24.4,5.7,4.5,7.2,3.0,1
EMP-03209,Engineering,Senior,Full-time,On-site,41,7.1,97700,5.4,4.5,9.7,1.4,2,21.5,6.0,6.0,7.0,1.4,0
EMP-03210,Engineering,Senior,Full-time,Hybrid,37,7.5,96700,5.0,14.0,8.6,2.0,2,18.6,7.9,6.5,8.0,3.1,0
EMP-03211,Marketing,Senior,Part-time,Hybrid,36,7.2,92800,6.0,16.1,4.7,5.5,2,16.6,6.5,7.1,6.4,9.5,0
EMP-03212,HR,Senior,Full-time,Hybrid,21,1.9,92400,4.7,1.7,4.0,0.1,0,25.5,8.0,8.1,5.4,8.4,0
EMP-03213,Customer Success,Senior,Full-time,Remote,34,10.1,81100,7.2,9.9,6.8,8.1,2,33.4,6.0,6.4,5.2,12.3,0
EMP-03214,Sales,Mid,Full-time,On-site,27,2.9,77400,7.1,9.9,6.3,0.6,1,29.0,4.8,4.6,5.7,9.3,1
EMP-03215,Engineering,Mid,Part-time,On-site,28,3.3,84300,6.6,8.3,3.9,1.9,0,38.9,7.7,5.7,7.5,3.5,0
EMP-03216,Operations,Senior,Full-time,Remote,32,7.9,93100,4.9,1.1,4.7,5.9,2,37.8,6.0,6.9,6.8,5.8,0
EMP-03217,Engineering,Manager,Full-time,Hybrid,42,7.6,105500,7.7,13.9,4.6,4.9,3,8.4,6.5,6.4,7.4,3.5,1
EMP-03218,Marketing,Senior,Full-time,On-site,32,3.2,59400,4.4,1.3,5.1,1.1,1,26.0,6.4,7.7,7.0,5.4,0
EMP-03219,Sales,Mid,Full-time,Hybrid,40,5.8,72700,8.4,17.6,8.4,2.6,1,5.0,5.9,6.8,7.2,7.2,0
EMP-03220,Operations,Mid,Part-time,Hybrid,21,0.6,67100,6.2,5.2,5.5,0.1,0,40.6,5.4,6.8,6.1,6.9,0
EMP-03221,Finance,Entry,Full-time,Remote,24,0.5,59100,6.7,3.1,5.8,0.1,0,23.0,5.8,6.3,8.7,5.2,0
EMP-03222,Customer Success,Mid,Full-time,Hybrid,40,6.0,79900,6.6,13.9,6.4,3.4,1,8.5,6.5,6.0,7.0,5.3,0
EMP-03223,Sales,Mid,Full-time,Remote,29,5.3,69200,4.9,9.8,6.2,0.1,1,28.9,6.8,6.5,8.7,3.8,0
EMP-03224,Finance,Manager,Full-time,Hybrid,42,9.2,110400,4.8,0.0,10.0,5.6,2,13.6,6.8,6.5,8.9,2.6,0
EMP-03225,Marketing,Manager,Part-time,On-site,41,7.0,111000,4.9,10.0,6.5,2.9,2,6.3,6.4,7.1,8.5,5.1,0
EMP-03226,Engineering,Entry,Full-time,On-site,25,1.3,74900,4.3,10.9,9.4,0.1,0,15.0,6.8,7.3,6.8,4.6,0
EMP-03227,Sales,Senior,Full-time,Remote,48,9.1,90300,5.4,7.2,9.3,8.4,2,11.6,6.5,6.7,6.5,6.6,0
EMP-03228,Operations,Manager,Full-time,Hybrid,44,8.9,120200,4.2,0.8,5.6,7.3,3,20.9,6.7,7.2,7.6,3.8,0
EMP-03229,Sales,Senior,Full-time,Hybrid,36,6.5,107500,4.8,3.9,7.7,2.7,1,25.1,7.1,7.9,9.2,2.2,0
EMP-03230,Marketing,Entry,Full-time,Hybrid,25,2.6,38800,5.8,9.7,7.5,0.8,0,35.8,6.4,7.2,8.4,5.9,1
EMP-03231,Customer Success,Mid,Part-time,On-site,33,4.2,69300,8.1,10.4,7.7,2.0,1,18.0,5.6,8.0,6.3,11.3,0
EMP-03232,Marketing,Mid,Full-time,Remote,29,5.6,65000,7.2,17.4,6.9,1.4,1,39.0,5.8,4.8,7.7,6.9,1
EMP-03233,HR,Mid,Full-time,Hybrid,29,3.3,55100,3.8,8.0,5.7,0.8,0,23.9,4.9,7.9,7.9,5.4,0
EMP-03234,Engineering,Entry,Full-time,Hybrid,27,2.3,67400,5.4,9.8,8.2,0.1,0,11.3,5.1,6.4,6.7,11.2,0
EMP-03235,HR,Mid,Full-time,Hybrid,34,7.2,67300,9.7,23.5,10.0,7.3,2,23.2,5.5,7.2,6.0,7.0,1
EMP-03236,Operations,Senior,Full-time,On-site,42,6.1,91700,5.4,19.1,7.9,1.5,2,36.4,7.0,7.3,8.2,7.1,0
EMP-03237,Customer Success,Mid,Full-time,Hybrid,41,6.2,52100,8.8,12.5,5.8,5.2,2,15.2,4.6,3.7,8.6,11.3,1
EMP-03238,Engineering,Entry,Full-time,Hybrid,33,3.9,50700,7.3,0.0,7.8,0.4,1,28.8,7.8,8.2,7.9,0.4,0
EMP-03239,Operations,Entry,Full-time,Hybrid,21,0.2,49800,7.5,15.9,5.5,0.1,1,36.8,6.0,4.8,5.8,8.1,0
EMP-03240,Finance,Senior,Full-time,Hybrid,26,3.6,103200,7.9,12.4,8.8,0.1,2,42.9,6.2,6.3,7.2,12.3,0
EMP-03241,Sales,Manager,Part-time,Hybrid,34,5.1,117900,6.4,9.5,5.1,2.5,2,31.3,4.8,3.9,5.2,4.2,1
EMP-03242,Engineering,Entry,Full-time,On-site,25,0.4,65400,6.9,0.0,9.7,0.1,1,16.6,8.3,7.8,6.3,9.7,0
EMP-03243,Customer Success,Mid,Full-time,Hybrid,32,3.0,74000,4.9,9.2,6.2,0.1,0,16.4,8.0,7.2,6.2,3.6,0
EMP-03244,Engineering,Mid,Full-time,On-site,28,7.0,78300,7.1,5.9,7.5,2.2,2,22.2,6.8,6.3,8.6,4.0,0
EMP-03245,Customer Success,Entry,Part-time,Remote,32,2.9,45200,6.8,12.3,9.4,0.1,0,49.6,6.6,6.8,7.6,10.9,0
EMP-03246,Engineering,Entry,Full-time,Hybrid,28,1.2,56600,5.2,0.0,8.6,0.1,0,27.7,6.4,8.2,9.5,10.9,0
EMP-03247,Marketing,Senior,Full-time,On-site,37,5.2,97600,5.1,3.2,6.2,2.5,2,30.1,6.5,5.4,6.8,7.3,0
EMP-03248,Finance,Mid,Full-time,Hybrid,30,2.2,69400,9.6,19.2,7.4,0.8,0,23.1,4.2,4.4,5.5,8.7,1
EMP-03249,Sales,Senior,Full-time,Hybrid,36,8.0,81400,7.9,20.9,8.1,5.8,2,20.5,6.6,6.7,8.8,10.5,0
EMP-03250,Finance,Senior,Full-time,On-site,38,6.5,98800,7.2,9.1,8.2,5.5,2,13.8,5.5,5.8,6.1,0.0,0
EMP-03251,Engineering,Mid,Full-time,Hybrid,24,3.6,77400,5.8,13.6,4.4,0.1,1,28.7,6.5,5.1,6.0,2.4,1
EMP-03252,Engineering,Entry,Full-time,On-site,27,1.7,33300,3.9,4.9,8.6,0.1,0,41.8,7.2,8.1,7.0,5.8,0
EMP-03253,Sales,Manager,Full-time,Hybrid,36,6.7,101300,5.5,3.0,9.0,3.1,1,29.1,7.6,6.2,7.0,5.2,0
EMP-03254,Engineering,Senior,Full-time,Hybrid,29,6.7,102800,5.9,0.0,5.5,3.3,1,22.2,5.6,5.0,7.0,4.7,0
EMP-03255,Customer Success,Entry,Full-time,Remote,33,3.6,37900,6.4,7.4,7.8,0.1,1,37.8,5.8,5.8,5.7,10.7,0
EMP-03256,Finance,Mid,Full-time,Hybrid,25,2.0,76300,5.7,3.1,6.2,0.1,0,15.6,7.3,7.3,7.9,8.0,0
EMP-03257,Customer Success,Senior,Full-time,Hybrid,34,5.9,97100,7.1,17.0,6.6,2.9,1,37.8,7.0,5.6,8.2,5.4,1
EMP-03258,Customer Success,Entry,Full-time,Hybrid,25,2.1,45100,7.3,15.2,5.8,0.1,0,43.3,5.6,6.6,6.7,6.4,0
EMP-03259,Operations,Mid,Full-time,Hybrid,27,1.6,72500,6.8,10.2,8.9,0.1,0,24.1,6.9,7.4,7.1,3.0,0
EMP-03260,HR,Mid,Full-time,On-site,34,4.5,63600,3.5,0.0,10.0,0.1,1,26.1,6.1,9.2,6.8,8.6,0
EMP-03261,Engineering,Mid,Full-time,On-site,41,5.6,80200,7.2,4.5,6.4,0.2,1,16.5,8.1,6.9,5.6,0.7,0
EMP-03262,Finance,Senior,Full-time,Hybrid,26,5.7,96300,6.6,2.4,5.6,1.3,1,32.3,5.3,5.2,6.5,12.7,1
EMP-03263,Engineering,Mid,Full-time,Hybrid,41,9.4,78700,6.5,21.0,8.0,8.3,2,24.7,2.3,6.4,6.9,11.2,1
EMP-03264,Customer Success,Senior,Full-time,Remote,40,8.5,83200,7.0,13.3,5.1,7.4,2,17.0,4.0,6.1,8.0,5.5,1
EMP-03265,Customer Success,Senior,Full-time,On-site,36,6.0,78600,7.8,13.6,7.3,0.1,1,45.1,6.3,5.3,6.1,8.0,0
EMP-03266,Engineering,Mid,Full-time,Hybrid,44,5.2,81200,5.5,0.0,7.8,2.9,1,36.1,6.3,8.0,5.8,1.0,0
EMP-03267,HR,Entry,Full-time,On-site,23,1.6,57100,5.3,0.0,4.1,0.1,0,20.9,5.3,7.5,7.3,8.8,0
EMP-03268,Customer Success,Mid,Full-time,Hybrid,29,2.5,59800,8.7,13.9,7.5,0.1,0,8.4,5.0,3.7,4.7,5.6,1
EMP-03269,Customer Success,Mid,Full-time,Hybrid,27,1.6,50600,7.6,15.7,7.8,0.1,0,20.6,5.4,6.2,8.2,3.6,0
EMP-03270,Operations,Mid,Full-time,Hybrid,35,3.7,55100,9.1,22.8,6.1,0.6,2,34.9,5.6,5.1,5.1,9.3,1
EMP-03271,Finance,Entry,Full-time,Hybrid,30,1.7,44300,5.3,8.9,7.9,0.9,0,45.7,7.6,6.9,8.1,10.7,0
EMP-03272,Operations,Senior,Full-time,Hybrid,27,5.5,87300,7.8,12.2,8.0,1.0,1,17.9,6.1,6.7,5.2,6.4,0
EMP-03273,Engineering,Senior,Full-time,Hybrid,49,8.8,100800,6.8,14.5,7.9,4.0,2,15.2,5.9,7.0,8.4,10.2,0
EMP-03274,Engineering,Manager,Full-time,Hybrid,31,7.0,127200,8.1,8.5,6.7,7.6,2,39.5,5.2,5.3,8.6,6.1,0
EMP-03275,Engineering,Mid,Full-time,On-site,32,4.5,77400,7.8,13.7,8.6,0.7,2,3.8,6.3,5.3,7.3,9.6,0
EMP-03276,Finance,Entry,Full-time,On-site,23,0.2,56300,2.0,0.0,7.3,0.1,0,42.2,9.1,7.7,6.8,0.0,0
EMP-03277,Finance,Senior,Full-time,On-site,38,5.8,106200,4.2,1.5,6.5,2.0,2,43.0,8.5,7.7,7.9,2.7,0
EMP-03278,Engineering,Entry,Full-time,On-site,26,1.0,63200,7.8,15.7,8.9,0.1,1,20.7,5.4,8.2,7.6,6.5,0
EMP-03279,Engineering,Mid,Full-time,On-site,24,2.9,71200,4.2,0.0,6.3,0.1,1,31.7,6.8,6.7,7.2,4.6,0
EMP-03280,Customer Success,Mid,Full-time,Hybrid,31,3.4,63900,6.9,14.4,8.0,0.1,0,23.3,6.4,6.5,6.3,7.3,0
EMP-03281,HR,Mid,Full-time,On-site,31,6.2,62400,5.5,16.3,5.3,3.7,1,18.2,6.0,6.1,6.2,4.6,0
EMP-03282,Engineering,Mid,Full-time,Remote,45,6.1,63900,5.8,2.9,8.6,2.6,1,27.6,5.8,5.9,7.5,5.6,0
EMP-03283,Customer Success,Mid,Full-time,Hybrid,41,7.1,65300,7.8,4.8,9.4,3.9,3,16.8,7.4,5.8,8.6,7.9,0
EMP-03284,Operations,Senior,Full-time,Hybrid,29,7.0,97900,7.4,10.2,4.4,3.8,2,22.2,3.9,5.3,5.4,4.7,0
EMP-03285,Operations,Mid,Full-time,On-site,29,2.3,58400,4.9,14.8,8.2,0.1,0,17.2,6.2,5.0,6.6,2.7,0
EMP-03286,Finance,Entry,Full-time,Hybrid,26,6.2,31500,6.8,6.9,6.0,0.1,1,45.7,6.1,4.3,5.4,6.0,0
EMP-03287,Operations,Entry,Full-time,Hybrid,25,2.0,30900,5.7,13.1,6.9,0.4,1,40.2,5.0,6.1,6.5,4.4,0
EMP-03288,Customer Success,Entry,Full-time,Hybrid,28,0.2,43300,8.5,20.2,6.2,0.1,0,17.7,5.5,3.3,5.4,3.9,1
EMP-03289,Operations,Manager,Full-time,Remote,38,8.7,109900,6.2,1.5,7.9,5.6,2,21.1,7.6,6.9,7.7,4.7,0
EMP-03290,Engineering,Mid,Full-time,On-site,21,0.6,66900,4.2,4.4,5.6,0.1,0,16.7,7.0,6.7,4.9,9.8,0
EMP-03291,Engineering,Senior,Full-time,Hybrid,46,11.2,90400,6.3,6.1,6.5,9.7,4,31.3,5.9,3.8,7.0,6.6,1
EMP-03292,Finance,Mid,Full-time,On-site,25,4.3,60300,5.7,6.1,8.3,1.2,1,18.3,8.2,6.7,7.3,6.6,0
EMP-03293,Operations,Mid,Full-time,Hybrid,29,2.5,48900,7.0,19.4,7.4,0.8,0,16.2,7.5,7.0,7.1,2.1,0
EMP-03294,HR,Entry,Full-time,Remote,30,2.8,57500,6.9,10.9,6.6,0.1,0,29.9,4.7,6.6,9.4,2.7,1
EMP-03295,Customer Success,Entry,Full-time,On-site,27,3.0,31900,7.2,5.2,8.7,1.6,0,42.8,6.9,6.6,7.2,4.6,0
EMP-03296,Finance,Mid,Full-time,Hybrid,24,2.7,68400,7.2,4.2,6.4,0.1,0,35.7,6.5,6.3,3.7,8.7,0
EMP-03297,HR,Entry,Full-time,Hybrid,25,1.0,61600,4.4,4.4,9.3,0.1,0,35.2,8.4,6.6,5.6,0.0,0
EMP-03298,HR,Manager,Part-time,On-site,35,8.3,106500,7.6,5.5,7.7,4.3,2,10.8,7.5,8.5,8.5,5.9,1
EMP-03299,Customer Success,Senior,Full-time,On-site,39,9.2,70400,6.3,0.4,5.7,5.6,2,36.0,6.8,6.4,7.5,2.3,0
EMP-03300,Sales,Entry,Full-time,On-site,25,2.0,39300,5.7,6.5,8.7,0.1,0,39.0,6.5,6.6,5.7,4.6,0
EMP-03301,Sales,Mid,Part-time,On-site,27,3.1,72500,6.5,13.8,8.2,0.1,1,24.7,8.3,6.3,7.2,9.6,0
EMP-03302,Sales,Senior,Full-time,On-site,32,6.6,102400,4.8,0.5,5.6,6.5,1,43.3,7.2,5.3,6.9,1.9,0
EMP-03303,Engineering,Senior,Full-time,Remote,38,8.5,95200,8.3,6.8,6.6,5.9,2,16.7,5.1,7.6,5.6,9.1,1
EMP-03304,Engineering,Mid,Full-time,Hybrid,38,5.9,71600,6.6,7.4,8.0,0.1,1,23.9,7.6,5.1,6.2,4.8,0
EMP-03305,Customer Success,Manager,Full-time,Remote,36,8.5,100400,5.7,18.5,8.0,3.6,2,22.0,7.9,7.6,7.7,4.8,0
EMP-03306,Customer Success,Entry,Full-time,Remote,36,5.1,46800,6.7,8.1,4.7,2.5,1,55.1,7.3,7.4,4.3,5.1,0
EMP-03307,Sales,Senior,Full-time,Hybrid,40,6.4,90500,7.9,16.5,6.1,2.1,1,26.3,4.3,4.1,5.5,7.2,0
EMP-03308,Customer Success,Mid,Full-time,On-site,30,3.8,67400,7.2,15.7,8.3,4.0,2,25.9,5.3,5.0,7.6,7.4,0
EMP-03309,Sales,Senior,Full-time,On-site,41,7.5,92100,6.8,10.6,6.9,6.3,2,27.4,7.2,4.9,7.0,8.5,0
EMP-03310,HR,Entry,Full-time,Hybrid,25,1.0,55500,7.4,13.6,5.7,0.1,0,35.0,6.8,6.5,6.8,6.3,0
EMP-03311,Engineering,Entry,Part-time,On-site,27,4.6,65800,6.8,15.1,7.1,0.1,1,38.1,4.7,5.3,6.3,7.6,0
EMP-03312,Sales,Senior,Full-time,Hybrid,31,5.2,90600,6.1,10.6,10.0,3.2,2,32.3,6.8,9.1,8.3,2.2,0
EMP-03313,Operations,Senior,Full-time,On-site,45,7.8,94300,6.6,16.9,5.9,1.7,3,39.2,5.3,4.6,6.0,9.2,0
EMP-03314,Customer Success,Mid,Full-time,Hybrid,25,2.6,47200,8.0,28.1,7.1,0.6,1,16.2,3.6,4.4,6.7,10.2,1
EMP-03315,Sales,Mid,Full-time,On-site,32,5.6,63400,5.2,1.8,9.9,2.9,1,44.2,6.8,7.2,8.2,3.4,0
EMP-03316,Operations,Senior,Full-time,Remote,41,7.1,81500,6.2,17.2,6.3,4.9,2,28.7,6.6,5.4,7.8,10.8,0
EMP-03317,Operations,Senior,Full-time,Hybrid,38,8.2,75800,7.6,15.3,7.5,2.6,2,18.0,4.2,5.2,9.0,5.3,1
EMP-03318,Engineering,Senior,Part-time,Hybrid,38,5.9,114500,8.1,12.7,3.5,3.3,1,33.2,5.6,5.0,6.5,11.7,0
EMP-03319,HR,Manager,Full-time,Hybrid,44,13.3,99200,6.3,9.4,10.0,10.0,3,16.1,7.2,7.7,8.2,10.7,0
EMP-03320,Sales,Senior,Full-time,Remote,43,6.3,108700,2.4,0.8,8.2,1.8,2,28.4,8.1,8.3,7.7,3.8,0
EMP-03321,Operations,Mid,Full-time,Hybrid,32,1.6,68100,5.5,13.6,5.5,0.1,1,18.8,6.6,4.9,7.1,8.0,0
EMP-03322,Operations,Senior,Full-time,On-site,32,6.6,84800,8.1,13.1,4.8,3.8,2,37.5,5.3,5.1,7.1,8.4,0
EMP-03323,Sales,Senior,Full-time,Hybrid,49,8.6,79500,8.0,13.6,9.0,5.4,2,20.3,6.3,4.5,7.5,7.2,0
EMP-03324,Customer Success,Mid,Part-time,Hybrid,33,4.7,60300,6.6,15.6,9.8,2.0,2,36.1,7.3,6.7,8.5,6.5,0
EMP-03325,Sales,Entry,Full-time,Remote,27,0.2,41800,3.1,9.3,7.6,0.1,0,21.3,6.6,7.2,5.5,5.5,0
EMP-03326,Customer Success,Mid,Full-time,Hybrid,30,5.4,46000,6.0,0.0,4.4,5.0,1,19.3,7.5,6.3,7.1,2.3,1
EMP-03327,Sales,Mid,Full-time,On-site,24,3.4,69600,6.2,13.0,8.5,0.1,0,36.0,6.4,6.3,7.9,1.2,1
EMP-03328,Sales,Entry,Full-time,On-site,34,2.4,54800,3.3,0.0,8.7,0.1,0,29.8,7.3,7.8,6.5,4.2,0
EMP-03329,Engineering,Senior,Full-time,On-site,41,7.4,97300,4.6,3.5,6.3,1.9,2,28.4,7.8,7.9,7.5,0.0,0
EMP-03330,Engineering,Senior,Full-time,On-site,37,9.6,97300,6.4,3.2,10.0,8.0,2,19.5,6.4,6.5,9.5,1.2,0
EMP-03331,Operations,Senior,Full-time,Hybrid,41,7.8,91200,6.7,20.9,7.0,4.6,2,26.5,6.5,5.8,7.5,4.5,0
EMP-03332,Customer Success,Mid,Full-time,On-site,21,2.2,60600,7.0,12.4,5.9,0.1,0,17.1,5.3,4.1,5.6,9.1,0
EMP-03333,Sales,Manager,Full-time,Hybrid,38,10.4,106700,8.8,18.3,4.7,5.3,2,14.3,6.1,6.0,9.2,6.9,1
EMP-03334,Engineering,Entry,Full-time,On-site,26,3.3,44500,7.4,14.4,4.2,0.7,0,23.9,7.3,5.9,3.9,4.5,0
EMP-03335,Finance,Manager,Full-time,Hybrid,31,7.5,106900,7.7,12.5,7.5,4.0,3,24.2,7.0,6.2,8.2,10.8,0
EMP-03336,Marketing,Entry,Full-time,On-site,30,2.8,43800,3.7,2.8,5.3,2.3,0,18.5,6.9,7.1,8.3,4.5,0
EMP-03337,Sales,Mid,Full-time,Hybrid,42,5.3,76900,5.8,5.4,7.9,3.4,1,0.0,7.3,7.1,7.3,6.2,0
EMP-03338,Sales,Entry,Full-time,Hybrid,22,2.2,51100,5.5,6.4,10.0,0.1,1,24.5,5.5,7.2,6.9,2.1,0
EMP-03339,Finance,Mid,Part-time,On-site,36,2.8,71000,3.7,0.0,6.5,0.1,1,28.3,6.9,5.6,7.0,1.2,0
EMP-03340,Marketing,Entry,Full-time,Remote,37,2.9,31400,5.7,6.5,4.7,0.1,1,20.3,6.5,5.6,6.3,4.1,0
EMP-03341,Engineering,Mid,Full-time,Hybrid,38,3.4,79400,6.2,15.5,9.1,0.1,0,5.6,8.0,7.5,9.6,0.0,0
EMP-03342,Customer Success,Mid,Full-time,Hybrid,35,6.6,56600,9.2,13.8,8.2,1.5,1,4.8,5.4,7.2,6.9,6.5,0
EMP-03343,Customer Success,Mid,Full-time,On-site,44,4.3,69400,9.0,26.9,9.0,0.8,1,38.3,6.0,4.3,7.4,9.3,0
EMP-03344,Customer Success,Senior,Full-time,On-site,46,11.0,93700,6.3,13.4,6.6,7.7,3,30.5,6.5,6.1,6.4,2.8,1
EMP-03345,Marketing,Entry,Full-time,Remote,23,2.1,55000,8.0,7.2,6.1,0.1,0,22.6,4.3,6.0,7.7,7.5,0
EMP-03346,Finance,Senior,Full-time,Hybrid,45,8.8,106600,7.5,10.1,8.2,4.6,3,50.0,7.6,5.2,7.6,2.9,0
EMP-03347,Customer Success,Entry,Full-time,Remote,28,0.8,51300,6.2,1.2,10.0,0.1,0,25.3,7.5,7.9,7.6,0.0,0
EMP-03348,Finance,Mid,Full-time,Hybrid,32,4.1,72600,8.8,16.5,7.6,0.1,1,22.7,5.9,6.7,7.9,7.5,0
EMP-03349,HR,Manager,Full-time,On-site,45,10.7,113100,6.8,8.2,5.1,9.0,4,8.1,6.2,5.4,7.1,2.8,0
EMP-03350,Sales,Entry,Part-time,On-site,31,0.4,40500,5.2,2.8,7.5,0.1,0,18.6,6.3,6.8,7.4,0.0,0
EMP-03351,Operations,Senior,Full-time,Hybrid,32,5.9,81000,8.7,25.9,6.6,2.0,2,28.3,4.3,6.5,10.0,10.4,1
EMP-03352,Customer Success,Manager,Full-time,Hybrid,41,7.8,106600,9.4,25.0,8.5,4.3,3,32.4,5.5,8.1,7.8,7.7,1
EMP-03353,Sales,Senior,Full-time,Hybrid,35,6.6,98100,5.6,6.4,6.0,3.8,1,10.7,7.7,8.1,9.7,11.5,0
EMP-03354,Operations,Manager,Full-time,Remote,42,10.5,112600,7.1,15.3,9.1,7.5,3,23.5,4.7,5.4,6.9,12.0,0
EMP-03355,Operations,Manager,Full-time,Remote,41,8.9,100300,8.8,11.3,3.7,6.8,2,9.3,5.4,7.0,5.3,8.6,1
EMP-03356,Finance,Entry,Part-time,Hybrid,21,0.8,49600,6.2,9.3,7.4,0.8,1,38.1,6.7,8.0,6.9,7.6,0
EMP-03357,HR,Senior,Full-time,Hybrid,41,6.1,97200,8.3,15.5,5.4,4.0,1,32.8,3.7,4.6,6.6,12.7,1
EMP-03358,Sales,Entry,Full-time,Remote,27,2.8,62300,6.4,13.2,5.4,0.1,0,43.2,5.0,5.1,5.6,8.1,0
EMP-03359,Engineering,Entry,Full-time,Hybrid,29,3.2,74500,8.2,11.4,7.6,0.9,0,26.9,3.6,6.2,7.7,5.9,1
EMP-03360,Finance,Entry,Full-time,On-site,21,0.2,36900,6.1,6.6,7.0,0.1,0,37.6,6.2,8.1,8.2,10.5,0
EMP-03361,Customer Success,Senior,Full-time,Hybrid,34,4.6,93500,9.3,22.1,5.9,3.0,1,29.6,5.3,7.1,8.5,6.9,0
EMP-03362,Engineering,Entry,Full-time,Hybrid,23,0.9,46500,7.4,16.2,5.4,0.1,0,31.9,7.6,7.6,5.4,5.3,0
EMP-03363,Operations,Mid,Full-time,Hybrid,32,4.8,66800,6.8,5.4,5.9,0.3,1,8.4,6.5,6.1,7.8,10.0,0
EMP-03364,Operations,Entry,Full-time,On-site,21,1.0,36900,6.0,21.0,7.7,0.1,0,22.2,5.3,4.8,5.9,7.4,1
EMP-03365,Customer Success,Mid,Full-time,Hybrid,31,1.3,66300,7.5,17.0,4.7,0.1,0,32.0,5.1,5.1,6.9,0.6,1
EMP-03366,Sales,Mid,Full-time,Remote,29,4.0,66300,4.8,0.0,4.7,0.1,2,18.8,5.9,7.0,6.5,3.9,0
EMP-03367,Engineering,Senior,Full-time,Remote,36,5.4,106900,5.1,8.2,8.4,2.4,1,6.9,6.3,6.2,8.0,1.7,0
EMP-03368,Operations,Senior,Full-time,Hybrid,35,7.1,84800,4.1,1.7,10.0,4.3,3,23.2,7.1,6.8,8.1,6.5,0
EMP-03369,HR,Entry,Full-time,On-site,21,1.4,39900,6.2,0.0,5.9,0.1,0,36.8,5.2,5.8,4.9,8.6,0
EMP-03370,Marketing,Mid,Full-time,Hybrid,34,3.3,73900,6.7,16.4,6.3,0.1,0,37.6,5.8,9.2,7.4,10.5,0
EMP-03371,Customer Success,Senior,Full-time,Hybrid,32,6.7,80200,5.6,5.8,4.3,5.5,2,32.9,4.9,5.0,7.5,8.5,0
EMP-03372,Engineering,Senior,Full-time,Hybrid,31,6.0,104800,8.2,22.8,6.8,2.5,1,18.7,3.8,4.8,7.6,7.3,1
EMP-03373,Customer Success,Senior,Full-time,Hybrid,30,7.2,86500,9.0,18.6,6.4,1.8,2,25.5,5.5,6.4,8.4,11.2,0
EMP-03374,Engineering,Manager,Full-time,Remote,44,8.2,125400,7.1,19.4,7.8,7.7,2,27.4,3.8,6.0,7.3,7.2,0
EMP-03375,HR,Mid,Part-time,Remote,35,6.3,63700,6.5,13.8,6.0,2.4,1,0.0,5.1,7.1,7.4,3.4,0
EMP-03376,Engineering,Senior,Full-time,Remote,38,6.5,97400,5.7,0.0,9.1,3.5,2,26.9,7.7,7.2,7.4,6.1,0
EMP-03377,Engineering,Mid,Full-time,Hybrid,33,3.5,72300,5.3,7.0,5.5,0.1,1,38.7,7.0,7.3,6.9,8.7,0
EMP-03378,Engineering,Mid,Full-time,Remote,29,3.9,73400,4.8,0.0,9.1,0.9,1,9.9,7.6,7.4,9.1,0.0,0
EMP-03379,Finance,Entry,Full-time,Remote,21,0.2,51900,6.8,13.2,6.2,0.1,1,26.7,6.6,7.4,7.4,9.1,0
EMP-03380,Customer Success,Mid,Full-time,On-site,31,2.6,63800,8.5,27.3,6.6,0.6,0,22.2,5.9,4.9,6.1,9.2,1
EMP-03381,Sales,Entry,Full-time,On-site,40,6.1,41400,6.2,15.0,7.1,3.8,1,40.3,5.8,5.9,8.7,9.8,0
EMP-03382,Sales,Mid,Full-time,Hybrid,27,3.4,62400,7.8,11.4,7.0,0.1,0,36.0,4.0,6.8,6.4,9.0,0
EMP-03383,Engineering,Entry,Full-time,Hybrid,22,4.0,49100,4.8,0.0,8.7,0.1,2,37.8,7.0,8.0,9.1,2.2,0
EMP-03384,Customer Success,Entry,Full-time,Hybrid,26,1.5,35400,4.6,13.5,6.4,0.1,0,24.4,8.5,7.4,5.3,5.0,0
EMP-03385,Engineering,Mid,Full-time,On-site,32,5.6,77600,6.9,13.2,8.5,3.0,1,24.9,6.8,6.7,8.2,6.7,0
EMP-03386,HR,Mid,Full-time,Hybrid,34,3.9,38600,6.7,4.0,5.9,0.1,1,20.6,6.6,5.9,6.1,2.2,0
EMP-03387,Operations,Manager,Full-time,On-site,52,10.7,115600,9.6,18.4,8.3,7.1,3,2.8,5.5,6.3,7.9,7.8,1
EMP-03388,Sales,Manager,Full-time,On-site,38,8.7,110500,5.9,3.7,7.4,5.0,2,12.4,7.3,6.7,10.0,8.6,0
EMP-03389,Operations,Mid,Full-time,Hybrid,32,3.7,72600,6.7,18.4,2.7,3.7,2,21.5,4.5,5.8,7.4,6.5,1
EMP-03390,Sales,Mid,Full-time,Hybrid,27,2.6,76000,4.9,0.0,5.5,0.1,0,17.6,7.1,7.5,5.2,2.6,0
EMP-03391,Engineering,Senior,Full-time,Hybrid,37,5.5,106900,5.6,4.1,8.7,0.1,1,36.4,7.4,7.7,4.6,5.3,0
EMP-03392,Engineering,Mid,Full-time,Hybrid,31,0.2,76000,6.8,10.4,9.1,0.1,1,4.5,6.5,6.7,6.8,8.0,0
EMP-03393,Customer Success,Entry,Full-time,Hybrid,28,2.9,46300,3.9,13.4,5.2,1.1,1,21.5,6.8,7.5,6.5,6.5,0
EMP-03394,Engineering,Mid,Full-time,Hybrid,29,3.8,92300,5.5,13.1,9.6,0.1,1,22.4,7.0,6.7,7.1,7.7,0
EMP-03395,Operations,Senior,Full-time,Hybrid,33,4.1,92500,5.8,6.9,7.3,0.1,1,34.3,7.2,6.0,6.8,5.3,0
EMP-03396,Operations,Mid,Full-time,Hybrid,33,4.4,70800,5.0,11.1,7.8,0.7,1,31.8,7.7,7.8,8.8,6.1,0
EMP-03397,HR,Mid,Full-time,On-site,32,3.0,62900,4.2,0.0,5.7,0.1,0,33.7,8.1,8.5,6.4,6.3,0
EMP-03398,HR,Manager,Full-time,Hybrid,36,8.0,106900,5.3,0.0,6.0,3.9,2,14.5,7.5,5.8,8.3,2.8,0
EMP-03399,Customer Success,Mid,Full-time,Remote,21,1.3,78700,5.9,21.4,6.2,0.1,0,22.6,6.8,6.2,7.3,3.8,0
EMP-03400,Operations,Entry,Full-time,Hybrid,25,0.2,38700,9.7,27.9,7.1,0.1,0,41.2,3.1,4.8,6.5,14.6,1
EMP-03401,Marketing,Mid,Full-time,Remote,21,4.7,69900,6.3,8.7,6.3,1.1,1,13.4,9.6,7.7,7.5,4.6,0
EMP-03402,Engineering,Entry,Full-time,Hybrid,21,0.2,48800,8.0,14.2,9.6,0.1,1,19.8,6.6,7.4,5.2,5.3,0
EMP-03403,Customer Success,Entry,Full-time,Hybrid,24,0.9,46600,7.3,19.6,6.4,0.1,1,29.0,4.5,6.4,8.4,8.6,0
EMP-03404,Sales,Senior,Full-time,Hybrid,40,4.9,95400,5.9,4.3,8.1,3.6,1,36.8,5.3,6.8,5.3,7.2,0
EMP-03405,Engineering,Senior,Full-time,Hybrid,44,9.8,100300,5.2,1.0,8.4,6.1,2,16.7,8.1,7.6,6.7,7.7,0
EMP-03406,Operations,Mid,Full-time,On-site,29,4.3,78300,5.6,15.7,10.0,1.2,1,27.2,7.1,6.9,6.7,3.7,0
EMP-03407,Finance,Senior,Full-time,Hybrid,38,5.6,101600,5.7,0.0,5.6,1.3,1,5.5,6.0,7.1,6.9,2.6,0
EMP-03408,Sales,Manager,Full-time,On-site,46,7.3,114000,6.0,6.8,3.7,4.1,3,15.4,7.8,6.9,7.6,1.1,0
EMP-03409,Finance,Manager,Part-time,Hybrid,41,7.7,111500,7.3,18.2,5.2,5.9,2,16.9,4.9,5.0,7.1,11.6,1
EMP-03410,Engineering,Mid,Full-time,Hybrid,25,3.5,79600,6.1,0.0,5.5,0.1,1,32.8,6.3,6.1,6.4,0.8,0
EMP-03411,Customer Success,Mid,Full-time,Remote,42,7.5,71300,7.7,19.3,8.2,1.1,2,36.5,5.1,5.8,9.2,10.1,1
EMP-03412,Sales,Mid,Full-time,Hybrid,23,0.2,63300,4.3,0.6,5.8,0.1,0,13.8,8.2,7.9,7.5,8.4,0
EMP-03413,Engineering,Mid,Full-time,Hybrid,25,3.5,70300,5.9,3.0,7.4,0.1,1,23.0,7.7,8.7,8.3,2.4,0
EMP-03414,Operations,Entry,Full-time,Hybrid,21,1.5,31500,4.6,3.7,7.9,0.1,0,23.8,6.4,6.9,5.0,7.1,0
EMP-03415,HR,Senior,Full-time,Hybrid,38,10.1,87300,6.7,11.6,9.1,6.0,2,11.0,7.4,5.1,6.9,5.4,0
EMP-03416,Sales,Senior,Full-time,Hybrid,43,8.1,93700,6.1,0.0,8.2,6.4,2,20.3,7.3,7.7,8.5,0.0,0
EMP-03417,Sales,Mid,Full-time,On-site,35,6.0,65200,5.8,7.8,7.5,2.9,1,31.7,8.4,7.3,6.9,5.9,0
EMP-03418,Engineering,Mid,Full-time,Hybrid,41,3.7,63200,6.9,0.4,7.4,0.1,2,18.3,6.3,7.2,7.2,3.3,1
EMP-03419,Customer Success,Senior,Full-time,Hybrid,46,5.4,87600,7.1,8.4,4.3,3.8,1,26.6,4.7,3.5,6.8,10.1,1
EMP-03420,Operations,Entry,Full-time,On-site,25,1.4,45200,5.5,3.6,5.7,1.0,0,20.8,7.0,4.9,6.5,1.1,0
EMP-03421,Sales,Entry,Part-time,On-site,25,0.7,42800,3.7,4.3,6.2,0.1,1,40.7,6.2,6.4,5.9,5.9,1
EMP-03422,HR,Mid,Full-time,On-site,40,6.4,79500,4.5,9.4,6.2,2.5,2,16.0,7.1,7.5,6.1,2.4,1
EMP-03423,Finance,Mid,Full-time,Hybrid,29,4.0,60800,5.3,6.3,7.6,2.0,1,40.2,6.8,8.0,8.3,9.2,0
EMP-03424,HR,Manager,Full-time,Remote,37,7.3,98000,5.6,0.0,8.1,5.3,2,37.5,8.5,8.5,8.1,4.2,0
EMP-03425,HR,Senior,Full-time,On-site,40,7.2,79400,6.8,18.9,6.0,2.7,2,39.7,5.4,6.1,7.5,10.5,1
EMP-03426,Marketing,Mid,Full-time,On-site,28,5.4,60400,7.6,13.7,9.4,3.1,1,10.9,7.0,6.9,8.1,7.0,0
EMP-03427,Sales,Entry,Full-time,On-site,24,2.7,40700,6.1,14.8,7.7,0.1,1,20.1,7.3,8.0,7.3,1.9,0
EMP-03428,Marketing,Entry,Full-time,Hybrid,25,0.2,52600,6.0,0.3,6.8,0.1,0,20.7,6.7,6.3,5.5,5.1,0
EMP-03429,Sales,Mid,Full-time,Remote,30,1.1,68700,7.0,9.5,8.5,0.1,1,19.1,8.0,6.6,5.3,6.6,0
EMP-03430,Customer Success,Manager,Full-time,On-site,41,9.0,106000,7.5,1.1,5.4,7.7,2,17.2,6.4,7.1,7.6,9.2,0
EMP-03431,Customer Success,Manager,Full-time,Hybrid,36,6.4,114000,4.4,10.7,8.9,2.3,2,7.7,7.3,6.1,6.7,10.5,0
EMP-03432,Engineering,Senior,Full-time,On-site,44,11.9,81000,3.8,0.0,6.6,10.0,4,25.9,8.2,6.5,8.0,5.7,0
EMP-03433,Customer Success,Senior,Part-time,Hybrid,42,7.6,97300,6.0,17.8,7.8,5.4,2,32.3,6.4,4.8,7.6,2.5,0
EMP-03434,Engineering,Manager,Full-time,Hybrid,38,8.4,125200,5.2,1.4,8.2,2.4,2,22.7,7.6,7.1,8.0,6.8,0
EMP-03435,HR,Senior,Full-time,Hybrid,29,4.9,78900,2.8,0.0,5.5,3.0,1,16.8,8.1,8.2,7.6,2.9,0
EMP-03436,Sales,Mid,Full-time,Hybrid,42,7.4,63800,4.7,7.1,8.1,4.0,2,27.1,5.5,7.8,6.7,5.7,1
EMP-03437,Engineering,Senior,Full-time,Hybrid,32,6.0,100600,6.3,13.9,6.5,0.8,2,15.8,7.1,5.4,7.1,3.4,0
EMP-03438,Customer Success,Mid,Full-time,Hybrid,26,1.7,61900,7.2,1.7,8.8,1.5,0,13.3,5.1,8.8,8.1,11.8,0
EMP-03439,Marketing,Entry,Full-time,Remote,21,3.2,59400,6.5,2.6,7.6,0.1,1,24.3,5.9,5.0,7.0,5.5,0
EMP-03440,HR,Mid,Full-time,On-site,40,5.6,63500,9.0,15.0,5.0,0.4,2,27.9,4.6,5.4,7.2,7.7,0
EMP-03441,Customer Success,Senior,Full-time,Hybrid,38,6.5,83700,6.6,11.2,8.6,2.3,2,34.2,7.8,7.0,9.9,6.7,0
EMP-03442,Sales,Mid,Full-time,Hybrid,35,3.2,68500,6.5,7.9,6.7,0.7,0,24.2,7.0,7.1,5.8,9.0,0
EMP-03443,Engineering,Senior,Full-time,On-site,45,7.5,92400,4.8,3.0,7.8,5.7,2,18.0,9.1,7.3,7.4,3.0,0
EMP-03444,HR,Senior,Full-time,On-site,31,4.6,89800,8.3,11.2,6.8,2.0,1,34.1,6.4,6.7,7.2,10.5,0
EMP-03445,Engineering,Entry,Full-time,Hybrid,27,4.8,71800,8.0,14.9,6.0,0.5,1,23.7,6.3,5.5,9.5,8.1,0
EMP-03446,Engineering,Entry,Full-time,Hybrid,26,2.8,48600,6.4,5.0,9.2,0.1,0,42.1,7.1,8.1,7.2,2.9,0
EMP-03447,Engineering,Mid,Full-time,Hybrid,39,7.2,86700,6.2,10.5,5.9,4.6,2,16.5,5.1,6.5,8.0,5.7,0
EMP-03448,Marketing,Mid,Full-time,On-site,26,2.8,74600,6.0,5.3,8.3,0.8,0,42.0,4.9,6.3,5.7,11.7,0
EMP-03449,Sales,Mid,Full-time,Hybrid,32,5.5,56500,6.4,19.6,4.7,1.0,1,23.0,5.7,4.6,4.7,3.7,0
EMP-03450,Operations,Entry,Full-time,On-site,30,2.3,50500,6.1,13.0,8.9,0.1,0,28.9,5.8,5.9,8.7,6.9,0
EMP-03451,Operations,Senior,Full-time,Hybrid,42,6.7,85300,5.9,5.0,4.5,2.8,1,15.7,8.4,7.8,6.7,4.8,0
EMP-03452,Operations,Manager,Full-time,Hybrid,39,7.2,104500,7.6,24.7,8.5,6.2,3,5.7,7.1,6.2,7.0,12.5,0
EMP-03453,Engineering,Mid,Full-time,Hybrid,26,5.2,66100,8.2,12.9,8.6,2.1,1,24.7,8.2,7.1,7.5,0.7,0
EMP-03454,Marketing,Mid,Full-time,Remote,29,3.6,81200,5.0,0.0,4.6,0.1,2,15.5,6.5,5.8,4.9,0.7,0
EMP-03455,HR,Mid,Full-time,Hybrid,28,3.4,73200,7.5,12.7,7.0,0.8,1,17.5,7.8,7.6,6.8,9.1,0
EMP-03456,Operations,Entry,Full-time,Hybrid,27,1.8,50000,7.5,18.7,4.3,0.1,0,30.8,6.3,4.3,4.7,8.3,1
EMP-03457,Engineering,Mid,Full-time,Hybrid,31,3.8,63400,6.0,12.3,7.9,4.1,1,30.1,4.0,6.6,6.6,7.0,0
EMP-03458,Engineering,Mid,Full-time,On-site,32,6.6,64000,7.3,11.3,8.7,0.9,1,13.7,6.2,6.1,6.9,4.1,0
EMP-03459,Customer Success,Senior,Full-time,Remote,41,7.0,76900,7.4,11.2,8.5,3.3,3,12.1,5.6,6.7,9.4,5.2,0
EMP-03460,Engineering,Entry,Full-time,On-site,21,4.5,57700,4.6,5.2,6.0,0.1,1,26.3,6.6,5.0,6.6,6.7,0
EMP-03461,Engineering,Mid,Full-time,Hybrid,38,3.8,75500,6.1,9.0,4.7,1.6,1,25.8,6.9,5.4,6.8,9.4,0
EMP-03462,Engineering,Entry,Full-time,Remote,26,0.2,60600,6.5,10.1,6.4,0.1,0,35.7,4.3,5.7,8.8,7.8,0
EMP-03463,Sales,Mid,Full-time,Hybrid,43,5.9,80300,5.2,0.0,7.6,2.0,1,9.3,8.1,7.9,8.1,4.9,0
EMP-03464,Marketing,Mid,Full-time,Hybrid,31,3.4,71700,7.6,16.0,5.9,0.1,1,23.4,6.6,6.2,5.9,5.7,0
EMP-03465,Engineering,Entry,Full-time,Hybrid,30,0.2,61900,5.2,0.0,8.2,0.1,1,35.7,8.6,6.8,8.3,6.3,0
EMP-03466,Engineering,Entry,Full-time,On-site,37,6.3,48100,5.1,13.5,9.1,2.7,1,36.2,6.2,7.2,9.2,4.1,0
EMP-03467,Engineering,Mid,Full-time,Hybrid,37,5.1,65800,8.0,11.0,10.0,0.1,1,8.1,7.3,8.7,7.6,1.7,0
EMP-03468,Operations,Mid,Full-time,Hybrid,22,3.1,68100,7.8,19.1,10.0,0.1,1,13.3,6.4,6.5,7.3,8.7,0
EMP-03469,Engineering,Senior,Full-time,On-site,31,7.3,88200,5.2,0.0,7.4,5.9,2,24.3,6.9,6.3,8.0,1.4,0
EMP-03470,Engineering,Entry,Full-time,Hybrid,29,4.2,38700,6.0,9.5,8.4,2.0,1,26.0,7.8,7.5,7.7,1.2,0
EMP-03471,Operations,Mid,Full-time,Hybrid,33,5.1,64900,6.7,12.5,7.7,3.2,1,16.3,6.4,6.0,7.9,4.4,0
EMP-03472,Marketing,Manager,Full-time,Remote,39,9.2,122900,3.7,0.0,5.6,5.3,2,15.3,7.2,6.9,7.5,2.5,0
EMP-03473,Engineering,Mid,Full-time,Hybrid,35,4.1,82700,5.9,5.2,4.8,1.7,1,32.5,7.9,7.0,8.0,8.0,0
EMP-03474,Sales,Senior,Full-time,Hybrid,41,10.6,93700,6.2,4.6,7.3,8.1,3,7.9,3.6,4.2,7.5,3.5,0
EMP-03475,HR,Entry,Full-time,On-site,30,0.9,45500,4.6,16.0,3.9,0.1,0,16.7,5.3,7.3,6.3,3.7,0
EMP-03476,Engineering,Mid,Full-time,Remote,31,4.4,68600,8.0,6.4,5.6,2.4,2,13.4,6.7,8.7,4.9,5.8,1
EMP-03477,Operations,Entry,Full-time,On-site,24,3.6,33400,6.8,23.3,6.7,0.4,1,17.7,6.2,7.5,5.2,7.7,0
EMP-03478,Customer Success,Senior,Full-time,Hybrid,37,8.9,79600,8.5,12.7,8.1,5.7,3,36.1,5.9,6.0,9.0,5.0,0
EMP-03479,Operations,Manager,Full-time,On-site,39,6.6,108300,5.9,0.0,5.0,4.4,1,22.2,7.5,5.0,7.5,9.0,0
EMP-03480,Sales,Entry,Full-time,Remote,33,3.9,56800,7.0,26.5,10.0,0.2,1,50.6,5.7,5.3,7.1,8.6,0
EMP-03481,Customer Success,Mid,Full-time,Remote,43,7.2,60900,6.1,10.9,7.6,3.6,3,14.4,7.5,7.8,6.8,11.0,0
EMP-03482,Engineering,Mid,Full-time,On-site,26,1.9,81900,5.5,8.8,7.6,0.1,1,2.1,7.1,6.6,7.0,5.5,0
EMP-03483,Marketing,Entry,Full-time,On-site,25,0.2,56600,7.1,9.6,5.8,0.1,1,29.1,4.8,5.7,7.4,5.6,0
EMP-03484,HR,Manager,Full-time,On-site,26,4.4,100300,4.2,0.0,7.3,1.3,2,18.6,7.9,8.2,9.0,6.3,0
EMP-03485,Sales,Manager,Full-time,On-site,54,11.4,107300,6.0,11.0,5.4,9.9,4,15.1,4.4,6.1,6.8,9.2,0
EMP-03486,Customer Success,Entry,Full-time,On-site,21,1.4,30000,5.5,5.7,10.0,0.1,0,17.0,7.3,7.5,7.3,7.0,0
EMP-03487,Operations,Mid,Full-time,Hybrid,30,6.7,61200,7.3,25.4,8.2,4.6,1,5.6,6.3,6.6,6.8,2.5,0
EMP-03488,Marketing,Mid,Full-time,Hybrid,30,3.3,62800,4.1,7.3,7.9,0.1,0,32.0,6.6,4.7,6.6,5.6,0
EMP-03489,Operations,Senior,Full-time,Hybrid,34,8.2,91500,7.0,11.1,6.2,5.1,2,27.7,5.8,4.7,6.3,6.3,1
EMP-03490,Engineering,Mid,Part-time,On-site,34,3.5,82000,6.4,10.0,8.0,1.3,1,23.9,6.7,6.5,7.2,7.0,1
EMP-03491,Operations,Entry,Full-time,On-site,28,1.4,45000,6.2,7.3,7.3,0.1,0,31.6,7.6,6.6,5.7,3.8,0
EMP-03492,HR,Entry,Full-time,Hybrid,33,3.3,40700,8.3,11.4,7.5,0.1,0,29.3,5.9,5.7,6.1,8.4,0
EMP-03493,Marketing,Manager,Full-time,On-site,38,7.8,120800,3.0,0.0,5.6,2.5,2,23.2,5.4,6.6,9.5,7.7,0
EMP-03494,Engineering,Manager,Full-time,On-site,36,7.5,124000,5.0,4.0,4.6,3.3,2,10.5,7.5,7.0,6.3,2.8,0
EMP-03495,Finance,Senior,Full-time,Remote,36,7.0,109800,5.3,9.2,6.5,4.7,2,34.3,7.5,6.8,8.8,0.2,0
EMP-03496,Customer Success,Mid,Full-time,On-site,27,3.2,78700,7.9,20.8,6.8,0.7,0,26.5,5.0,6.2,6.6,4.2,1
EMP-03497,HR,Mid,Full-time,Hybrid,37,6.7,66200,7.0,14.4,8.6,5.4,1,24.5,6.9,6.8,6.4,6.4,0
EMP-03498,Finance,Entry,Full-time,Hybrid,22,1.2,39800,7.3,16.1,4.6,0.1,0,26.3,4.8,6.3,5.5,12.7,0
EMP-03499,Customer Success,Mid,Full-time,Hybrid,35,3.3,40100,6.0,5.0,6.7,1.5,0,16.4,6.7,6.0,6.6,2.7,0
EMP-03500,Customer Success,Mid,Full-time,Hybrid,25,1.4,61600,6.8,6.9,6.7,0.1,0,23.6,7.5,5.8,6.5,7.5,0
EMP-03501,Sales,Mid,Full-time,On-site,35,4.6,71700,4.7,4.4,6.8,0.5,1,16.3,5.4,5.9,7.4,3.0,0
EMP-03502,HR,Mid,Full-time,Hybrid,32,5.5,52300,4.1,11.6,6.6,1.4,1,21.0,8.0,8.4,6.2,3.8,0
EMP-03503,Marketing,Entry,Full-time,On-site,31,4.2,48800,9.3,8.2,6.6,1.8,1,45.8,5.3,5.3,4.4,10.1,0
EMP-03504,Marketing,Entry,Full-time,On-site,22,0.2,56900,6.9,10.6,8.5,0.1,1,21.2,5.6,7.6,6.4,9.3,0
EMP-03505,Finance,Entry,Full-time,Hybrid,21,2.9,60600,6.3,7.1,7.7,0.1,0,25.9,7.9,7.3,9.0,3.6,0
EMP-03506,Engineering,Mid,Full-time,Hybrid,33,7.3,73400,6.3,11.0,8.9,3.6,2,23.9,6.3,6.2,7.3,5.8,0
EMP-03507,Marketing,Mid,Full-time,Hybrid,25,5.3,77800,4.5,2.4,7.8,0.1,1,24.5,7.9,7.5,5.5,7.5,0
EMP-03508,Engineering,Entry,Full-time,Hybrid,23,3.2,70200,4.2,0.0,6.6,0.1,1,25.2,6.5,5.2,7.4,0.0,0
EMP-03509,Engineering,Senior,Full-time,Hybrid,37,7.6,92000,4.7,6.6,6.3,6.9,3,20.6,6.9,7.2,8.5,0.0,0
EMP-03510,Customer Success,Senior,Full-time,Hybrid,43,5.7,98000,8.8,10.3,5.1,0.9,2,28.3,6.2,5.7,6.2,11.8,0
EMP-03511,Customer Success,Entry,Full-time,On-site,30,2.8,40800,4.8,9.7,7.1,1.2,0,19.3,6.1,6.8,6.0,9.2,0
EMP-03512,Finance,Entry,Full-time,Hybrid,21,2.0,54400,6.8,12.5,7.3,0.1,0,28.5,6.8,7.4,7.9,7.4,0
EMP-03513,HR,Senior,Full-time,On-site,38,6.9,97300,5.1,8.8,7.0,2.0,2,25.4,5.3,6.7,7.5,6.2,0
EMP-03514,Sales,Entry,Full-time,Hybrid,23,0.2,44300,5.3,1.7,6.5,0.1,0,43.0,8.4,8.2,5.9,6.6,0
EMP-03515,Marketing,Entry,Full-time,On-site,27,2.8,55300,5.2,7.2,5.6,1.5,0,32.5,6.7,5.3,6.6,6.4,0
EMP-03516,Sales,Mid,Full-time,On-site,35,6.8,78800,6.7,3.6,6.9,2.8,1,22.0,7.1,8.5,7.9,4.2,0
EMP-03517,Operations,Entry,Part-time,Hybrid,22,1.4,59300,7.3,22.1,6.2,0.1,1,19.6,5.9,6.5,6.6,11.9,0
EMP-03518,Finance,Mid,Full-time,Hybrid,40,5.2,68300,5.5,12.8,5.6,2.3,1,12.9,6.0,7.3,7.1,1.2,0
EMP-03519,Customer Success,Mid,Full-time,On-site,33,4.2,64200,5.7,3.2,10.0,2.7,1,10.5,8.6,8.2,8.5,4.6,0
EMP-03520,Customer Success,Mid,Full-time,On-site,24,3.7,63700,9.4,24.4,7.2,0.5,2,6.0,5.4,5.7,7.0,6.3,0
EMP-03521,Customer Success,Senior,Full-time,On-site,33,2.0,96900,7.7,16.9,10.0,0.1,1,28.6,8.8,8.7,8.1,8.3,0
EMP-03522,Finance,Mid,Full-time,Hybrid,26,3.0,68100,3.4,0.0,6.0,0.1,1,30.1,8.7,7.5,7.9,4.3,0
EMP-03523,Operations,Manager,Full-time,On-site,38,8.7,110800,9.1,20.7,5.1,6.1,2,19.7,3.1,3.3,6.5,13.2,1
EMP-03524,Sales,Manager,Full-time,On-site,36,8.5,110800,7.5,10.1,8.5,8.2,3,12.9,6.3,6.6,8.5,6.9,0
EMP-03525,Sales,Mid,Full-time,Remote,36,4.6,76800,6.6,20.8,5.7,2.5,2,38.7,5.2,4.1,4.5,12.1,1
EMP-03526,Marketing,Mid,Full-time,On-site,27,3.2,62500,6.4,7.5,7.4,2.4,1,5.2,8.0,7.0,4.6,0.2,0
EMP-03527,Customer Success,Entry,Full-time,On-site,21,1.4,44200,3.0,0.0,10.0,0.1,0,31.6,8.1,7.5,7.8,3.2,0
EMP-03528,Finance,Mid,Full-time,Hybrid,43,4.7,62200,6.8,2.4,9.7,4.2,2,15.9,7.7,7.4,9.1,4.2,0
EMP-03529,HR,Manager,Full-time,Hybrid,44,11.6,101500,6.2,8.8,4.4,6.0,4,29.1,6.5,6.0,5.2,7.7,0
EMP-03530,Customer Success,Mid,Full-time,Hybrid,22,3.4,66600,7.1,16.7,7.0,0.4,0,36.6,2.7,5.0,7.2,9.0,0
EMP-03531,Operations,Entry,Full-time,Hybrid,30,0.2,30000,5.8,5.1,4.6,0.1,1,20.0,6.2,6.6,5.3,8.4,1
EMP-03532,Engineering,Entry,Full-time,Hybrid,26,0.6,58900,5.7,2.1,8.5,0.1,1,37.1,9.0,9.4,6.3,1.9,0
EMP-03533,Marketing,Mid,Full-time,Hybrid,29,3.8,58000,4.8,0.0,7.0,1.4,1,12.5,7.4,7.0,7.9,0.3,0
EMP-03534,Marketing,Entry,Full-time,Remote,31,2.1,53500,4.7,0.0,4.2,0.1,0,29.3,6.9,7.1,6.5,3.9,0
EMP-03535,Customer Success,Entry,Full-time,On-site,30,0.9,50100,7.8,15.4,5.9,0.1,0,23.3,6.0,5.3,7.1,10.8,0
EMP-03536,Engineering,Entry,Full-time,On-site,30,3.6,59600,4.5,0.0,5.8,1.8,2,25.2,6.8,6.4,7.1,0.0,0
EMP-03537,Sales,Senior,Full-time,Remote,32,3.9,85900,6.9,14.6,9.4,1.9,1,13.1,7.3,6.5,8.6,0.2,0
EMP-03538,Finance,Senior,Full-time,Hybrid,25,5.2,104300,4.1,0.7,7.0,2.0,1,32.4,6.0,7.0,6.5,8.7,0
EMP-03539,Engineering,Senior,Full-time,Hybrid,43,7.7,97300,6.2,16.7,6.6,2.5,2,29.7,6.8,4.8,10.0,6.2,0
EMP-03540,Customer Success,Mid,Full-time,On-site,38,5.6,79800,7.1,11.7,6.7,2.6,1,29.5,6.6,8.2,9.6,0.0,0
EMP-03541,Finance,Senior,Full-time,Hybrid,29,3.4,96800,8.0,18.8,7.1,0.5,0,40.3,7.4,7.4,5.8,11.1,0
EMP-03542,HR,Mid,Full-time,Hybrid,43,9.0,59700,8.4,15.4,8.1,5.3,2,17.6,5.3,7.4,5.1,5.6,0
EMP-03543,HR,Mid,Part-time,Remote,24,3.6,49500,5.4,4.2,5.9,0.3,1,40.6,7.6,6.3,7.5,0.0,0
EMP-03544,Finance,Entry,Full-time,Hybrid,32,2.5,62100,3.3,4.1,5.0,0.1,1,38.3,6.8,6.2,6.2,7.5,0
EMP-03545,HR,Mid,Full-time,Hybrid,21,1.0,61900,6.2,8.6,9.6,0.1,0,7.5,8.1,8.0,8.3,2.5,0
EMP-03546,Finance,Mid,Full-time,Remote,30,1.0,74300,6.8,7.3,8.9,0.1,0,21.3,6.8,7.0,7.5,0.0,0
EMP-03547,Finance,Mid,Full-time,On-site,27,3.0,78100,5.4,9.4,9.3,0.1,1,12.2,7.6,7.6,7.4,0.1,0
EMP-03548,Customer Success,Senior,Full-time,On-site,33,5.3,85500,6.8,21.2,4.0,3.8,1,30.2,6.1,5.1,7.5,6.7,0
EMP-03549,Operations,Senior,Full-time,Hybrid,50,11.0,100800,5.5,17.6,6.7,7.9,3,8.8,5.5,4.8,7.5,6.3,0
EMP-03550,Engineering,Mid,Full-time,Remote,28,3.1,65300,6.9,8.2,7.8,0.5,0,22.4,5.8,5.1,4.7,2.1,0
EMP-03551,Engineering,Mid,Full-time,On-site,32,2.8,70400,5.1,15.3,6.7,0.5,1,29.1,4.9,5.9,6.4,9.3,0
EMP-03552,Marketing,Mid,Full-time,Remote,30,3.8,61000,4.7,4.9,5.3,0.1,1,25.7,7.5,7.3,7.3,3.4,0
EMP-03553,Operations,Mid,Full-time,On-site,36,5.2,55000,6.3,0.5,9.4,1.5,1,26.2,8.0,8.0,7.3,2.2,0
EMP-03554,Engineering,Mid,Full-time,On-site,41,9.7,57400,5.7,9.7,6.7,7.0,3,31.3,7.1,6.5,7.8,5.3,1
EMP-03555,HR,Entry,Full-time,Hybrid,24,2.5,41000,6.3,19.2,6.9,0.3,0,9.0,6.1,5.1,5.2,7.6,0
EMP-03556,Operations,Entry,Full-time,On-site,24,2.3,36200,8.8,5.0,5.5,0.1,0,43.0,3.1,3.2,5.8,14.6,0
EMP-03557,Engineering,Mid,Full-time,Hybrid,33,3.6,81300,4.4,3.8,7.6,0.1,1,3.9,7.1,8.9,8.3,2.3,0
EMP-03558,Operations,Mid,Full-time,On-site,23,2.4,58800,7.4,12.4,7.0,0.1,0,25.6,5.8,5.9,6.1,6.5,1
EMP-03559,Engineering,Mid,Full-time,Hybrid,37,4.9,70900,4.5,6.1,7.5,2.6,1,11.7,8.1,7.7,5.8,5.1,0
EMP-03560,Operations,Mid,Full-time,Hybrid,22,3.3,50000,4.1,6.4,3.4,0.1,0,18.1,7.2,9.0,7.7,0.5,0
EMP-03561,Sales,Entry,Full-time,Remote,37,4.5,52800,5.8,1.1,6.7,0.2,2,30.9,7.0,8.4,7.6,12.1,0
EMP-03562,Engineering,Senior,Full-time,Remote,43,9.3,81400,5.6,2.6,6.4,7.8,2,30.0,8.4,5.4,6.1,2.8,0
EMP-03563,Sales,Entry,Full-time,On-site,27,1.7,45100,3.7,0.0,7.0,0.4,1,24.8,8.3,8.5,6.3,1.9,0
EMP-03564,Finance,Mid,Full-time,Hybrid,27,5.4,77600,7.4,19.7,6.5,0.4,2,33.5,3.8,6.5,5.8,14.4,0
EMP-03565,Finance,Entry,Full-time,Hybrid,21,0.2,52200,6.3,0.0,7.8,0.1,0,30.3,9.6,9.0,5.6,7.5,0
EMP-03566,Sales,Senior,Full-time,Hybrid,48,12.6,81300,7.3,14.5,6.3,7.4,3,17.7,5.7,6.8,8.1,6.0,0
EMP-03567,Operations,Manager,Full-time,Remote,48,11.2,114600,7.1,21.1,6.8,9.0,3,13.3,4.8,7.6,6.8,10.7,1
EMP-03568,Customer Success,Mid,Full-time,Hybrid,26,3.4,67300,10.0,22.6,6.5,0.5,0,16.2,5.1,4.3,7.8,11.5,0
EMP-03569,Customer Success,Entry,Part-time,Remote,21,0.8,41100,8.3,30.3,4.4,0.1,0,18.9,6.5,4.9,5.3,9.8,1
EMP-03570,Marketing,Senior,Full-time,On-site,39,6.3,93500,5.7,8.9,10.0,4.0,1,0.4,7.4,6.6,8.3,1.8,0
EMP-03571,Marketing,Manager,Full-time,On-site,31,3.4,105100,4.2,10.1,9.3,1.3,1,12.7,9.0,8.4,6.7,1.8,0
EMP-03572,HR,Senior,Full-time,Hybrid,31,5.4,90400,5.4,0.0,6.6,1.1,1,23.6,7.4,8.3,7.4,3.3,0
EMP-03573,Engineering,Mid,Full-time,On-site,22,2.9,83700,4.5,6.3,7.6,0.3,0,28.1,8.1,8.2,8.1,2.9,0
EMP-03574,HR,Entry,Full-time,Remote,30,1.6,53100,4.7,0.0,7.1,0.1,0,22.3,7.8,6.3,7.2,5.3,0
EMP-03575,Engineering,Senior,Part-time,On-site,33,8.1,82500,6.5,11.8,5.7,1.0,2,38.7,7.8,6.5,7.0,9.2,0
EMP-03576,Engineering,Senior,Part-time,On-site,37,5.1,100300,5.9,6.2,8.1,1.8,1,29.0,6.7,6.5,7.3,4.1,0
EMP-03577,Marketing,Entry,Full-time,On-site,26,0.2,34500,4.4,0.0,7.6,0.1,0,21.9,5.6,7.6,4.6,4.0,0
EMP-03578,Sales,Mid,Full-time,Hybrid,41,6.7,70600,4.6,7.2,6.4,5.0,1,19.2,6.8,7.4,9.4,9.7,0
EMP-03579,Marketing,Mid,Full-time,Hybrid,38,5.5,72300,5.8,7.8,5.7,0.7,1,1.9,8.3,6.9,8.1,6.6,0
EMP-03580,Customer Success,Mid,Full-time,On-site,36,6.2,67800,8.0,11.9,5.9,3.8,1,24.4,7.8,7.2,6.6,5.2,0
EMP-03581,HR,Mid,Full-time,On-site,28,3.1,71200,7.3,8.6,7.0,1.6,1,7.7,8.0,7.3,9.5,13.3,0
EMP-03582,Operations,Mid,Part-time,Hybrid,32,5.2,61200,6.5,8.9,8.8,1.8,1,19.3,6.6,4.2,6.0,8.8,0
EMP-03583,Customer Success,Mid,Part-time,Remote,24,0.2,58000,7.0,10.1,7.8,0.1,0,31.3,6.4,7.9,7.2,6.6,0
EMP-03584,Marketing,Mid,Full-time,Hybrid,24,1.6,71300,4.1,1.1,7.6,0.1,0,18.5,7.6,7.7,6.8,0.2,0
EMP-03585,Engineering,Entry,Full-time,Hybrid,25,1.8,63100,6.7,12.7,8.4,0.1,0,38.2,8.6,7.7,9.5,5.6,0
EMP-03586,Customer Success,Mid,Full-time,On-site,41,6.6,65700,8.2,15.3,8.3,3.1,2,17.8,6.0,5.6,7.6,13.8,1
EMP-03587,Operations,Senior,Full-time,Remote,47,6.0,80700,5.0,1.7,6.5,3.9,1,12.5,6.8,6.9,8.1,5.7,0
EMP-03588,Customer Success,Mid,Full-time,Hybrid,32,4.6,62900,7.4,14.5,8.5,0.8,1,31.4,6.1,6.3,7.9,8.7,0
EMP-03589,Customer Success,Senior,Full-time,On-site,38,7.0,82400,7.5,11.3,6.1,3.7,2,18.2,6.0,5.6,7.5,4.4,1
EMP-03590,Sales,Mid,Full-time,Hybrid,34,5.9,69800,4.7,5.4,6.2,3.1,2,27.0,8.8,7.4,8.6,6.4,0
EMP-03591,Customer Success,Mid,Full-time,On-site,37,6.8,64100,4.7,1.9,8.1,3.3,1,30.8,7.6,7.4,7.6,7.5,0
EMP-03592,Operations,Entry,Full-time,Hybrid,21,1.3,45300,8.6,23.0,4.0,0.1,0,22.7,4.7,3.9,3.8,10.7,1
EMP-03593,Marketing,Mid,Full-time,On-site,28,3.6,61000,7.8,13.1,7.7,0.1,2,15.5,6.6,6.2,8.1,6.4,0
EMP-03594,Engineering,Mid,Full-time,Hybrid,34,2.4,81100,4.4,0.0,4.3,0.1,0,35.6,8.2,7.2,10.0,8.6,0
EMP-03595,Sales,Senior,Full-time,Hybrid,39,8.3,84000,4.0,4.1,6.8,5.1,3,35.2,6.4,6.6,7.1,9.1,0
EMP-03596,Customer Success,Mid,Full-time,On-site,32,4.2,48000,8.3,10.6,7.2,1.9,1,4.4,6.3,5.3,6.9,10.7,1
EMP-03597,Customer Success,Mid,Part-time,Hybrid,31,1.8,63200,8.8,6.8,7.7,0.4,1,22.2,6.6,4.6,5.9,5.5,0
EMP-03598,HR,Entry,Full-time,Hybrid,22,0.2,45200,8.7,27.4,9.0,0.1,0,28.0,5.3,4.9,5.7,13.8,0
EMP-03599,Operations,Entry,Part-time,Remote,23,2.8,32800,8.9,35.3,7.1,0.1,0,22.9,3.8,3.2,7.0,7.0,1
EMP-03600,Sales,Entry,Full-time,Hybrid,36,5.6,48100,6.8,0.0,7.8,2.4,1,34.8,7.9,6.4,6.1,10.0,0
EMP-03601,Marketing,Entry,Full-time,Hybrid,21,0.2,45800,5.8,8.1,7.7,0.1,0,24.4,6.3,5.1,5.7,9.2,0
EMP-03602,Sales,Entry,Full-time,Hybrid,28,1.0,42400,8.3,16.2,5.0,0.1,0,25.5,4.9,3.7,3.6,5.0,0
EMP-03603,Customer Success,Mid,Full-time,Remote,32,3.7,55000,7.2,12.4,9.4,0.1,1,32.6,7.2,7.8,7.7,8.6,0
EMP-03604,Finance,Entry,Full-time,Hybrid,23,1.7,49400,7.7,15.5,7.0,0.1,0,22.4,4.7,5.2,6.0,8.9,1
EMP-03605,Customer Success,Entry,Full-time,Hybrid,27,1.9,47700,6.6,9.7,8.8,0.1,0,15.9,6.7,6.3,7.1,5.7,0
EMP-03606,Customer Success,Mid,Full-time,Hybrid,27,4.1,65400,6.4,9.0,7.6,0.3,1,16.1,6.8,5.1,6.1,5.5,0
EMP-03607,Customer Success,Mid,Full-time,Hybrid,21,2.2,71300,5.7,1.2,7.6,0.1,0,27.7,6.3,5.7,6.8,6.8,0
EMP-03608,Engineering,Mid,Full-time,Hybrid,26,4.5,84300,5.1,5.1,4.1,0.1,1,36.5,7.4,6.3,5.6,8.0,0
EMP-03609,Sales,Senior,Full-time,Hybrid,27,3.7,95900,6.6,16.4,8.5,0.1,1,17.2,6.9,6.4,6.9,1.4,0
EMP-03610,Finance,Entry,Full-time,Hybrid,36,5.4,54200,5.3,10.5,7.8,0.6,1,45.2,6.8,7.3,4.1,4.6,1
EMP-03611,Finance,Entry,Full-time,On-site,29,0.2,30000,4.1,0.0,8.2,0.1,1,30.3,7.6,6.9,7.0,1.8,0
EMP-03612,HR,Mid,Full-time,Hybrid,27,3.0,81000,8.4,14.5,8.2,2.7,0,24.5,6.6,5.4,4.6,7.3,0
EMP-03613,Engineering,Senior,Full-time,Hybrid,40,7.0,102700,7.4,12.7,5.3,3.5,2,21.3,5.3,4.8,6.1,11.9,1
EMP-03614,HR,Mid,Full-time,On-site,31,5.8,58900,4.0,0.0,6.8,2.5,1,22.8,8.0,6.7,7.6,0.9,0
EMP-03615,Engineering,Mid,Full-time,Hybrid,30,2.9,66100,7.8,14.5,6.8,0.1,1,24.7,5.9,7.5,7.9,3.2,0
EMP-03616,Marketing,Mid,Full-time,On-site,34,4.3,72700,5.9,1.5,6.4,0.6,1,18.6,8.6,4.8,6.0,6.2,0
EMP-03617,Customer Success,Entry,Full-time,On-site,40,4.9,38100,6.1,6.0,5.4,1.6,1,34.0,6.0,5.3,6.2,10.8,1
EMP-03618,HR,Mid,Full-time,Hybrid,37,2.5,78500,5.2,0.4,6.0,0.1,1,17.8,8.0,7.1,5.7,1.9,0
EMP-03619,Engineering,Manager,Full-time,Remote,35,7.6,100200,7.4,13.3,7.1,5.2,2,43.1,5.1,6.4,8.2,4.2,1
EMP-03620,Engineering,Mid,Full-time,Hybrid,42,4.9,77000,7.6,2.7,5.1,2.0,2,24.3,5.6,6.1,8.6,2.9,0
EMP-03621,Finance,Mid,Full-time,Hybrid,28,3.7,55300,6.8,14.2,5.1,1.7,1,31.1,6.5,7.3,6.7,11.0,0
EMP-03622,Operations,Entry,Full-time,Remote,24,2.0,36800,8.7,18.0,6.3,0.1,0,30.4,5.1,5.2,7.1,10.9,1
EMP-03623,Operations,Mid,Full-time,Remote,29,2.3,51500,6.2,4.5,5.7,0.1,0,26.8,6.2,6.9,7.4,9.1,0
EMP-03624,HR,Mid,Full-time,Hybrid,33,5.5,66700,3.9,5.5,7.2,3.9,1,22.6,7.2,6.8,6.7,2.6,0
EMP-03625,Marketing,Entry,Full-time,Hybrid,21,1.1,41900,5.4,7.8,6.4,1.7,0,23.0,6.8,5.6,6.3,7.0,0
EMP-03626,HR,Senior,Full-time,On-site,39,6.6,95900,6.6,13.9,7.5,5.6,1,25.5,6.0,4.4,5.7,4.2,1
EMP-03627,Engineering,Mid,Full-time,Hybrid,30,4.3,67400,6.3,10.9,5.0,1.1,1,15.3,3.2,5.6,5.4,8.7,0
EMP-03628,Sales,Entry,Full-time,On-site,22,1.4,54600,5.7,0.8,9.6,0.1,0,24.6,9.0,8.4,6.8,5.8,0
EMP-03629,Engineering,Senior,Full-time,Hybrid,39,10.0,102400,9.1,14.7,5.7,4.9,3,28.7,4.3,4.6,8.0,4.9,1
EMP-03630,Marketing,Mid,Full-time,On-site,29,3.1,62400,5.2,1.3,5.8,0.1,0,25.8,8.8,7.7,8.0,7.1,0
EMP-03631,Customer Success,Mid,Full-time,Hybrid,25,1.4,60700,7.1,8.9,9.0,0.1,0,21.0,4.5,5.7,6.2,6.6,0
EMP-03632,Customer Success,Mid,Full-time,Hybrid,33,4.6,55200,5.1,0.5,7.6,0.1,1,33.8,6.1,6.7,7.3,3.4,0
EMP-03633,Sales,Manager,Full-time,On-site,43,7.4,98800,6.9,0.0,6.9,7.1,2,18.9,6.4,7.7,7.4,7.1,0
EMP-03634,Operations,Senior,Full-time,Hybrid,41,7.7,75800,7.0,6.9,5.3,5.0,3,40.7,5.9,7.7,8.6,3.2,0
EMP-03635,Customer Success,Entry,Full-time,On-site,32,2.5,38100,7.9,14.2,8.7,0.1,1,40.6,6.4,7.1,6.1,1.5,0
EMP-03636,Engineering,Entry,Full-time,Hybrid,23,0.5,70700,6.0,15.6,5.5,0.1,1,29.3,5.3,5.8,7.0,7.8,0
EMP-03637,Engineering,Mid,Full-time,Hybrid,32,4.2,73200,9.8,10.6,8.0,1.9,2,13.8,6.1,7.0,7.2,10.0,0
EMP-03638,Finance,Mid,Full-time,On-site,30,6.8,79900,7.8,2.5,9.0,0.7,1,20.0,7.9,6.5,7.2,10.3,0
EMP-03639,Finance,Senior,Full-time,Hybrid,42,6.9,93900,4.7,0.0,5.8,5.2,1,38.3,6.7,6.1,7.4,3.0,0
EMP-03640,Operations,Mid,Full-time,Remote,33,3.4,58200,6.0,7.0,8.6,1.0,0,32.9,6.3,7.3,7.2,6.2,0
EMP-03641,Engineering,Mid,Full-time,On-site,27,2.8,61100,6.8,18.3,9.0,0.1,0,18.1,7.1,8.0,4.6,10.2,0
EMP-03642,Engineering,Senior,Full-time,On-site,46,7.6,105500,4.6,0.0,5.9,2.7,2,25.3,6.5,7.4,7.5,1.2,0
EMP-03643,Customer Success,Entry,Full-time,Remote,28,0.2,45100,6.5,16.0,9.1,0.1,0,26.1,9.3,7.0,7.8,5.1,0
EMP-03644,Engineering,Entry,Full-time,On-site,37,3.9,70400,7.5,6.7,7.2,1.6,2,46.7,7.5,7.9,8.2,2.8,0
EMP-03645,Marketing,Manager,Full-time,Hybrid,27,5.6,125300,8.9,12.9,7.3,2.8,1,16.3,5.4,4.4,8.2,7.4,1
EMP-03646,Operations,Senior,Full-time,Hybrid,32,5.7,81300,6.9,17.9,5.3,1.5,1,34.6,5.0,4.7,5.7,12.0,1
EMP-03647,Customer Success,Entry,Full-time,Hybrid,34,1.4,34800,5.3,11.2,8.6,0.1,0,18.4,9.4,7.6,6.8,3.1,0
EMP-03648,Engineering,Senior,Full-time,Hybrid,42,8.8,93100,6.1,12.3,7.3,6.1,3,40.0,5.6,5.4,6.9,4.8,0
EMP-03649,HR,Entry,Full-time,Hybrid,24,3.2,51300,5.6,0.0,6.7,0.1,0,41.2,5.3,7.1,8.1,5.2,0
EMP-03650,HR,Entry,Full-time,On-site,25,2.2,34800,5.4,0.6,5.0,0.1,0,30.2,5.2,5.6,7.0,3.1,0
EMP-03651,Sales,Mid,Part-time,Hybrid,21,3.0,73600,7.1,6.2,6.4,0.1,0,32.3,7.3,6.2,7.4,8.7,0
EMP-03652,Operations,Mid,Full-time,On-site,33,4.7,51100,8.4,18.3,7.8,1.7,1,29.1,6.3,5.9,5.8,5.9,0
EMP-03653,Engineering,Manager,Full-time,Hybrid,38,8.5,107400,8.0,7.0,5.9,4.8,2,1.9,5.0,5.0,5.5,4.8,1
EMP-03654,Operations,Entry,Full-time,Hybrid,21,0.8,30000,7.0,9.5,7.1,0.1,0,45.0,5.6,6.5,6.7,4.6,0
EMP-03655,Engineering,Mid,Full-time,On-site,27,3.8,84600,5.7,2.3,8.3,1.6,2,12.7,7.3,8.4,7.7,5.3,0
EMP-03656,Marketing,Entry,Full-time,On-site,31,3.2,53600,5.3,0.0,4.8,0.1,1,44.0,7.5,7.0,6.7,8.5,0
EMP-03657,Sales,Entry,Full-time,Hybrid,31,1.7,43500,6.3,6.9,7.3,0.1,1,22.4,6.7,7.4,6.5,9.2,0
EMP-03658,Customer Success,Entry,Full-time,On-site,25,0.2,41300,6.2,15.4,8.2,0.1,0,40.2,6.7,8.3,7.1,5.6,1
EMP-03659,Finance,Entry,Full-time,Remote,28,1.1,58000,5.8,0.7,7.6,0.1,1,38.7,6.3,6.5,6.9,3.7,0
EMP-03660,Operations,Senior,Part-time,On-site,34,6.0,76000,8.2,15.0,7.0,5.3,1,36.9,4.8,6.0,7.2,3.7,1
EMP-03661,Customer Success,Mid,Full-time,Hybrid,31,5.0,54700,4.9,7.0,7.0,2.0,1,24.3,7.0,7.2,6.7,6.5,0
EMP-03662,Customer Success,Senior,Full-time,Remote,43,9.5,76200,9.8,18.6,9.6,3.9,2,25.8,4.9,3.9,8.3,6.9,1
EMP-03663,Engineering,Mid,Full-time,Hybrid,32,3.5,71600,7.3,13.0,10.0,2.1,1,23.4,7.0,6.9,6.1,6.2,0
EMP-03664,Sales,Mid,Full-time,On-site,37,4.4,74600,8.0,5.2,6.5,0.1,1,17.0,4.9,6.0,9.3,10.1,0
EMP-03665,Customer Success,Mid,Full-time,Hybrid,35,5.3,60100,5.2,2.7,4.2,3.0,1,23.5,5.9,7.1,8.6,6.1,1
EMP-03666,Customer Success,Senior,Full-time,On-site,33,5.0,93300,7.2,9.1,9.1,2.2,1,14.1,5.6,7.2,8.0,2.7,0
EMP-03667,Finance,Manager,Full-time,On-site,40,9.9,106900,5.1,6.5,8.8,4.1,2,28.1,7.4,7.9,9.2,2.3,0
EMP-03668,HR,Entry,Full-time,On-site,26,2.0,31800,6.2,3.8,6.1,0.1,0,19.2,6.9,6.8,7.7,3.4,0
EMP-03669,Engineering,Senior,Full-time,Hybrid,40,9.1,104100,6.4,5.4,6.7,5.7,2,39.7,6.1,7.2,7.8,4.6,0
EMP-03670,Customer Success,Mid,Full-time,Remote,32,4.6,55300,5.5,13.0,5.2,0.5,1,36.2,5.2,7.3,7.9,2.9,1
EMP-03671,Engineering,Entry,Full-time,Remote,34,7.3,55200,5.2,13.4,6.5,5.4,2,35.6,5.6,5.7,8.0,9.1,0
EMP-03672,Engineering,Mid,Full-time,On-site,35,6.8,72200,5.0,0.0,7.5,0.5,1,8.7,8.8,9.1,7.8,3.2,0
EMP-03673,Sales,Entry,Full-time,Hybrid,29,3.1,44000,5.6,11.7,6.4,0.1,0,60.4,6.0,7.5,6.6,9.4,0
EMP-03674,HR,Entry,Full-time,On-site,28,3.0,45800,7.5,15.3,5.3,1.8,0,25.6,4.9,4.6,4.9,12.2,0
EMP-03675,Operations,Entry,Full-time,On-site,23,0.6,44600,7.2,10.1,10.0,0.1,0,26.6,6.1,8.5,7.8,8.0,0
EMP-03676,Engineering,Entry,Full-time,On-site,37,3.3,60300,8.3,21.2,6.2,5.0,0,16.1,6.3,6.0,5.3,6.8,0
EMP-03677,Marketing,Entry,Full-time,Hybrid,27,3.0,61000,6.9,6.3,6.0,0.1,0,26.5,7.7,7.7,5.9,6.1,0
EMP-03678,Engineering,Senior,Part-time,Hybrid,45,9.2,89300,5.8,0.8,6.9,5.1,3,43.0,7.0,7.6,8.2,9.0,0
EMP-03679,Customer Success,Entry,Full-time,Hybrid,32,3.0,59100,7.8,8.2,7.3,0.1,1,18.4,5.5,5.8,7.3,6.4,0
EMP-03680,Sales,Senior,Full-time,Hybrid,37,4.4,84800,5.9,4.8,8.4,0.1,2,19.9,6.4,8.2,6.6,4.2,0
EMP-03681,Operations,Entry,Full-time,Hybrid,27,1.9,43300,7.6,6.9,8.2,0.1,1,19.6,6.0,5.9,6.5,4.9,0
EMP-03682,Customer Success,Mid,Full-time,Hybrid,22,2.6,61400,7.8,23.4,7.4,0.1,1,24.5,5.3,7.1,9.4,9.1,1
EMP-03683,Operations,Mid,Full-time,Remote,36,4.3,68100,7.6,18.2,5.9,0.6,2,19.6,5.1,5.9,8.0,12.7,0
EMP-03684,Marketing,Senior,Full-time,Hybrid,40,6.8,95100,4.1,0.2,7.5,4.7,2,31.7,7.0,6.6,6.2,10.5,0
EMP-03685,HR,Entry,Full-time,Remote,38,0.2,33000,5.2,6.4,5.9,0.1,0,34.3,7.3,5.8,7.1,3.8,0
EMP-03686,Marketing,Manager,Full-time,Remote,43,8.1,114300,4.0,5.5,10.0,2.7,2,11.0,7.8,7.5,8.1,9.2,0
EMP-03687,Marketing,Senior,Full-time,Hybrid,47,8.4,82100,7.0,14.4,5.7,6.0,3,32.2,6.6,6.6,9.2,8.2,1
EMP-03688,Sales,Mid,Full-time,Hybrid,28,5.1,75200,6.0,15.2,3.6,1.2,1,26.1,6.7,6.0,5.5,11.2,0
EMP-03689,Customer Success,Mid,Full-time,On-site,25,3.5,62500,7.4,18.2,4.9,3.5,1,13.0,5.5,5.9,6.4,8.8,1
EMP-03690,Engineering,Mid,Full-time,On-site,38,3.7,66100,6.0,6.9,10.0,1.5,2,25.6,6.1,7.7,10.0,7.2,0
EMP-03691,Operations,Entry,Full-time,Remote,28,1.2,37600,7.2,4.6,6.8,0.1,0,30.5,6.4,8.0,6.5,0.0,0
EMP-03692,Engineering,Entry,Part-time,Hybrid,29,1.9,51300,6.6,10.8,6.5,0.1,0,35.3,7.1,6.0,7.7,6.1,0
EMP-03693,Engineering,Entry,Full-time,Hybrid,22,1.3,61400,9.2,22.1,10.0,0.1,0,34.3,6.7,5.4,5.9,8.7,0
EMP-03694,Customer Success,Mid,Full-time,Hybrid,28,4.1,75000,7.1,21.0,9.5,0.1,1,18.5,5.1,5.6,6.3,7.3,0
EMP-03695,Customer Success,Senior,Part-time,Hybrid,30,4.7,84600,6.8,14.2,9.0,3.8,1,34.6,6.5,6.2,5.8,9.0,0
EMP-03696,HR,Entry,Full-time,Hybrid,22,0.2,43100,3.2,0.0,7.4,0.1,0,30.3,6.8,7.5,5.2,7.1,0
EMP-03697,Marketing,Senior,Full-time,Hybrid,34,5.7,79800,4.3,0.0,9.3,0.1,2,31.3,7.2,8.5,8.9,4.8,0
EMP-03698,Customer Success,Entry,Full-time,Hybrid,21,0.2,30000,5.6,5.5,8.7,0.1,0,34.8,7.4,6.9,7.6,5.4,0
EMP-03699,HR,Mid,Part-time,Hybrid,33,5.6,72300,6.5,15.6,6.2,1.8,1,28.1,5.2,3.2,6.6,4.4,0
EMP-03700,HR,Mid,Full-time,Hybrid,28,2.6,72500,5.6,5.7,5.8,0.1,0,22.9,6.6,5.7,6.7,5.3,0
EMP-03701,Finance,Mid,Full-time,Hybrid,32,2.8,57200,6.1,5.5,8.1,0.4,0,7.0,7.3,6.0,6.1,5.3,0
EMP-03702,Sales,Mid,Full-time,Hybrid,31,3.3,46200,7.2,15.5,7.0,0.1,0,25.5,6.7,6.7,6.3,3.2,0
EMP-03703,Customer Success,Mid,Part-time,Remote,24,2.1,56300,9.5,32.5,7.1,0.7,0,33.6,5.9,5.2,8.4,13.8,1
EMP-03704,HR,Entry,Full-time,Remote,31,2.9,30600,6.3,0.0,6.1,2.7,1,21.0,6.9,7.3,5.4,5.9,0
EMP-03705,Marketing,Senior,Full-time,Hybrid,26,5.4,76600,6.5,17.9,8.9,1.0,1,15.5,5.4,6.2,7.5,10.4,0
EMP-03706,Sales,Mid,Full-time,On-site,38,7.8,62400,7.4,9.9,4.7,3.3,2,21.8,3.8,5.5,6.8,12.0,1
EMP-03707,Customer Success,Mid,Full-time,Hybrid,40,3.6,74000,8.8,1.8,7.3,0.1,1,14.6,6.7,8.6,7.4,9.1,0
EMP-03708,Marketing,Mid,Full-time,Hybrid,25,4.5,65000,5.9,0.0,9.4,2.7,2,9.7,7.6,6.7,7.5,3.7,0
EMP-03709,Customer Success,Senior,Full-time,On-site,38,5.7,90900,6.4,21.0,6.8,3.6,1,30.7,5.7,6.6,6.5,9.1,0
EMP-03710,Finance,Mid,Full-time,On-site,26,1.4,67100,6.3,7.8,7.1,0.8,0,26.8,6.1,7.6,6.4,11.0,0
EMP-03711,HR,Mid,Full-time,Hybrid,25,0.5,57800,7.7,10.8,10.0,0.1,0,23.1,8.6,7.6,5.7,12.0,0
EMP-03712,Engineering,Mid,Full-time,Hybrid,38,6.3,73300,6.3,18.1,5.2,2.7,1,21.9,5.0,5.1,7.3,4.5,0
EMP-03713,Marketing,Entry,Full-time,Hybrid,30,4.7,49200,4.3,0.0,10.0,0.1,1,29.9,7.7,9.4,9.0,0.0,0
EMP-03714,Operations,Entry,Full-time,Hybrid,31,1.9,41900,7.9,17.9,8.9,0.1,0,45.8,4.7,4.0,4.6,10.0,0
EMP-03715,Customer Success,Entry,Full-time,On-site,32,4.3,49800,3.7,3.0,6.7,0.6,1,30.9,8.5,8.9,6.6,3.7,0
EMP-03716,Customer Success,Mid,Full-time,On-site,33,5.1,75500,8.6,23.2,7.3,1.3,2,27.4,4.8,6.8,7.5,4.5,1
EMP-03717,Sales,Mid,Full-time,Hybrid,36,3.1,57400,7.5,16.0,6.2,0.1,1,26.9,7.5,7.5,6.0,11.3,0
EMP-03718,Customer Success,Mid,Full-time,Hybrid,46,7.4,78700,5.8,7.6,8.6,5.7,2,24.0,5.8,6.6,7.7,12.6,1
EMP-03719,Operations,Senior,Full-time,Remote,40,4.8,73600,9.7,30.8,7.0,1.4,1,32.2,4.1,3.9,6.8,14.9,1
EMP-03720,Operations,Mid,Full-time,Hybrid,30,3.4,68300,9.9,27.7,6.6,1.8,0,29.9,3.6,3.3,6.3,14.2,0
EMP-03721,Finance,Senior,Full-time,Hybrid,49,7.2,84900,4.6,0.0,4.7,5.6,2,18.1,7.1,7.0,7.8,0.0,0
EMP-03722,Finance,Mid,Full-time,Remote,30,3.2,74000,3.2,0.0,7.9,1.2,0,20.7,7.4,8.7,6.4,0.0,0
EMP-03723,Operations,Mid,Full-time,On-site,27,4.4,71800,6.5,15.9,5.9,0.7,1,0.2,6.0,8.8,6.8,3.2,0
EMP-03724,Engineering,Mid,Full-time,Hybrid,33,5.0,69000,6.2,16.3,6.4,4.1,2,26.2,6.0,5.5,5.2,3.8,0
EMP-03725,Finance,Senior,Full-time,On-site,29,3.8,87000,5.7,7.6,8.2,0.2,2,28.7,7.8,8.4,7.6,0.0,0
EMP-03726,HR,Mid,Full-time,Hybrid,32,3.2,58300,7.3,18.3,6.8,0.1,0,43.5,6.6,7.7,8.7,10.6,0
EMP-03727,Sales,Senior,Full-time,Hybrid,30,4.1,90300,5.8,5.5,5.6,0.3,1,34.9,4.7,5.4,6.7,8.9,0
EMP-03728,Operations,Entry,Full-time,Hybrid,32,3.3,30000,5.9,8.5,8.2,1.5,0,35.4,6.9,7.4,6.8,5.5,0
EMP-03729,Customer Success,Entry,Full-time,Hybrid,28,0.3,38900,6.1,0.0,8.2,0.1,0,17.5,8.0,7.1,6.9,8.1,0
EMP-03730,Sales,Manager,Full-time,Hybrid,31,7.8,121100,5.1,5.5,4.5,3.0,3,3.4,8.2,6.2,7.9,2.9,0
EMP-03731,Customer Success,Manager,Full-time,Hybrid,39,7.0,93400,5.4,7.1,7.2,2.9,2,29.5,7.8,6.2,8.7,8.7,0
EMP-03732,Operations,Mid,Full-time,Hybrid,36,4.6,57200,6.0,12.5,5.5,1.5,2,35.3,7.2,6.8,5.7,4.7,0
EMP-03733,Finance,Senior,Full-time,Remote,46,9.2,76100,4.8,7.0,7.2,8.8,3,32.8,7.6,6.9,7.9,8.1,0
EMP-03734,Operations,Mid,Full-time,Hybrid,32,2.9,66000,7.2,3.1,8.7,0.1,0,30.4,7.8,7.8,7.4,3.9,0
EMP-03735,Sales,Senior,Full-time,On-site,40,10.0,80900,4.5,0.0,7.4,7.9,2,13.6,6.3,6.4,6.2,6.0,0
EMP-03736,Sales,Senior,Full-time,On-site,44,10.4,102500,4.3,5.9,7.2,6.2,2,44.4,7.3,6.5,7.8,10.9,0
EMP-03737,Engineering,Manager,Full-time,Hybrid,42,6.8,108000,5.2,10.2,5.4,3.1,2,27.6,5.9,6.1,6.8,1.9,0
EMP-03738,HR,Mid,Part-time,Remote,28,4.6,63900,5.3,7.0,3.7,1.8,1,25.3,7.1,7.1,7.7,6.6,0
EMP-03739,Sales,Manager,Full-time,Hybrid,38,6.7,114200,6.1,1.6,8.1,3.7,1,17.1,6.8,7.3,9.7,1.1,0
EMP-03740,Operations,Mid,Full-time,Hybrid,40,3.5,60200,7.8,17.9,8.5,1.2,1,45.7,6.0,5.8,6.8,5.8,0
EMP-03741,Customer Success,Senior,Full-time,Hybrid,37,4.6,92900,7.4,18.1,7.5,0.1,2,38.6,6.6,5.8,7.1,10.8,0
EMP-03742,Finance,Mid,Full-time,On-site,31,4.7,67200,6.4,18.2,8.5,0.1,1,19.5,7.3,7.1,8.2,7.8,0
EMP-03743,Operations,Senior,Full-time,On-site,45,10.7,92200,8.6,22.3,7.4,5.1,3,29.8,5.1,7.4,7.7,10.7,0
EMP-03744,Engineering,Senior,Full-time,On-site,38,8.3,103700,5.8,7.5,6.4,4.2,2,16.8,6.2,9.1,8.3,6.1,0
EMP-03745,Finance,Mid,Full-time,Remote,36,2.6,70500,7.6,11.7,8.3,0.1,0,19.8,6.4,6.7,8.3,5.6,1
EMP-03746,Sales,Senior,Full-time,Hybrid,37,7.7,80900,6.8,10.6,7.9,7.8,2,21.7,4.9,5.7,7.4,2.7,0
EMP-03747,HR,Mid,Part-time,On-site,30,2.5,53300,6.0,0.0,5.5,0.1,0,29.5,8.1,8.3,8.2,6.0,0
EMP-03748,HR,Entry,Full-time,Hybrid,21,0.2,50800,5.2,0.4,10.0,0.1,0,28.8,7.7,7.7,7.6,0.1,0
EMP-03749,Customer Success,Manager,Full-time,Remote,42,8.6,109900,4.4,0.0,8.2,7.8,2,30.6,9.4,5.9,6.6,3.1,0
EMP-03750,Sales,Manager,Full-time,On-site,44,8.1,100900,6.6,9.8,6.5,4.9,2,40.6,5.2,5.6,8.0,0.0,0
EMP-03751,Finance,Entry,Part-time,Remote,25,1.6,64800,6.1,14.4,9.2,0.1,0,32.4,8.1,8.0,7.3,3.5,0
EMP-03752,Operations,Entry,Full-time,Hybrid,22,1.7,44600,5.5,7.9,7.3,0.2,0,25.3,7.6,6.7,4.5,5.3,0
EMP-03753,Marketing,Entry,Part-time,Hybrid,26,3.1,40600,7.3,5.0,6.2,0.1,0,29.1,8.5,8.2,7.8,10.8,0
EMP-03754,Operations,Mid,Full-time,Hybrid,38,4.4,74300,5.9,6.4,6.3,0.6,1,18.9,7.7,6.9,6.6,5.4,0
EMP-03755,Operations,Mid,Full-time,On-site,33,4.0,64000,8.1,23.5,10.0,0.1,1,9.1,8.1,6.8,8.5,11.9,0
EMP-03756,Engineering,Mid,Full-time,On-site,21,1.6,86600,7.9,13.8,8.6,0.1,0,28.7,6.3,7.1,7.8,8.4,1
EMP-03757,Customer Success,Entry,Full-time,On-site,29,2.2,42400,9.3,29.6,5.8,0.2,0,48.2,2.7,2.5,5.9,16.0,0
EMP-03758,Sales,Mid,Full-time,On-site,39,4.1,73000,5.1,8.6,4.9,2.7,1,22.1,6.9,5.6,5.2,8.0,0
EMP-03759,Engineering,Manager,Full-time,Hybrid,45,4.8,126400,10.0,16.3,5.8,1.4,1,11.8,3.8,6.1,6.0,4.4,0
EMP-03760,Engineering,Mid,Full-time,On-site,31,1.9,76000,5.5,5.5,4.9,3.1,0,27.2,5.1,5.0,6.0,9.7,1
EMP-03761,HR,Senior,Full-time,On-site,46,8.9,85300,5.8,0.0,5.1,5.2,2,5.8,5.9,7.2,5.7,11.8,0
EMP-03762,Operations,Mid,Part-time,On-site,36,5.6,72900,6.5,12.0,4.5,1.7,1,39.1,5.8,5.0,6.1,2.9,0
EMP-03763,HR,Manager,Full-time,Remote,41,5.8,109200,5.1,7.3,8.2,4.7,1,27.3,8.7,7.5,8.0,3.1,0
EMP-03764,Engineering,Entry,Full-time,Hybrid,28,0.2,46800,6.4,3.9,9.3,0.1,0,21.1,7.9,5.5,9.0,2.5,0
EMP-03765,Sales,Entry,Full-time,On-site,30,3.1,47500,5.8,10.3,7.9,0.1,0,38.7,6.0,7.4,7.5,5.6,0
EMP-03766,Sales,Senior,Full-time,On-site,31,6.0,78500,5.8,10.5,6.7,3.0,1,30.2,7.2,6.3,7.9,8.6,0
EMP-03767,Customer Success,Entry,Full-time,On-site,29,1.6,53300,5.8,7.8,6.7,0.1,0,13.7,6.6,6.0,7.2,8.1,1
EMP-03768,Operations,Entry,Full-time,Hybrid,24,0.2,47700,4.9,5.8,6.2,0.1,0,29.6,7.7,5.9,6.5,0.0,0
EMP-03769,Finance,Mid,Full-time,Hybrid,30,4.2,62400,6.7,14.2,6.9,0.1,1,23.2,5.2,5.0,6.4,10.4,0
EMP-03770,Finance,Mid,Full-time,Hybrid,35,5.4,67400,6.7,10.9,4.5,1.9,1,12.3,4.1,4.4,7.4,8.5,0
EMP-03771,Operations,Mid,Full-time,Hybrid,32,3.2,63100,7.6,17.9,6.9,0.1,0,23.9,7.9,7.5,8.8,12.7,0
EMP-03772,Customer Success,Mid,Full-time,Hybrid,36,4.6,68400,6.6,10.5,6.9,0.1,1,23.9,7.1,6.7,6.6,5.3,0
EMP-03773,Operations,Senior,Full-time,Hybrid,34,4.9,80400,7.0,20.9,7.7,0.3,1,45.5,5.6,6.0,8.0,6.0,0
EMP-03774,HR,Entry,Full-time,On-site,23,0.2,57600,6.6,10.7,5.7,0.1,0,27.8,6.6,7.9,5.2,6.4,0
EMP-03775,Customer Success,Senior,Full-time,Hybrid,34,8.4,74200,4.6,2.2,7.3,5.1,2,29.5,7.9,6.9,6.8,10.9,0
EMP-03776,Marketing,Senior,Full-time,Hybrid,37,5.9,94800,5.8,7.1,7.1,2.5,2,42.5,6.3,7.3,7.4,8.8,0
EMP-03777,Operations,Senior,Full-time,Hybrid,39,8.5,72400,6.4,8.3,6.3,9.3,2,31.7,5.0,6.5,8.5,6.6,1
EMP-03778,Engineering,Senior,Full-time,Hybrid,38,5.2,106400,6.5,12.5,8.7,4.9,1,43.0,6.9,6.9,7.9,8.4,0
EMP-03779,Sales,Entry,Full-time,On-site,41,4.5,39500,5.4,0.0,6.8,0.1,1,21.6,4.5,6.0,8.0,9.1,0
EMP-03780,Engineering,Manager,Full-time,Hybrid,39,7.0,120200,7.6,14.1,8.9,3.8,2,30.3,5.8,8.3,8.1,7.2,0
EMP-03781,HR,Manager,Full-time,On-site,34,7.6,110300,5.4,0.9,5.9,6.9,2,7.1,5.2,5.6,7.4,8.7,0
EMP-03782,Customer Success,Mid,Full-time,Hybrid,32,5.2,63700,5.8,12.6,6.2,6.3,1,46.9,4.9,5.4,6.5,5.2,0
EMP-03783,Customer Success,Mid,Full-time,Remote,30,2.9,70100,6.7,19.4,7.6,0.6,0,20.4,6.3,6.4,7.3,6.1,0
EMP-03784,Engineering,Senior,Full-time,On-site,41,4.5,87900,6.1,3.4,7.3,0.1,1,19.5,5.6,5.5,7.5,7.2,0
EMP-03785,Operations,Senior,Full-time,On-site,29,6.2,88500,9.1,25.3,5.7,1.8,1,18.1,4.4,4.8,8.2,13.6,1
EMP-03786,Sales,Senior,Full-time,Hybrid,38,9.1,85600,5.9,17.1,8.5,4.5,2,10.5,7.5,7.9,6.9,3.2,0
EMP-03787,Sales,Entry,Part-time,Hybrid,24,2.2,43200,6.6,12.5,6.6,0.1,0,18.4,6.3,6.2,6.3,5.3,0
EMP-03788,Customer Success,Entry,Part-time,Hybrid,29,3.2,41500,3.8,0.0,9.2,0.1,0,23.8,7.9,6.1,7.4,0.0,0
EMP-03789,Customer Success,Senior,Full-time,On-site,40,6.6,75200,5.1,0.0,9.9,2.0,1,36.4,4.9,8.1,8.9,3.7,0
EMP-03790,Finance,Entry,Full-time,Hybrid,22,0.2,65200,8.2,13.3,6.6,0.1,0,28.7,6.6,5.9,5.7,12.8,0
EMP-03791,Customer Success,Entry,Full-time,On-site,25,1.3,50900,4.9,5.7,5.9,0.1,0,39.0,5.2,5.7,7.1,6.4,0
EMP-03792,Sales,Mid,Full-time,On-site,34,3.1,61500,5.4,3.3,6.9,0.1,0,8.2,7.3,7.6,6.3,9.1,0
EMP-03793,Engineering,Mid,Full-time,On-site,25,3.2,71000,4.4,0.0,6.9,0.1,1,23.9,7.9,6.9,6.0,7.0,0
EMP-03794,Engineering,Senior,Full-time,On-site,36,7.1,93900,9.0,0.0,9.4,3.6,2,30.1,6.0,7.8,7.4,6.9,0
EMP-03795,Finance,Entry,Full-time,On-site,31,2.1,58600,6.0,11.7,3.3,0.1,0,52.9,6.4,5.6,6.1,7.5,1
EMP-03796,Marketing,Senior,Full-time,Hybrid,42,5.6,103800,6.1,17.5,6.6,2.3,1,23.3,4.2,4.8,8.2,4.6,0
EMP-03797,Engineering,Senior,Full-time,On-site,46,9.7,84100,4.7,0.0,6.5,7.8,2,38.2,6.1,6.6,7.1,3.2,0
EMP-03798,Finance,Entry,Part-time,On-site,21,2.6,78400,4.3,0.0,8.9,0.1,0,27.9,6.4,5.9,7.3,9.1,0
EMP-03799,Operations,Mid,Full-time,On-site,27,4.7,58200,5.4,10.4,8.3,0.1,1,8.5,7.4,5.5,7.2,0.0,0
EMP-03800,Engineering,Senior,Full-time,On-site,38,6.6,95100,8.0,6.9,6.6,1.8,1,12.2,7.1,7.5,6.3,7.6,0
EMP-03801,Operations,Mid,Full-time,Hybrid,41,6.9,48700,8.9,26.7,8.3,4.0,2,16.0,6.5,6.5,8.6,5.4,0
EMP-03802,Engineering,Mid,Full-time,Hybrid,32,3.9,75600,6.3,10.4,6.1,2.5,1,13.2,6.9,4.3,6.4,1.6,0
EMP-03803,Operations,Mid,Full-time,Remote,36,7.6,56700,5.3,6.9,8.2,6.2,2,13.3,6.9,7.4,7.6,7.1,0
EMP-03804,Finance,Senior,Full-time,Hybrid,39,9.2,80700,5.3,0.0,7.6,6.9,2,39.7,6.7,7.4,10.0,4.2,0
EMP-03805,Finance,Entry,Full-time,Hybrid,21,0.8,63200,7.4,12.2,8.3,0.1,1,23.0,6.5,6.4,8.1,6.7,0
EMP-03806,Engineering,Mid,Full-time,Hybrid,32,2.3,66900,7.3,9.1,9.8,0.1,0,20.0,7.1,7.0,6.9,8.1,0
EMP-03807,Operations,Senior,Full-time,Hybrid,29,5.9,102300,4.0,8.7,6.0,1.6,1,44.3,6.3,5.1,7.6,1.6,0
EMP-03808,Customer Success,Senior,Full-time,On-site,42,7.5,84400,8.0,15.6,3.8,6.7,3,21.1,5.5,5.7,9.6,9.3,1
EMP-03809,Customer Success,Entry,Full-time,Hybrid,21,0.2,43700,5.8,9.9,7.3,0.1,0,13.8,6.9,7.7,6.5,4.5,0
EMP-03810,Operations,Entry,Full-time,Hybrid,25,3.0,30000,6.6,14.5,2.6,0.1,0,16.9,6.6,5.0,3.8,11.5,0
EMP-03811,Sales,Mid,Full-time,On-site,32,4.8,71000,7.6,11.8,4.3,2.2,1,24.1,6.9,5.4,8.2,5.2,1
EMP-03812,Operations,Mid,Full-time,Hybrid,40,6.4,60900,6.9,18.3,8.7,1.9,1,20.5,6.3,6.8,6.4,3.9,0
EMP-03813,Engineering,Entry,Full-time,On-site,29,1.1,45600,6.3,8.3,5.4,0.1,0,34.6,6.2,4.8,5.7,9.2,0
EMP-03814,HR,Mid,Full-time,On-site,26,3.7,59600,6.1,4.4,6.5,0.1,1,21.7,7.6,6.7,5.4,7.8,0
EMP-03815,Sales,Mid,Full-time,Remote,28,3.9,65100,8.3,14.3,9.9,0.2,2,12.3,7.5,6.2,6.3,8.5,1
EMP-03816,Operations,Entry,Full-time,On-site,31,3.4,57500,7.0,8.3,6.5,0.5,0,28.1,6.6,8.4,7.3,12.9,0
EMP-03817,Engineering,Entry,Full-time,On-site,30,1.3,48900,8.4,20.3,5.9,0.1,1,31.8,4.6,4.3,5.8,12.7,1
EMP-03818,Customer Success,Mid,Full-time,Hybrid,30,2.4,87900,7.8,17.4,6.9,0.1,1,32.6,3.5,5.8,5.8,3.4,1
EMP-03819,Operations,Entry,Part-time,On-site,24,0.2,39900,5.5,3.4,7.5,0.1,0,43.1,5.6,4.6,5.1,1.3,1
EMP-03820,Sales,Senior,Full-time,On-site,36,7.0,92700,6.3,18.9,7.0,6.2,2,33.6,6.6,6.0,7.4,5.4,0
EMP-03821,Engineering,Entry,Full-time,Remote,21,0.9,53100,6.9,10.4,7.1,0.1,1,23.6,6.5,6.7,7.2,3.4,0
EMP-03822,Sales,Entry,Full-time,Hybrid,27,0.2,52900,4.9,0.0,6.1,0.1,0,24.3,7.6,8.4,5.9,6.6,0
EMP-03823,Finance,Senior,Full-time,On-site,46,10.0,95800,6.9,10.1,4.9,8.1,3,47.9,5.1,4.3,5.2,13.0,1
EMP-03824,Engineering,Mid,Full-time,Hybrid,33,5.4,75100,6.5,9.8,7.1,3.5,2,21.8,6.5,6.3,6.8,7.0,0
EMP-03825,Engineering,Mid,Full-time,Remote,23,2.1,70500,5.4,13.6,8.5,0.1,1,23.9,6.4,4.5,7.7,6.3,0
EMP-03826,Finance,Mid,Full-time,Remote,31,2.0,63000,6.0,3.9,8.9,0.1,0,16.6,6.2,7.0,5.5,6.2,0
EMP-03827,Finance,Mid,Full-time,On-site,37,6.6,75600,3.8,9.4,6.4,4.2,2,15.3,6.4,5.5,6.2,1.4,0
EMP-03828,Marketing,Mid,Full-time,Hybrid,36,7.2,68900,4.9,13.6,7.7,3.8,2,15.3,6.5,3.5,7.0,4.7,0
EMP-03829,Sales,Senior,Full-time,Hybrid,41,6.4,96900,6.9,17.2,9.1,4.6,1,23.5,6.1,6.2,7.9,9.1,0
EMP-03830,Finance,Mid,Full-time,Hybrid,39,5.7,76300,3.4,5.7,5.9,3.3,2,32.3,6.3,7.2,6.3,2.1,0
EMP-03831,Marketing,Mid,Full-time,Hybrid,29,2.9,71100,3.1,10.4,7.7,0.1,1,13.3,7.0,7.1,7.2,4.5,0
EMP-03832,Finance,Senior,Full-time,On-site,46,7.9,87700,6.8,4.6,8.1,5.1,2,19.0,7.3,6.2,6.2,8.3,0
EMP-03833,Operations,Mid,Full-time,On-site,32,3.0,75300,8.6,21.9,10.0,0.1,0,43.6,4.8,7.1,8.5,15.9,0
EMP-03834,Engineering,Mid,Part-time,Remote,38,3.7,69500,5.5,9.2,8.1,1.9,1,20.6,6.5,6.3,6.2,10.9,0
EMP-03835,Marketing,Mid,Full-time,Hybrid,32,2.8,38200,6.5,0.0,7.0,0.1,0,19.3,5.4,6.4,9.0,5.8,0
EMP-03836,Engineering,Entry,Full-time,Hybrid,35,0.9,33600,5.3,0.0,9.3,0.1,1,22.4,7.9,8.3,8.7,1.0,0
EMP-03837,Customer Success,Entry,Full-time,Remote,27,1.4,31900,5.2,2.2,6.7,0.1,0,37.5,7.5,7.1,6.7,4.5,0
EMP-03838,Customer Success,Senior,Full-time,On-site,35,5.6,99000,5.6,1.4,6.1,0.3,1,22.5,5.4,6.4,6.5,7.8,0
EMP-03839,Engineering,Mid,Full-time,Hybrid,33,4.3,57800,7.7,2.4,5.9,1.4,1,18.7,6.6,4.3,6.4,0.0,0
EMP-03840,Engineering,Mid,Full-time,Hybrid,33,5.5,74300,4.9,3.5,6.5,2.2,2,12.2,7.3,8.5,8.0,5.6,0
EMP-03841,Engineering,Senior,Full-time,Hybrid,40,8.4,103900,6.0,0.3,8.9,4.1,2,42.4,8.2,8.1,8.2,5.9,0
EMP-03842,Sales,Senior,Full-time,Hybrid,33,5.4,91100,5.9,6.1,8.0,1.1,1,54.2,8.3,7.2,7.4,0.9,0
EMP-03843,Marketing,Senior,Full-time,On-site,38,8.9,75700,7.3,0.9,4.9,5.9,3,45.9,7.1,5.3,8.6,2.2,0
EMP-03844,Sales,Mid,Full-time,Remote,34,4.4,66700,4.9,0.1,9.3,0.1,1,16.8,7.5,5.0,10.0,9.2,0
EMP-03845,Finance,Mid,Full-time,Hybrid,30,4.1,49100,7.2,5.7,6.4,0.1,1,27.8,8.1,7.1,7.7,11.8,0
EMP-03846,Operations,Senior,Full-time,Hybrid,36,4.8,76100,5.9,19.4,8.4,1.3,1,26.3,7.2,6.3,7.4,6.4,0
EMP-03847,Engineering,Mid,Full-time,On-site,30,4.6,64600,6.6,8.6,7.3,2.2,2,22.7,7.1,7.6,7.1,5.2,0
EMP-03848,Sales,Mid,Full-time,Hybrid,34,5.3,69500,8.5,19.1,6.8,4.4,1,23.6,4.4,6.3,7.5,8.0,1
EMP-03849,Finance,Senior,Full-time,Remote,43,5.5,108300,5.0,0.0,8.5,6.1,1,39.7,8.1,8.2,5.8,5.6,0
EMP-03850,Engineering,Mid,Full-time,Hybrid,27,3.5,73500,5.4,6.6,6.3,3.0,1,3.7,6.5,5.5,7.2,7.0,0
EMP-03851,Finance,Mid,Full-time,Hybrid,32,3.1,78600,7.0,22.3,4.0,0.4,1,27.3,6.1,6.4,3.8,10.6,0
EMP-03852,Engineering,Senior,Full-time,Hybrid,43,6.5,90400,5.9,6.6,8.1,1.5,2,15.0,7.1,7.1,8.4,9.3,0
EMP-03853,HR,Mid,Full-time,Hybrid,35,3.3,61900,4.1,6.7,6.8,1.4,1,28.3,7.0,6.3,5.7,3.5,0
EMP-03854,HR,Senior,Full-time,Hybrid,29,6.7,111200,9.1,20.1,7.8,2.0,1,16.9,5.1,5.0,9.1,15.8,1
EMP-03855,Sales,Mid,Full-time,Hybrid,32,2.8,56700,4.1,0.8,4.0,0.6,0,25.5,6.2,5.3,7.3,9.0,0
EMP-03856,Customer Success,Mid,Full-time,Hybrid,36,4.2,69600,7.8,15.9,5.3,0.1,1,25.3,4.8,4.5,7.9,10.1,0
EMP-03857,Marketing,Mid,Full-time,Hybrid,34,3.3,73600,6.4,4.5,5.8,0.1,0,30.4,6.8,6.4,8.8,0.9,0
EMP-03858,Finance,Manager,Full-time,Hybrid,40,9.1,121800,6.0,8.8,8.2,5.5,3,13.6,6.5,5.0,6.7,3.6,0
EMP-03859,HR,Entry,Full-time,Hybrid,27,1.7,54600,6.1,4.2,8.6,0.8,0,63.8,5.7,7.4,6.4,3.6,0
EMP-03860,Operations,Mid,Full-time,Hybrid,39,6.2,69200,5.8,10.6,7.8,2.4,1,9.2,7.4,8.0,7.8,0.9,1
EMP-03861,Operations,Senior,Full-time,On-site,40,10.6,85000,7.0,4.9,6.8,10.0,3,24.0,4.7,4.2,5.9,7.4,1
EMP-03862,Customer Success,Senior,Full-time,Remote,34,4.7,94800,10.0,17.0,6.9,1.5,1,19.5,5.4,5.6,5.4,11.5,1
EMP-03863,Customer Success,Senior,Full-time,On-site,34,5.7,86400,8.2,18.7,7.6,3.0,2,29.2,4.2,4.0,7.0,10.4,1
EMP-03864,Engineering,Entry,Full-time,Hybrid,24,3.0,40400,9.5,25.4,5.2,0.1,0,30.7,4.0,3.0,6.2,8.5,1
EMP-03865,Operations,Senior,Full-time,On-site,43,8.0,77000,6.5,20.3,7.3,3.7,3,16.2,4.6,7.2,9.3,10.0,0
EMP-03866,Customer Success,Entry,Full-time,On-site,24,3.2,48900,10.0,28.1,6.4,1.8,0,34.3,4.9,5.5,7.2,6.4,0
EMP-03867,Marketing,Senior,Full-time,Remote,34,8.9,73100,5.9,7.7,6.5,7.9,2,39.0,5.3,6.6,9.3,4.0,0
EMP-03868,Sales,Mid,Full-time,Remote,34,4.7,53600,5.4,5.8,9.4,0.2,2,0.0,7.5,7.1,8.1,1.6,0
EMP-03869,Operations,Senior,Full-time,Remote,36,4.9,63300,6.6,11.3,4.4,1.2,1,28.0,6.2,5.2,5.0,8.9,0
EMP-03870,Finance,Entry,Full-time,Hybrid,27,4.4,48800,6.2,7.5,6.8,0.9,2,26.8,8.0,5.7,8.2,8.2,0
EMP-03871,Customer Success,Mid,Full-time,Hybrid,40,4.7,62700,9.0,16.4,5.3,0.1,1,17.7,4.7,7.0,7.1,10.1,1
EMP-03872,Customer Success,Senior,Full-time,Hybrid,29,7.0,81900,6.9,19.2,6.8,4.9,3,29.0,6.4,6.2,7.0,3.3,0
EMP-03873,Engineering,Entry,Full-time,Hybrid,22,0.2,57700,5.2,11.0,6.5,0.1,0,15.6,6.1,7.5,6.8,0.6,0
EMP-03874,Finance,Senior,Full-time,Hybrid,32,7.9,94400,6.8,13.5,7.6,4.5,2,30.1,5.7,6.3,6.8,3.2,0
EMP-03875,Sales,Entry,Full-time,Hybrid,28,2.7,35900,3.5,0.0,7.5,1.6,0,20.9,8.2,6.9,4.4,3.7,0
EMP-03876,Finance,Manager,Part-time,Hybrid,44,8.5,119200,5.9,0.0,8.8,5.5,2,24.8,7.1,8.2,8.6,4.5,0
EMP-03877,Operations,Senior,Full-time,On-site,37,5.1,85500,5.2,6.9,5.7,0.1,1,31.0,6.9,6.2,5.7,7.7,0
EMP-03878,Sales,Senior,Full-time,On-site,41,9.2,92600,7.5,2.7,8.2,7.3,2,24.3,6.3,5.7,7.0,10.3,0
EMP-03879,Engineering,Entry,Part-time,On-site,22,0.9,54600,6.1,3.0,9.2,0.1,0,47.2,6.1,8.5,7.3,11.0,0
EMP-03880,Finance,Mid,Full-time,Hybrid,37,5.1,58700,5.5,0.0,5.7,0.1,1,41.8,6.2,6.4,7.2,0.0,0
EMP-03881,Customer Success,Senior,Full-time,On-site,42,9.0,88800,6.4,13.8,7.8,4.2,3,17.1,5.4,6.0,8.4,7.4,0
EMP-03882,Sales,Entry,Full-time,Hybrid,28,0.9,45500,3.5,0.0,8.2,0.1,0,32.0,9.8,7.8,7.4,0.9,0
EMP-03883,Marketing,Senior,Full-time,On-site,34,6.3,94900,9.0,9.2,6.0,2.5,1,29.0,5.6,5.7,6.0,12.7,1
EMP-03884,Operations,Manager,Full-time,Hybrid,45,9.1,108400,8.1,22.3,5.3,3.9,2,45.9,5.1,7.1,5.4,3.9,0
EMP-03885,Operations,Entry,Full-time,Remote,35,3.8,45900,7.9,16.8,8.0,0.2,1,48.1,5.3,5.3,8.6,12.1,1
EMP-03886,Operations,Senior,Part-time,On-site,44,8.9,98200,5.6,0.5,8.9,1.5,2,26.4,9.3,8.8,8.4,3.2,0
EMP-03887,Customer Success,Manager,Full-time,Remote,33,5.8,119100,5.8,13.3,6.5,5.4,1,31.8,6.0,6.8,5.4,5.5,1
EMP-03888,Operations,Entry,Full-time,On-site,38,3.2,36500,4.6,0.0,7.8,0.2,0,20.8,7.7,8.4,8.2,4.3,0
EMP-03889,HR,Mid,Full-time,Hybrid,36,5.0,66500,5.4,3.7,4.3,0.5,1,21.4,7.0,7.4,7.4,5.5,0
EMP-03890,Customer Success,Mid,Full-time,On-site,21,1.3,42200,6.5,11.5,6.7,0.2,0,32.0,6.0,6.3,7.7,8.7,0
EMP-03891,Marketing,Senior,Full-time,On-site,41,4.9,83800,5.8,3.7,7.1,3.4,1,38.6,9.6,9.2,6.4,6.5,0
EMP-03892,Engineering,Senior,Full-time,Hybrid,36,6.6,101100,7.3,6.9,4.7,3.4,1,30.2,5.9,4.4,6.1,10.2,0
EMP-03893,Marketing,Mid,Full-time,Hybrid,35,5.0,57400,5.3,7.5,6.7,0.3,2,15.4,6.8,7.3,6.9,7.3,0
EMP-03894,Marketing,Mid,Full-time,On-site,44,7.5,64200,5.4,14.7,6.6,4.2,2,18.0,6.2,8.0,6.7,10.8,0
EMP-03895,Operations,Manager,Full-time,Hybrid,42,9.3,104500,5.7,13.5,5.7,8.3,2,19.9,4.8,6.0,6.1,5.6,0
EMP-03896,HR,Entry,Full-time,Hybrid,26,3.5,44000,6.0,13.6,7.2,2.1,1,37.3,5.3,7.1,7.1,4.5,0
EMP-03897,HR,Mid,Full-time,Hybrid,28,4.1,77900,6.3,12.7,5.2,0.6,2,28.3,6.8,7.2,5.6,9.3,0
EMP-03898,Engineering,Mid,Full-time,Hybrid,30,5.1,67900,6.6,2.5,5.7,1.1,2,25.1,5.6,5.8,7.2,10.9,0
EMP-03899,Customer Success,Mid,Full-time,Hybrid,45,6.4,48300,6.2,11.3,6.9,2.0,2,39.3,5.4,8.2,7.3,11.6,0
EMP-03900,Finance,Manager,Full-time,Hybrid,33,7.6,96900,6.2,13.8,7.2,3.6,2,11.8,6.3,6.1,7.0,5.1,0
EMP-03901,Engineering,Senior,Full-time,Hybrid,40,5.7,111500,4.9,11.0,4.8,0.1,1,11.9,8.0,6.2,7.9,5.6,0
EMP-03902,Operations,Senior,Part-time,Hybrid,41,6.8,86900,7.5,18.2,8.3,4.3,2,38.0,6.0,6.4,7.9,8.8,0
EMP-03903,HR,Mid,Full-time,On-site,29,3.4,56100,3.4,0.9,5.3,1.2,0,20.7,7.3,6.2,6.5,0.2,0
EMP-03904,Sales,Entry,Part-time,Hybrid,21,0.2,49900,7.3,13.2,7.5,0.1,0,22.4,7.0,5.0,6.4,6.2,0
EMP-03905,Engineering,Entry,Full-time,Hybrid,21,0.2,52300,5.8,2.6,6.7,0.1,0,36.9,8.1,6.4,4.8,3.3,0
EMP-03906,HR,Manager,Full-time,Hybrid,38,10.1,102400,5.1,9.8,7.9,4.2,2,22.6,6.3,8.3,8.9,3.9,0
EMP-03907,Customer Success,Mid,Full-time,Remote,28,2.1,62300,7.7,14.6,5.0,0.1,0,15.7,6.4,4.5,5.8,13.9,0
EMP-03908,Sales,Entry,Part-time,Hybrid,21,0.7,40500,7.0,2.2,7.3,0.1,1,42.7,5.6,6.1,6.5,7.8,0
EMP-03909,Engineering,Mid,Full-time,On-site,30,3.4,57800,7.8,10.1,7.8,1.2,1,31.2,5.3,6.7,8.6,5.8,0
EMP-03910,HR,Senior,Full-time,Remote,26,5.4,101500,5.3,12.0,8.4,2.5,1,22.2,5.5,6.4,7.8,6.6,0
EMP-03911,Engineering,Mid,Full-time,Hybrid,25,1.7,73300,5.3,0.0,7.1,0.1,0,13.0,6.3,6.9,9.1,1.2,0
EMP-03912,Marketing,Entry,Full-time,On-site,28,2.8,48300,4.2,9.1,7.4,0.1,1,35.7,5.5,8.3,7.3,8.4,0
EMP-03913,Engineering,Senior,Part-time,Remote,39,7.2,85400,5.8,4.6,7.9,5.4,2,20.2,7.5,7.5,7.1,8.6,0
EMP-03914,Sales,Entry,Full-time,Hybrid,26,2.7,46000,6.3,0.0,5.4,0.1,1,31.1,7.8,7.7,8.0,0.0,0
EMP-03915,Marketing,Mid,Part-time,Remote,30,5.9,60400,4.4,0.0,6.6,2.5,2,3.9,5.6,7.3,7.1,4.2,0
EMP-03916,Operations,Entry,Full-time,Remote,31,3.2,32400,7.0,19.6,7.9,0.4,0,51.3,5.4,6.8,7.9,11.3,0
EMP-03917,Sales,Mid,Part-time,Hybrid,30,2.9,83100,6.3,5.6,7.5,0.1,0,31.2,7.9,7.7,6.2,3.3,0
EMP-03918,Sales,Senior,Full-time,Hybrid,40,8.2,84200,7.2,7.1,6.9,5.5,2,27.2,5.9,5.9,8.6,6.0,1
EMP-03919,Sales,Senior,Full-time,Hybrid,32,6.0,99100,6.3,7.6,7.6,2.6,1,31.1,5.1,5.4,6.0,8.1,0
EMP-03920,Customer Success,Senior,Full-time,Hybrid,39,10.1,95100,5.6,14.2,7.0,8.6,2,17.4,6.7,8.8,8.8,8.3,0
EMP-03921,Finance,Entry,Full-time,Remote,27,0.4,54800,4.6,0.0,6.3,0.1,0,6.8,7.2,8.3,6.5,4.3,0
EMP-03922,Marketing,Mid,Full-time,Remote,38,4.2,47400,6.9,0.7,5.9,0.1,2,20.9,6.0,4.2,4.6,8.9,0
EMP-03923,Engineering,Entry,Full-time,Hybrid,25,0.2,41100,4.8,0.0,6.2,0.1,1,33.1,6.1,6.4,6.2,3.4,0
EMP-03924,Finance,Entry,Full-time,On-site,25,1.9,60800,5.6,11.4,2.4,0.1,0,34.3,4.8,4.7,5.1,8.1,0
EMP-03925,Engineering,Mid,Full-time,Remote,29,6.2,74300,6.0,2.1,6.7,4.3,1,26.8,6.6,5.6,7.3,10.4,0
EMP-03926,Sales,Entry,Full-time,Remote,37,5.2,46000,5.0,0.0,6.4,1.0,2,25.0,6.6,5.6,8.3,4.6,0
EMP-03927,Engineering,Entry,Full-time,On-site,28,0.2,51800,5.9,8.2,7.8,0.1,0,19.5,7.7,7.7,5.4,9.1,0
EMP-03928,Engineering,Mid,Full-time,On-site,33,4.7,85400,7.5,0.0,5.7,0.1,1,37.8,6.6,4.8,4.8,8.3,0
EMP-03929,Customer Success,Mid,Full-time,On-site,29,4.8,61200,8.3,15.5,6.2,1.9,2,34.2,6.2,6.3,5.4,7.2,0
EMP-03930,Customer Success,Senior,Full-time,Hybrid,31,6.7,73500,9.5,23.0,6.9,3.9,1,19.6,6.0,5.5,6.6,9.6,1
EMP-03931,Engineering,Mid,Full-time,On-site,40,5.4,59600,6.8,10.0,8.6,0.1,1,13.8,5.9,7.1,5.9,5.7,0
EMP-03932,HR,Mid,Full-time,Hybrid,22,3.3,56900,6.6,0.0,6.2,0.1,0,19.2,5.1,6.1,6.0,0.0,0
EMP-03933,HR,Mid,Full-time,Hybrid,24,1.8,75300,6.0,15.0,6.4,0.1,0,34.7,5.9,7.6,7.6,10.4,0
EMP-03934,Marketing,Senior,Full-time,Hybrid,44,5.7,104700,2.5,2.1,4.9,6.7,1,23.8,5.0,6.5,6.6,4.4,0
EMP-03935,Engineering,Senior,Full-time,Hybrid,31,9.0,87800,5.4,4.1,5.9,4.3,2,40.5,5.7,5.8,4.4,4.5,0
EMP-03936,Sales,Manager,Full-time,Hybrid,35,7.3,104700,3.8,5.7,8.7,3.4,2,11.1,7.9,8.3,8.5,3.5,0
EMP-03937,Finance,Senior,Full-time,On-site,37,8.8,93100,8.4,13.8,4.8,7.4,2,21.8,4.6,5.3,7.3,7.0,1
EMP-03938,Engineering,Mid,Full-time,On-site,35,5.4,85200,5.6,8.7,6.2,2.1,2,9.7,4.7,7.9,8.5,3.0,0
EMP-03939,Sales,Mid,Full-time,Hybrid,24,0.2,60700,5.4,2.0,8.5,0.1,1,29.4,8.1,8.0,6.6,5.8,0
EMP-03940,Sales,Mid,Full-time,On-site,30,2.6,64600,7.2,6.4,6.4,0.1,0,14.5,5.7,6.5,6.1,8.6,0
EMP-03941,Engineering,Mid,Full-time,On-site,34,4.8,77700,5.5,15.6,6.3,2.7,1,24.2,5.0,5.4,5.7,11.4,1
EMP-03942,Customer Success,Entry,Full-time,Remote,26,2.6,48900,7.8,18.5,7.3,0.1,0,18.5,5.9,6.9,7.9,8.0,1
EMP-03943,Operations,Mid,Full-time,Remote,27,6.7,55900,6.1,13.1,5.1,5.3,1,25.4,6.3,6.2,7.5,4.4,0
EMP-03944,Customer Success,Entry,Full-time,Hybrid,26,2.5,41400,7.4,14.9,5.3,3.1,0,38.3,5.7,5.1,6.2,10.8,1
EMP-03945,Operations,Mid,Full-time,Hybrid,44,7.0,55700,6.8,9.4,7.9,2.8,2,27.8,7.8,10.0,8.3,0.0,0
EMP-03946,Marketing,Entry,Full-time,On-site,25,0.9,37200,6.6,9.9,7.2,0.1,0,15.7,7.1,5.9,5.6,3.4,0
EMP-03947,Finance,Entry,Part-time,Hybrid,30,2.0,45600,6.0,1.2,8.2,0.1,0,40.3,6.6,4.8,7.2,4.3,0
EMP-03948,Customer Success,Entry,Full-time,On-site,35,3.0,39200,6.0,8.1,7.1,0.1,0,22.7,5.6,5.1,5.1,10.2,0
EMP-03949,Sales,Senior,Full-time,Hybrid,41,7.2,87000,5.7,5.1,6.5,4.6,2,15.3,4.5,6.5,7.9,3.3,0
EMP-03950,Operations,Entry,Full-time,On-site,25,2.9,33400,3.1,2.8,3.6,0.1,0,34.8,7.4,7.7,6.4,0.4,0
EMP-03951,Sales,Senior,Full-time,Remote,27,5.0,96700,6.7,7.3,6.5,0.8,1,36.2,6.0,5.9,7.0,8.2,0
EMP-03952,Engineering,Senior,Full-time,Hybrid,37,7.1,112700,6.4,0.0,6.2,2.6,2,30.5,7.4,6.4,8.9,6.2,0
EMP-03953,Finance,Mid,Full-time,Hybrid,36,4.3,68600,5.5,19.4,7.0,0.1,1,27.1,6.6,7.7,6.9,11.0,1
EMP-03954,HR,Mid,Full-time,Hybrid,35,5.0,83800,7.0,10.5,7.2,0.9,2,32.8,7.0,6.6,8.7,2.7,0
EMP-03955,Marketing,Mid,Full-time,Hybrid,26,2.8,57300,7.3,5.8,4.9,0.1,0,26.2,6.1,7.1,4.1,8.7,0
EMP-03956,Customer Success,Entry,Full-time,Hybrid,24,4.2,39200,8.1,16.0,5.6,0.1,2,37.5,4.7,4.5,7.5,8.1,0
EMP-03957,Operations,Mid,Full-time,On-site,39,5.1,69400,8.1,18.4,7.5,1.7,1,10.3,5.6,7.8,8.2,7.1,0
EMP-03958,Operations,Senior,Full-time,On-site,35,5.3,70500,6.8,18.5,9.0,3.0,2,34.4,7.0,5.7,5.0,7.1,0
EMP-03959,Customer Success,Mid,Full-time,Hybrid,31,5.8,59800,7.9,11.9,5.2,1.4,2,16.6,4.3,5.5,7.4,11.0,0
EMP-03960,Sales,Manager,Full-time,On-site,40,8.1,114100,5.8,10.3,8.1,6.2,2,14.6,5.8,5.9,8.3,13.4,0
EMP-03961,Engineering,Mid,Full-time,Hybrid,40,5.6,88900,6.9,13.6,8.3,3.3,1,19.7,5.6,6.1,7.4,11.3,1
EMP-03962,Marketing,Manager,Part-time,Hybrid,46,9.6,91600,7.9,25.9,8.0,7.4,2,34.9,3.2,5.3,7.6,14.1,1
EMP-03963,Engineering,Senior,Full-time,On-site,27,5.3,92500,5.5,7.5,6.3,1.8,1,35.8,7.0,8.2,6.7,4.0,0
EMP-03964,Sales,Senior,Full-time,Hybrid,30,6.3,87800,6.9,15.2,5.2,2.7,2,29.9,4.9,5.9,7.3,6.1,0
EMP-03965,Finance,Entry,Full-time,Remote,21,0.5,44300,5.4,12.2,9.4,0.1,1,41.8,8.1,6.6,7.2,5.2,0
EMP-03966,Finance,Mid,Full-time,On-site,34,6.5,63800,9.1,18.9,6.7,4.9,1,23.0,6.1,5.9,6.9,7.1,1
EMP-03967,HR,Mid,Full-time,Hybrid,37,4.7,76900,5.1,4.8,6.7,0.1,1,26.8,6.0,3.2,5.2,12.0,0
EMP-03968,Engineering,Senior,Full-time,On-site,41,7.8,95400,5.5,5.6,9.3,3.5,2,23.5,7.0,7.3,6.5,10.5,0
EMP-03969,Finance,Senior,Full-time,Hybrid,51,7.9,93600,6.5,8.4,7.3,5.2,3,23.3,7.7,7.5,7.3,6.7,0
EMP-03970,Finance,Mid,Full-time,Hybrid,29,3.4,68800,2.5,0.0,9.5,1.0,0,26.4,7.4,8.9,8.2,3.2,0
EMP-03971,Customer Success,Senior,Part-time,Hybrid,39,6.6,88400,7.6,7.6,6.0,2.3,2,35.8,6.1,7.5,8.4,1.4,0
EMP-03972,Finance,Senior,Full-time,On-site,45,7.1,95800,4.5,0.0,5.2,6.5,2,17.5,4.8,5.0,8.5,5.0,0
EMP-03973,Marketing,Entry,Full-time,Remote,22,1.2,51900,6.9,24.1,8.1,0.1,0,33.8,4.1,5.7,7.3,9.2,1
EMP-03974,HR,Senior,Part-time,On-site,43,5.9,77200,6.7,7.9,8.4,2.6,1,33.0,8.4,6.1,8.5,1.8,0
EMP-03975,Customer Success,Entry,Full-time,Hybrid,21,0.9,54600,6.1,15.1,4.6,0.1,0,24.8,5.4,3.3,6.7,7.4,1
EMP-03976,Sales,Mid,Full-time,Hybrid,32,2.3,61500,5.2,12.2,6.2,0.8,0,5.0,6.2,6.9,6.9,6.2,0
EMP-03977,Sales,Senior,Full-time,On-site,38,5.4,85600,6.8,15.9,9.3,1.1,1,24.0,5.8,5.2,6.8,9.2,0
EMP-03978,Engineering,Senior,Full-time,Hybrid,31,6.7,97800,6.8,0.2,7.2,2.1,1,22.9,6.5,7.1,7.6,5.4,0
EMP-03979,Operations,Senior,Full-time,Remote,28,4.0,84700,7.3,12.8,7.8,0.7,1,12.1,4.9,6.1,6.2,8.1,1
EMP-03980,Sales,Senior,Full-time,Hybrid,36,7.6,86900,5.2,8.4,3.0,4.6,2,25.2,4.3,4.3,5.4,6.7,0
EMP-03981,Customer Success,Senior,Full-time,Hybrid,37,8.1,96000,5.4,6.4,8.6,3.7,2,29.8,7.8,7.4,8.8,0.5,0
EMP-03982,Marketing,Mid,Full-time,Remote,38,2.5,59400,5.0,14.4,5.1,0.1,1,3.6,8.3,7.2,5.0,3.8,0
EMP-03983,Sales,Senior,Full-time,Hybrid,37,6.6,86700,7.2,18.0,5.2,4.0,1,32.5,4.5,5.0,6.9,8.7,0
EMP-03984,Finance,Manager,Full-time,Hybrid,44,8.8,126100,6.4,9.3,10.0,6.4,2,22.2,6.6,4.8,6.4,8.0,0
EMP-03985,Customer Success,Mid,Full-time,On-site,21,2.0,61800,7.8,21.8,9.4,0.1,1,11.3,7.6,6.0,6.4,10.7,0
EMP-03986,Engineering,Entry,Full-time,Remote,26,6.4,51500,7.2,5.4,3.5,2.1,1,32.1,7.6,8.3,9.3,9.9,0
EMP-03987,Sales,Entry,Full-time,Hybrid,31,2.7,36000,5.4,7.9,9.5,0.1,0,35.2,6.7,7.5,6.1,9.6,0
EMP-03988,Operations,Senior,Full-time,On-site,50,7.8,85800,6.9,0.0,4.5,5.4,2,29.8,6.6,7.1,8.9,0.0,0
EMP-03989,Finance,Entry,Full-time,On-site,34,4.6,44800,6.2,3.9,7.3,0.1,1,37.1,6.6,6.7,6.1,0.0,0
EMP-03990,Customer Success,Senior,Full-time,Hybrid,43,8.8,102300,7.6,8.6,6.7,4.9,2,30.1,5.7,8.7,8.4,5.9,0
EMP-03991,Engineering,Mid,Full-time,Hybrid,34,5.4,70800,5.5,13.5,9.0,2.2,1,4.9,6.7,7.8,7.4,2.5,0
EMP-03992,Engineering,Manager,Full-time,Hybrid,45,9.4,112000,7.9,8.8,7.1,6.8,2,34.0,5.9,6.0,7.4,8.7,0
EMP-03993,Sales,Mid,Full-time,Hybrid,33,5.8,73500,6.0,0.0,9.4,1.6,1,13.6,8.0,6.8,8.6,0.8,0
EMP-03994,Marketing,Entry,Full-time,On-site,25,0.8,56000,7.8,11.8,8.1,0.1,1,19.4,6.0,7.3,8.2,14.0,0
EMP-03995,Engineering,Entry,Full-time,Remote,21,2.0,57900,7.2,8.9,7.6,0.1,0,48.7,6.5,5.1,4.7,5.6,1
EMP-03996,Marketing,Senior,Full-time,Hybrid,37,5.8,101800,6.2,4.2,6.4,3.1,1,2.5,8.0,6.2,6.1,7.6,0
EMP-03997,Engineering,Entry,Full-time,Hybrid,21,1.3,52500,7.4,9.3,5.0,0.1,0,37.8,5.5,7.5,7.4,5.6,0
EMP-03998,Finance,Mid,Full-time,Remote,33,4.8,54100,10.0,19.4,4.3,0.1,1,21.9,5.4,4.4,7.6,11.8,0
EMP-03999,Sales,Entry,Full-time,On-site,23,0.2,44100,8.6,14.9,7.3,0.1,1,36.4,6.4,6.0,6.7,16.5,0
EMP-04000,Engineering,Senior,Part-time,On-site,36,7.1,92500,7.4,4.6,6.3,5.1,3,34.2,5.3,7.3,6.5,9.0,0
EMP-04001,Operations,Mid,Full-time,Hybrid,37,5.0,59200,6.1,15.9,8.8,3.2,2,29.3,7.0,7.5,7.3,7.7,0
EMP-04002,Sales,Senior,Part-time,Hybrid,41,7.2,89600,5.8,2.0,6.9,6.1,2,21.7,6.1,5.3,8.5,2.8,0
EMP-04003,HR,Manager,Full-time,On-site,30,5.6,97200,5.9,0.9,5.7,3.8,1,32.5,7.7,6.7,7.5,8.2,0
EMP-04004,Engineering,Senior,Full-time,Hybrid,42,7.0,110100,6.9,12.4,6.1,4.2,3,28.1,6.4,6.7,7.3,8.1,0
EMP-04005,Operations,Senior,Full-time,Hybrid,35,8.9,92600,4.5,0.9,7.2,6.5,2,21.7,5.6,7.0,8.5,4.4,0
EMP-04006,HR,Entry,Full-time,Hybrid,34,4.0,48000,6.2,0.0,10.0,1.4,1,39.3,7.9,7.4,8.8,0.0,0
EMP-04007,Customer Success,Mid,Full-time,On-site,35,4.4,54700,7.5,17.8,7.9,4.0,1,35.9,7.3,6.7,7.3,4.2,0
EMP-04008,Finance,Manager,Full-time,Hybrid,38,5.6,91800,5.7,0.0,8.3,0.8,1,35.7,7.4,8.2,8.1,6.6,0
EMP-04009,Finance,Mid,Full-time,Remote,27,4.2,71400,7.6,13.8,6.4,0.1,1,41.1,4.9,6.1,5.6,7.5,0
EMP-04010,Engineering,Entry,Part-time,Hybrid,29,0.2,57100,5.2,8.9,6.8,0.1,0,18.9,7.6,6.4,5.1,5.1,0
EMP-04011,Operations,Mid,Full-time,On-site,35,4.5,61200,4.2,0.0,5.4,0.1,2,27.7,7.0,7.2,6.9,8.2,0
EMP-04012,Operations,Manager,Full-time,Hybrid,41,6.8,108000,7.1,15.7,5.9,1.9,1,19.5,4.5,5.7,7.3,6.1,0
EMP-04013,Operations,Entry,Part-time,Remote,26,2.1,41100,5.6,8.9,3.5,1.7,0,31.2,5.0,6.3,8.8,7.5,0
EMP-04014,Marketing,Senior,Full-time,On-site,28,5.1,82200,9.1,19.0,4.9,1.4,1,18.2,4.5,5.1,4.9,13.0,1
EMP-04015,Engineering,Senior,Full-time,On-site,32,7.5,102000,6.6,10.7,2.8,6.3,2,26.2,5.3,5.0,5.1,10.8,1
EMP-04016,Engineering,Senior,Full-time,On-site,41,6.9,95800,5.8,3.7,8.4,3.8,1,17.9,7.5,7.4,6.1,10.5,0
EMP-04017,Customer Success,Mid,Full-time,Remote,28,2.5,74600,8.6,18.8,7.8,0.1,1,23.2,6.0,7.5,5.0,14.5,0
EMP-04018,Marketing,Manager,Full-time,Remote,49,10.1,111700,5.8,3.2,7.7,8.1,2,5.7,7.5,8.5,9.7,0.5,0
EMP-04019,Sales,Manager,Full-time,Hybrid,45,6.4,105200,6.2,3.6,4.9,2.4,1,20.2,6.4,6.0,9.1,5.2,0
EMP-04020,Marketing,Entry,Full-time,On-site,32,3.4,36900,4.7,6.7,8.4,0.1,1,29.2,7.5,7.8,7.3,6.9,0
EMP-04021,Finance,Mid,Full-time,Remote,27,2.1,51700,4.5,3.3,6.3,0.1,1,32.0,7.4,6.7,6.1,6.4,0
EMP-04022,Finance,Mid,Full-time,Remote,34,1.4,80100,5.9,9.1,9.5,0.1,0,0.0,6.9,6.3,6.2,6.0,0
EMP-04023,Finance,Mid,Full-time,Hybrid,30,3.6,58500,6.6,7.9,9.0,0.1,1,32.7,8.6,8.1,6.3,8.4,0
EMP-04024,Operations,Mid,Full-time,Hybrid,30,5.7,68200,6.9,16.4,5.1,1.8,1,14.9,5.8,6.6,6.6,11.2,1
EMP-04025,HR,Entry,Full-time,Remote,29,0.6,42500,6.1,6.4,5.3,0.1,0,29.4,7.0,5.1,7.1,3.0,0
EMP-04026,Engineering,Senior,Full-time,Remote,45,7.6,99900,7.1,13.3,5.2,5.6,2,26.6,4.5,6.5,6.8,5.9,1
EMP-04027,Operations,Mid,Full-time,Hybrid,28,2.8,62300,6.4,7.4,4.8,0.2,0,3.6,5.5,5.1,6.1,5.8,0
EMP-04028,HR,Mid,Full-time,Hybrid,39,5.2,59100,6.3,0.0,7.5,2.4,1,25.7,6.0,6.3,8.3,6.8,0
EMP-04029,Sales,Senior,Full-time,On-site,33,9.0,103900,5.6,0.0,4.2,5.0,2,23.4,6.8,8.7,6.5,5.8,0
EMP-04030,Engineering,Entry,Full-time,Remote,32,2.8,53200,7.8,10.9,6.5,1.7,0,42.5,6.1,5.7,7.2,6.9,1
EMP-04031,Engineering,Entry,Full-time,On-site,25,0.2,61800,8.0,6.6,5.9,0.1,0,28.7,5.7,5.6,3.9,1.6,0
EMP-04032,Sales,Senior,Full-time,Hybrid,40,6.3,91500,5.5,2.2,4.7,4.4,1,3.9,6.3,5.1,6.0,12.0,0
EMP-04033,Finance,Mid,Full-time,On-site,33,4.1,74400,6.2,6.0,7.1,0.1,2,25.1,5.6,7.2,5.3,4.3,0
EMP-04034,Customer Success,Entry,Full-time,Hybrid,31,0.2,34200,5.3,0.0,8.3,0.1,0,35.4,8.4,7.0,7.3,4.3,0
EMP-04035,Engineering,Entry,Part-time,On-site,21,0.2,51300,5.7,8.6,6.9,0.1,0,26.5,8.0,6.8,5.3,7.9,0
EMP-04036,Engineering,Entry,Full-time,Hybrid,21,1.5,31000,5.8,7.5,7.9,0.1,0,45.1,5.9,4.6,6.5,9.9,0
EMP-04037,Engineering,Senior,Full-time,Hybrid,44,6.3,107400,7.3,1.7,8.9,4.9,2,29.3,7.9,10.0,7.3,6.6,0
EMP-04038,Marketing,Entry,Full-time,Hybrid,26,1.3,40300,4.7,7.8,6.3,0.1,0,38.6,7.2,5.8,7.1,1.3,0
EMP-04039,Customer Success,Mid,Full-time,Hybrid,34,6.4,68700,10.0,13.4,9.4,2.0,2,22.8,6.6,7.7,7.4,6.9,0
EMP-04040,Sales,Senior,Full-time,Hybrid,36,8.6,94500,5.8,0.0,9.4,6.3,2,35.2,6.1,8.6,10.0,6.6,0
EMP-04041,Customer Success,Senior,Full-time,Hybrid,34,9.3,88800,6.1,5.7,7.6,5.0,2,21.5,7.0,5.7,9.9,9.0,1
EMP-04042,Engineering,Mid,Full-time,Remote,34,5.7,87600,6.3,17.1,9.7,2.4,2,30.7,7.2,6.0,7.4,4.5,0
EMP-04043,Marketing,Manager,Full-time,Hybrid,35,5.8,88500,5.8,4.9,7.2,0.1,1,21.4,6.7,8.3,6.5,8.3,0
EMP-04044,Sales,Senior,Full-time,On-site,30,3.1,89300,5.3,6.0,8.6,1.6,0,28.9,7.6,6.7,8.2,4.7,0
EMP-04045,Finance,Entry,Full-time,On-site,26,1.6,49700,5.3,3.9,8.8,0.2,0,37.6,7.5,8.0,7.3,8.8,0
EMP-04046,Sales,Senior,Full-time,Hybrid,41,8.9,97300,5.4,4.8,6.9,8.3,3,33.2,6.8,7.6,7.6,8.3,0
EMP-04047,Operations,Senior,Full-time,Hybrid,45,8.1,82200,8.2,12.7,7.0,3.6,2,16.7,5.6,7.2,8.4,9.0,0
EMP-04048,HR,Senior,Full-time,Hybrid,27,6.5,105600,7.1,0.4,8.4,3.0,1,26.6,7.9,6.4,8.5,7.8,0
EMP-04049,Customer Success,Senior,Full-time,On-site,38,7.7,87900,7.9,25.2,5.1,6.3,2,41.2,5.3,5.1,6.6,6.9,1
EMP-04050,Marketing,Entry,Full-time,Hybrid,21,0.4,51600,4.5,3.5,8.0,0.1,0,35.4,6.8,7.5,5.9,5.9,0
EMP-04051,Sales,Mid,Full-time,Hybrid,37,5.2,57100,7.5,17.6,6.4,0.1,1,36.2,6.9,7.6,7.8,1.9,0
EMP-04052,Engineering,Entry,Full-time,Hybrid,41,4.1,72600,5.6,4.2,6.8,3.1,1,18.1,5.6,7.6,7.1,8.2,0
EMP-04053,Engineering,Entry,Full-time,Hybrid,29,3.0,52100,4.2,0.0,5.8,2.9,0,54.9,6.8,7.0,6.0,0.8,0
EMP-04054,Marketing,Mid,Full-time,Hybrid,27,5.4,72600,5.8,16.2,6.4,0.5,1,24.5,6.4,5.6,7.2,9.5,0
EMP-04055,Operations,Senior,Full-time,On-site,37,5.8,87800,8.4,26.7,6.5,5.0,1,33.5,6.2,3.8,3.9,8.8,0
EMP-04056,Sales,Mid,Full-time,Remote,35,4.8,58400,6.1,0.0,7.1,1.1,1,23.3,8.0,5.8,4.9,5.9,0
EMP-04057,Customer Success,Entry,Part-time,Hybrid,31,1.4,45400,6.0,9.4,4.7,0.1,1,23.4,6.6,4.2,4.7,8.6,1
EMP-04058,Customer Success,Manager,Full-time,On-site,40,7.9,116500,7.6,7.4,8.8,2.7,2,3.5,7.0,6.7,8.4,12.2,0
EMP-04059,Sales,Entry,Part-time,Hybrid,27,1.4,40600,6.3,10.9,6.9,0.1,0,30.7,7.6,7.8,6.9,8.3,0
EMP-04060,Operations,Entry,Full-time,Remote,23,2.0,47900,7.2,15.7,6.1,0.2,1,13.7,3.8,5.3,5.7,6.8,0
EMP-04061,Finance,Entry,Full-time,On-site,21,1.9,67500,7.5,5.6,8.6,0.1,0,52.9,7.5,5.0,7.9,2.7,1
EMP-04062,Operations,Entry,Full-time,On-site,21,0.5,53000,5.4,3.4,8.5,0.1,1,25.7,5.1,7.5,6.0,6.8,0
EMP-04063,Finance,Mid,Full-time,Hybrid,27,3.1,84000,5.7,5.3,6.7,0.1,0,27.4,6.8,5.4,7.7,3.1,0
EMP-04064,Finance,Senior,Full-time,Hybrid,39,7.4,100700,8.4,10.6,5.8,3.4,2,12.6,7.7,6.5,6.5,0.2,0
EMP-04065,Marketing,Mid,Full-time,On-site,29,5.7,57100,7.3,4.7,9.7,0.9,1,10.8,9.0,8.0,8.0,8.6,0
EMP-04066,HR,Senior,Full-time,On-site,43,8.4,84100,6.1,6.9,8.8,7.1,2,2.7,7.4,8.4,6.0,7.1,0
EMP-04067,Operations,Mid,Full-time,Hybrid,40,7.2,79500,4.6,9.3,6.7,3.8,2,23.9,6.8,7.9,6.1,10.2,0
EMP-04068,Marketing,Entry,Part-time,On-site,22,0.2,43500,7.4,15.3,6.2,0.1,0,29.3,6.1,6.7,7.3,4.8,0
EMP-04069,Operations,Mid,Full-time,On-site,44,5.5,55400,7.2,11.0,8.5,4.4,1,20.4,4.8,5.6,7.3,7.1,1
EMP-04070,Customer Success,Manager,Full-time,Hybrid,34,7.9,98200,4.4,0.0,6.9,6.7,2,28.3,6.7,6.2,6.9,7.9,0
EMP-04071,HR,Mid,Full-time,Hybrid,35,3.2,78100,7.3,6.3,6.1,0.1,0,11.8,6.5,7.7,6.6,3.5,0
EMP-04072,Engineering,Entry,Full-time,On-site,28,4.4,57500,4.8,7.3,8.1,0.9,1,57.4,5.8,7.1,7.3,7.4,0
EMP-04073,Finance,Entry,Full-time,Remote,23,0.8,33200,5.4,0.0,6.9,0.1,0,14.3,7.6,7.4,9.3,6.5,0
EMP-04074,HR,Mid,Part-time,Hybrid,33,3.9,75300,7.9,15.7,6.4,0.7,1,14.7,4.5,4.5,6.7,7.5,1
EMP-04075,Engineering,Senior,Full-time,Remote,31,8.1,91400,6.1,15.7,7.6,2.8,3,41.1,8.2,7.0,9.2,3.9,0
EMP-04076,Engineering,Senior,Full-time,Hybrid,38,7.0,95100,6.5,5.6,8.8,1.4,2,7.6,7.8,7.4,8.7,8.1,0
EMP-04077,Customer Success,Senior,Full-time,Hybrid,33,5.5,92400,7.1,12.6,7.1,2.4,1,8.0,5.5,6.0,7.4,3.5,0
EMP-04078,HR,Mid,Part-time,Hybrid,28,3.2,58200,7.4,10.3,4.0,0.3,0,35.4,5.6,7.3,8.4,0.0,0
EMP-04079,Customer Success,Entry,Full-time,On-site,28,4.5,32400,7.3,9.2,6.4,2.0,1,24.4,6.4,7.5,5.9,10.9,0
EMP-04080,Customer Success,Mid,Full-time,On-site,23,1.8,57500,7.9,19.1,7.1,0.1,1,11.4,5.3,5.4,6.8,6.7,1
EMP-04081,Engineering,Mid,Part-time,On-site,40,7.6,59900,9.1,17.6,6.7,5.7,3,18.7,4.8,5.2,6.0,6.6,1
EMP-04082,HR,Mid,Full-time,Remote,38,3.3,53400,6.1,2.9,6.2,0.4,0,18.8,5.5,6.4,5.3,3.1,0
EMP-04083,Operations,Manager,Full-time,Hybrid,48,11.1,115600,8.3,17.6,8.2,9.7,3,33.0,5.1,5.0,6.8,6.3,1
EMP-04084,Finance,Mid,Full-time,Hybrid,32,5.2,82300,5.4,0.0,6.5,0.3,1,20.4,5.7,7.5,5.5,5.8,0
EMP-04085,Marketing,Entry,Full-time,Hybrid,41,4.6,62300,5.7,5.7,6.7,2.7,1,27.0,4.7,6.1,6.4,9.1,0
EMP-04086,Finance,Entry,Full-time,Remote,39,5.8,48500,5.9,19.8,6.0,3.6,1,47.9,7.3,6.2,7.6,7.0,0
EMP-04087,Operations,Senior,Full-time,Hybrid,31,5.1,82000,4.5,9.7,8.3,2.6,1,25.2,8.6,8.2,8.0,9.4,0
EMP-04088,Customer Success,Mid,Full-time,On-site,23,2.6,46400,9.6,23.3,5.3,0.1,0,26.7,6.0,4.6,6.5,0.5,1
EMP-04089,HR,Mid,Full-time,On-site,34,3.7,69000,5.7,6.9,7.8,1.0,1,2.5,6.5,7.2,6.4,1.4,0
EMP-04090,Sales,Mid,Part-time,On-site,27,3.1,55100,5.4,13.7,5.6,0.3,0,15.0,5.9,5.5,5.9,7.1,0
EMP-04091,Engineering,Mid,Full-time,Hybrid,33,4.8,82300,7.2,3.6,6.7,2.1,1,20.1,5.5,4.8,7.1,11.7,0
EMP-04092,Operations,Mid,Full-time,Hybrid,32,3.0,76500,7.7,14.3,7.4,0.1,1,26.6,5.5,5.0,7.9,4.9,0
EMP-04093,Sales,Entry,Full-time,Hybrid,34,5.7,50100,5.8,7.8,6.3,3.5,2,41.5,6.9,6.9,8.8,5.3,0
EMP-04094,Sales,Senior,Full-time,On-site,37,7.3,73400,5.7,6.1,7.4,4.2,3,31.5,6.4,6.5,6.8,10.6,0
EMP-04095,Engineering,Mid,Full-time,Hybrid,34,5.5,66800,6.7,20.2,9.0,2.5,2,18.2,7.2,9.1,6.8,4.7,1
EMP-04096,Operations,Mid,Full-time,Remote,43,8.7,76900,7.8,17.1,5.9,4.6,2,28.7,5.5,4.9,6.0,9.9,0
EMP-04097,Operations,Mid,Full-time,On-site,35,5.4,64200,5.2,11.6,7.6,4.2,2,31.9,5.1,6.9,7.2,4.9,0
EMP-04098,Marketing,Mid,Part-time,Remote,28,3.4,56000,5.3,7.8,6.6,0.1,1,34.0,7.9,7.9,6.9,5.7,0
EMP-04099,Operations,Manager,Full-time,Remote,35,5.4,78800,4.7,5.6,7.5,2.8,2,21.7,8.5,7.6,8.2,3.3,0
EMP-04100,Operations,Entry,Full-time,Hybrid,37,2.5,47700,7.6,9.5,10.0,0.1,1,50.5,8.1,9.3,7.7,6.5,0
EMP-04101,Engineering,Senior,Full-time,Hybrid,27,4.2,91900,6.5,9.3,7.0,2.0,1,41.0,7.0,8.1,7.8,2.5,0
EMP-04102,Finance,Senior,Full-time,Remote,32,5.8,105600,5.9,3.1,5.7,3.6,1,27.3,6.4,6.2,5.7,2.0,0
EMP-04103,Operations,Senior,Full-time,Remote,36,6.7,79300,7.1,11.1,7.5,4.7,2,30.6,4.9,6.0,6.6,11.1,1
EMP-04104,Operations,Mid,Full-time,Hybrid,33,3.5,59000,4.4,13.1,9.4,0.7,2,25.2,6.2,6.0,9.2,5.0,0
EMP-04105,Marketing,Entry,Part-time,Hybrid,32,3.3,53000,5.9,10.0,8.4,0.1,0,29.7,5.4,8.5,6.2,7.7,0
EMP-04106,Customer Success,Senior,Full-time,Hybrid,29,6.9,82100,5.5,11.9,6.5,3.1,2,35.4,4.9,6.4,7.8,7.6,0
EMP-04107,Marketing,Senior,Full-time,Hybrid,43,6.4,75000,7.8,13.4,5.8,5.1,1,31.3,4.8,6.0,7.4,13.6,1
EMP-04108,Marketing,Manager,Full-time,Hybrid,36,4.3,102500,9.7,18.9,6.7,0.1,1,34.3,5.5,6.2,7.6,14.4,1
EMP-04109,Engineering,Senior,Full-time,Hybrid,36,7.0,96900,5.6,12.7,4.6,5.2,2,20.8,6.7,6.9,9.0,14.4,1
EMP-04110,Sales,Senior,Full-time,Hybrid,45,4.7,75600,7.5,17.7,7.3,1.7,2,36.9,7.1,5.6,4.0,7.7,0
EMP-04111,Customer Success,Mid,Full-time,Remote,36,5.7,64000,5.8,2.0,6.0,2.0,1,14.4,7.1,7.3,5.9,9.2,0
EMP-04112,Operations,Mid,Full-time,On-site,34,5.2,67400,8.8,3.3,9.2,3.0,1,19.3,6.8,8.1,8.1,6.4,0
EMP-04113,Sales,Mid,Full-time,On-site,28,4.0,45800,8.2,11.3,7.3,0.4,1,34.0,6.6,6.4,6.0,7.2,0
EMP-04114,Customer Success,Mid,Full-time,Hybrid,31,6.4,75300,5.8,0.0,6.8,3.8,1,20.0,7.7,7.5,7.9,8.3,0
EMP-04115,Finance,Mid,Full-time,Hybrid,35,5.6,62400,7.5,15.6,8.7,3.4,2,29.1,4.6,6.3,6.2,4.3,0
EMP-04116,Marketing,Mid,Part-time,Hybrid,36,5.5,71800,4.0,0.0,5.4,3.1,1,12.5,5.8,7.1,7.6,6.6,0
EMP-04117,Sales,Mid,Part-time,On-site,32,3.3,55400,5.1,1.6,7.2,1.2,0,8.2,8.0,8.6,7.6,1.5,0
EMP-04118,Engineering,Entry,Full-time,On-site,35,4.4,48000,5.5,11.6,7.1,0.4,1,33.2,6.9,6.1,6.5,5.9,0
EMP-04119,Operations,Mid,Full-time,On-site,29,4.5,63200,8.4,10.6,7.7,4.1,1,31.4,7.7,4.4,7.2,5.9,0
EMP-04120,Engineering,Entry,Full-time,Hybrid,21,1.2,72500,7.6,12.6,6.9,0.6,0,28.4,5.3,5.1,6.8,1.9,0
EMP-04121,HR,Mid,Full-time,On-site,30,2.0,63100,5.8,4.9,5.3,1.4,0,21.5,7.1,9.0,7.4,4.1,0
EMP-04122,Sales,Mid,Full-time,On-site,21,0.3,60400,4.4,0.0,9.7,0.1,0,28.5,7.6,8.1,9.3,4.6,0
EMP-04123,Sales,Senior,Full-time,On-site,43,5.2,97300,6.4,2.0,6.9,0.7,1,28.8,7.5,8.1,8.3,3.6,0
EMP-04124,Sales,Manager,Full-time,On-site,36,7.2,96500,5.1,0.6,7.0,5.4,2,19.0,7.6,7.2,8.9,1.2,0
EMP-04125,Engineering,Entry,Full-time,On-site,30,2.3,61100,6.9,9.9,4.7,0.1,1,23.3,5.5,4.3,7.0,10.5,1
EMP-04126,Marketing,Entry,Full-time,Remote,22,2.2,39400,5.8,12.3,9.6,0.6,0,35.7,8.0,7.4,10.0,8.7,0
EMP-04127,Marketing,Entry,Full-time,On-site,27,0.2,39100,5.6,0.0,8.3,0.1,0,37.4,8.2,6.7,5.8,8.2,0
EMP-04128,Engineering,Senior,Full-time,Remote,44,7.6,87100,6.0,14.2,7.8,3.6,3,29.3,4.5,6.5,6.9,6.6,0
EMP-04129,Engineering,Mid,Full-time,Hybrid,40,5.6,83800,6.1,1.5,8.2,2.0,1,31.1,8.0,7.3,7.4,3.0,0
EMP-04130,Marketing,Entry,Full-time,On-site,23,0.2,50400,3.7,0.0,6.2,1.9,0,12.5,7.0,6.9,6.1,1.3,0
EMP-04131,HR,Senior,Full-time,Hybrid,31,7.2,96300,6.8,0.0,7.0,4.5,2,22.4,7.0,6.8,6.7,7.2,0
EMP-04132,Sales,Mid,Full-time,Hybrid,29,3.0,55400,6.5,11.6,6.1,0.2,0,40.7,8.4,6.5,7.4,3.3,0
EMP-04133,Operations,Manager,Full-time,Hybrid,34,7.3,92500,9.0,11.8,9.5,2.3,2,24.5,7.1,5.6,6.8,11.8,0
EMP-04134,Customer Success,Entry,Full-time,Hybrid,21,0.2,45900,6.1,15.8,7.3,0.1,0,42.5,4.8,4.9,5.1,6.5,0
EMP-04135,Engineering,Mid,Full-time,Hybrid,22,0.9,76600,6.9,11.7,7.9,0.1,0,19.1,7.3,9.4,9.1,6.6,0
EMP-04136,Engineering,Entry,Part-time,Hybrid,21,0.2,52600,5.9,8.3,7.9,0.1,0,43.1,6.2,7.2,6.3,9.3,1
EMP-04137,Operations,Mid,Full-time,Hybrid,32,5.8,44200,5.4,6.9,6.2,3.6,1,34.2,5.4,5.1,7.0,4.0,1
EMP-04138,Operations,Manager,Full-time,Remote,34,5.0,89700,7.7,10.9,7.9,0.1,1,27.8,7.6,6.0,8.0,7.1,0
EMP-04139,Customer Success,Senior,Full-time,Hybrid,37,7.1,97100,5.6,8.6,9.6,6.7,2,32.8,7.1,6.3,8.5,0.2,0
EMP-04140,Finance,Mid,Full-time,Remote,34,5.8,73100,9.1,13.6,7.0,2.3,1,15.8,4.5,4.7,6.5,5.2,0
EMP-04141,Customer Success,Mid,Full-time,Hybrid,31,6.4,70700,6.2,16.7,5.7,2.2,1,9.7,5.4,6.6,4.8,10.0,0
EMP-04142,Engineering,Entry,Full-time,Hybrid,33,1.8,54100,5.7,3.0,5.9,0.1,0,35.3,7.8,8.3,6.3,7.3,1
EMP-04143,Finance,Mid,Full-time,On-site,28,3.1,66500,6.3,1.7,5.2,0.1,0,26.9,6.5,6.8,7.9,2.6,0
EMP-04144,Customer Success,Mid,Full-time,Hybrid,47,11.3,66900,6.9,3.4,7.2,10.0,4,17.9,5.9,6.4,7.0,7.1,0
EMP-04145,Engineering,Manager,Full-time,On-site,37,8.2,112900,9.7,9.7,6.0,4.4,3,17.9,4.1,5.6,7.1,8.1,0
EMP-04146,Sales,Senior,Full-time,Hybrid,34,3.0,89800,3.9,0.2,4.4,0.4,0,29.6,6.9,5.5,5.7,1.9,0
EMP-04147,Finance,Senior,Full-time,Hybrid,42,9.9,99000,6.4,11.0,10.0,8.9,2,26.5,5.6,6.6,8.5,2.9,1
EMP-04148,Engineering,Mid,Full-time,Hybrid,37,4.5,60400,4.9,3.7,8.9,1.6,1,0.0,6.4,6.4,5.7,4.3,0
EMP-04149,HR,Mid,Full-time,Hybrid,26,1.7,69200,4.1,4.4,5.2,0.1,0,15.8,7.2,8.4,7.7,0.9,0
EMP-04150,Customer Success,Mid,Full-time,Hybrid,26,1.6,69200,10.0,20.2,8.4,0.1,0,24.2,5.8,5.1,4.0,11.8,0
EMP-04151,Customer Success,Entry,Full-time,On-site,25,1.0,40900,7.1,10.5,4.5,0.1,1,22.0,6.8,6.5,8.0,3.3,1
EMP-04152,Customer Success,Mid,Full-time,On-site,43,8.5,60100,8.5,12.8,9.2,6.6,2,23.2,7.0,7.8,10.0,5.0,0
EMP-04153,Engineering,Entry,Full-time,On-site,32,2.8,55200,9.3,26.5,7.8,0.1,0,19.7,7.2,3.3,4.5,15.5,1
EMP-04154,Customer Success,Mid,Full-time,On-site,26,2.1,68300,5.4,12.6,5.7,0.3,0,25.4,5.2,5.0,5.9,13.2,0
EMP-04155,Customer Success,Senior,Full-time,On-site,31,4.1,95700,6.5,5.6,4.3,0.9,2,22.7,6.4,5.8,7.4,4.7,0
EMP-04156,Sales,Senior,Full-time,Hybrid,39,8.1,100900,7.8,7.0,6.5,3.7,2,34.5,5.5,6.6,6.4,9.4,0
EMP-04157,Finance,Mid,Full-time,Remote,31,0.9,67500,4.9,4.7,7.7,0.1,1,35.4,8.2,8.4,6.6,1.8,0
EMP-04158,Finance,Manager,Full-time,Hybrid,49,8.3,117900,6.6,14.6,5.1,6.4,2,28.1,5.2,7.9,7.8,3.4,0
EMP-04159,Customer Success,Mid,Full-time,Remote,29,3.5,69300,6.4,7.8,9.3,0.1,1,24.3,5.2,5.2,6.8,3.0,0
EMP-04160,Operations,Senior,Full-time,On-site,36,6.9,94200,2.9,10.2,6.8,1.1,2,13.7,7.5,6.3,8.0,0.0,0
EMP-04161,Customer Success,Entry,Full-time,On-site,27,3.8,47200,9.5,9.3,8.0,3.9,2,38.5,6.0,6.2,6.6,5.3,0
EMP-04162,Operations,Entry,Full-time,Hybrid,27,2.4,48200,6.8,0.0,5.6,0.1,0,45.2,8.1,5.4,6.1,9.7,0
EMP-04163,Customer Success,Mid,Full-time,On-site,26,3.2,55400,6.6,10.0,6.4,0.1,0,33.8,6.5,7.1,6.9,8.8,0
EMP-04164,Customer Success,Entry,Full-time,Hybrid,21,1.0,30000,7.9,13.6,4.4,0.1,1,48.0,5.5,5.2,7.8,6.1,1
EMP-04165,Operations,Senior,Full-time,On-site,38,4.4,90500,7.3,6.7,6.6,3.2,1,50.7,7.2,8.3,8.6,7.7,0
EMP-04166,Finance,Mid,Full-time,Hybrid,34,6.4,79800,6.1,13.3,7.2,2.9,1,22.4,4.5,5.1,6.9,8.2,0
EMP-04167,HR,Entry,Full-time,On-site,34,2.7,44800,7.9,11.4,7.9,0.1,0,24.7,6.0,5.9,9.7,9.8,0
EMP-04168,Marketing,Senior,Full-time,On-site,41,9.6,80800,9.2,15.3,8.8,8.6,2,34.3,5.5,6.0,6.5,6.7,1
EMP-04169,Operations,Senior,Full-time,On-site,30,3.7,92200,6.0,16.4,9.0,2.1,1,27.4,5.7,8.6,6.8,3.6,1
EMP-04170,Marketing,Entry,Full-time,Hybrid,31,2.2,56600,4.4,1.7,8.4,0.1,0,26.6,8.6,7.5,8.1,7.5,0
EMP-04171,Marketing,Entry,Full-time,Hybrid,23,0.2,43400,6.9,7.8,2.3,0.1,0,32.5,5.5,6.7,4.8,9.8,0
EMP-04172,Customer Success,Senior,Full-time,Hybrid,34,4.5,99300,4.7,1.9,6.3,1.7,1,17.7,8.6,7.3,5.9,4.3,0
EMP-04173,Operations,Senior,Full-time,Remote,31,6.7,81400,7.0,11.6,7.0,2.9,1,15.6,6.1,6.1,7.9,6.0,0
EMP-04174,Operations,Entry,Full-time,Hybrid,22,1.4,34100,6.3,5.3,5.2,0.1,0,41.1,6.1,7.3,8.0,8.9,0
EMP-04175,Sales,Manager,Full-time,Hybrid,40,8.6,105800,5.4,0.5,7.1,7.0,2,28.3,5.4,5.5,7.3,12.5,0
EMP-04176,Engineering,Senior,Full-time,Hybrid,40,7.4,105300,6.3,9.9,9.5,4.0,2,37.0,5.8,7.5,10.0,0.2,0
EMP-04177,Engineering,Entry,Full-time,Hybrid,32,4.3,50100,4.6,1.3,7.0,0.1,1,31.5,8.9,9.2,8.0,8.7,0
EMP-04178,Engineering,Senior,Full-time,Hybrid,37,7.5,109600,3.7,0.1,9.6,4.3,2,32.2,8.2,7.9,7.8,1.5,0
EMP-04179,Sales,Senior,Full-time,Remote,49,9.6,88200,6.8,6.7,7.6,6.6,2,15.1,5.9,6.0,7.3,6.5,0
EMP-04180,Engineering,Entry,Part-time,On-site,32,2.8,35900,5.5,2.3,7.0,0.5,0,18.2,6.3,6.9,7.1,6.2,0
EMP-04181,Sales,Senior,Full-time,Remote,41,6.4,97600,6.8,4.3,4.1,4.5,2,7.9,7.1,7.5,8.1,7.3,1
EMP-04182,Finance,Manager,Full-time,Remote,40,9.4,114300,7.9,14.4,6.7,6.3,2,31.5,5.9,5.9,8.3,11.3,0
EMP-04183,Engineering,Mid,Full-time,Hybrid,22,0.9,72100,8.7,16.2,8.1,0.1,0,13.9,7.2,4.7,4.4,5.8,0
EMP-04184,Customer Success,Senior,Full-time,On-site,31,4.1,75300,9.8,20.4,7.6,0.8,1,15.9,5.2,4.8,6.9,10.3,0
EMP-04185,Operations,Mid,Full-time,Hybrid,32,0.2,54500,6.5,16.8,5.9,0.1,1,16.1,6.6,7.7,6.6,8.4,0
EMP-04186,Engineering,Senior,Full-time,On-site,33,4.5,104100,6.1,0.0,7.0,4.7,2,21.6,5.8,9.2,5.7,4.3,0
EMP-04187,Engineering,Entry,Full-time,Hybrid,25,1.4,45300,6.3,10.2,6.5,0.2,1,11.2,7.5,5.6,7.1,2.5,0
EMP-04188,Marketing,Entry,Full-time,Hybrid,25,3.1,37700,3.9,4.3,7.6,0.1,1,5.0,7.7,6.9,5.3,5.9,0
EMP-04189,Engineering,Entry,Full-time,On-site,27,1.1,61300,5.9,4.5,7.6,0.1,0,29.1,7.8,9.2,8.7,5.1,0
EMP-04190,Marketing,Mid,Full-time,Hybrid,31,4.3,65300,6.1,9.4,10.0,1.3,1,4.6,8.1,9.5,8.6,3.9,0
EMP-04191,Finance,Mid,Full-time,Remote,30,4.2,60100,6.7,17.6,7.9,0.2,1,21.6,7.3,5.6,8.1,19.5,0
EMP-04192,Engineering,Entry,Part-time,Hybrid,37,4.1,47800,5.7,9.3,8.5,0.5,1,40.4,8.1,7.3,7.2,10.0,0
EMP-04193,Marketing,Mid,Full-time,On-site,24,3.3,69900,3.9,3.1,7.7,0.1,0,8.8,7.4,7.8,7.4,11.2,0
EMP-04194,Marketing,Mid,Part-time,Hybrid,30,4.9,68200,5.2,7.5,4.7,2.4,1,31.4,5.6,6.1,6.8,9.1,0
EMP-04195,Customer Success,Mid,Full-time,On-site,31,3.2,61900,6.4,13.2,8.2,0.1,0,29.2,7.5,8.9,6.9,8.3,0
EMP-04196,HR,Mid,Full-time,On-site,24,3.3,79300,3.8,0.0,8.4,0.1,0,45.3,9.1,7.2,7.1,2.3,0
EMP-04197,Engineering,Senior,Full-time,On-site,40,5.6,91600,6.7,12.6,10.0,4.0,1,42.0,6.3,6.5,7.1,6.3,0
EMP-04198,Operations,Entry,Part-time,Hybrid,36,4.3,48000,5.6,6.9,6.6,1.3,2,25.1,6.8,5.9,8.0,4.3,0
EMP-04199,Marketing,Senior,Full-time,On-site,36,3.2,85800,7.1,15.7,4.3,0.1,0,19.6,5.7,6.8,8.1,13.4,0
EMP-04200,Engineering,Senior,Full-time,Hybrid,47,7.1,96500,6.0,1.2,5.7,2.4,2,14.4,6.5,6.7,7.1,8.1,0
EMP-04201,Operations,Entry,Full-time,Remote,35,4.9,45600,5.2,12.6,6.9,4.3,1,22.5,7.5,6.4,5.9,4.4,0
EMP-04202,Finance,Mid,Full-time,Hybrid,31,3.8,64500,6.4,4.4,8.0,0.6,1,23.9,8.0,9.9,9.5,10.8,0
EMP-04203,Sales,Mid,Full-time,Hybrid,42,8.5,71700,3.6,0.0,5.5,6.5,2,19.6,6.3,7.2,7.1,6.8,0
EMP-04204,HR,Mid,Full-time,Remote,30,3.8,79900,5.1,0.0,8.0,1.0,2,4.7,8.8,8.7,7.4,1.6,0
EMP-04205,Finance,Mid,Full-time,On-site,35,3.0,59900,6.5,5.3,6.6,0.3,0,13.7,7.6,6.5,6.3,0.1,0
EMP-04206,Customer Success,Entry,Full-time,Hybrid,22,0.2,48000,5.5,7.9,6.8,0.1,1,30.8,6.9,6.7,6.7,4.3,0
EMP-04207,Operations,Manager,Full-time,Hybrid,38,7.3,114000,8.6,15.7,6.2,2.1,3,28.1,7.1,4.5,7.5,8.7,1
EMP-04208,Finance,Mid,Full-time,Remote,30,5.6,74700,4.2,0.0,4.8,4.7,2,22.7,8.5,7.9,6.8,0.0,0
EMP-04209,Marketing,Entry,Full-time,Hybrid,47,6.5,46900,6.6,9.3,7.6,2.7,1,46.8,6.1,7.4,9.0,0.9,0
EMP-04210,HR,Mid,Full-time,Hybrid,39,3.4,54600,7.9,15.7,7.3,0.1,0,19.8,6.3,6.6,4.0,6.6,1
EMP-04211,HR,Mid,Full-time,On-site,34,2.6,70500,6.8,5.8,6.3,0.1,0,24.3,8.6,8.0,8.6,3.4,0
EMP-04212,Engineering,Senior,Part-time,Hybrid,39,7.3,96700,6.8,0.0,6.9,2.1,2,41.8,6.3,7.3,7.2,0.5,0
EMP-04213,Finance,Senior,Full-time,On-site,35,7.2,66600,5.0,7.0,5.4,4.3,2,35.2,4.6,4.6,6.4,11.9,0
EMP-04214,Customer Success,Mid,Full-time,Hybrid,26,3.9,63300,4.7,5.0,10.0,0.9,1,31.6,6.2,7.1,7.6,5.9,0
EMP-04215,Customer Success,Entry,Full-time,On-site,33,2.9,39300,5.6,10.6,8.9,0.1,1,40.5,7.0,6.9,7.2,10.5,0
EMP-04216,Engineering,Entry,Full-time,Hybrid,25,2.6,44400,5.8,3.1,8.1,1.2,0,8.4,7.5,8.5,7.5,6.5,0
EMP-04217,Engineering,Mid,Full-time,Hybrid,22,0.2,88800,6.6,16.2,7.1,0.1,0,21.4,5.7,4.9,6.0,2.5,0
EMP-04218,Operations,Entry,Full-time,Hybrid,32,4.4,52300,3.5,3.0,5.8,1.9,2,28.6,7.1,6.5,6.9,5.3,0
EMP-04219,Operations,Senior,Full-time,On-site,42,7.4,93000,6.0,13.7,6.4,5.2,2,30.5,5.8,6.3,8.5,12.2,1
EMP-04220,Engineering,Senior,Part-time,Hybrid,44,6.8,88900,6.7,3.3,4.1,5.4,2,19.3,5.5,5.8,6.1,5.6,0
EMP-04221,Marketing,Senior,Full-time,Hybrid,37,5.9,104800,9.5,18.3,7.0,0.8,1,25.4,5.5,5.8,6.4,7.7,1
EMP-04222,Customer Success,Senior,Full-time,On-site,32,5.4,103700,8.8,24.8,7.5,0.1,1,14.1,7.2,6.5,8.1,8.3,0
EMP-04223,Operations,Mid,Full-time,On-site,32,2.8,66800,6.4,23.8,7.8,2.1,0,12.3,5.4,4.7,7.3,5.9,1
EMP-04224,Customer Success,Mid,Full-time,Hybrid,38,6.0,62600,5.2,5.9,9.1,1.6,1,22.7,7.7,5.6,9.8,10.8,0
EMP-04225,Sales,Entry,Full-time,On-site,24,0.2,31600,6.9,5.7,7.0,0.1,0,40.6,7.3,6.3,6.0,4.5,0
EMP-04226,Engineering,Mid,Full-time,Hybrid,29,5.9,73200,7.9,19.9,5.2,1.7,2,9.8,6.3,4.4,6.7,9.2,0
EMP-04227,Sales,Mid,Full-time,On-site,30,4.1,58100,5.9,0.5,5.5,1.0,1,18.1,6.1,8.4,9.4,6.8,0
EMP-04228,Engineering,Mid,Full-time,On-site,29,2.0,65700,8.2,11.6,7.2,0.1,0,11.2,5.2,6.1,8.6,5.8,1
EMP-04229,Customer Success,Senior,Full-time,Hybrid,43,7.9,88100,6.1,17.9,8.7,6.3,2,4.8,5.3,3.9,6.6,15.7,0
EMP-04230,Sales,Manager,Full-time,On-site,35,6.1,110500,2.7,0.0,5.9,3.8,1,10.5,8.9,8.2,6.2,2.2,0
EMP-04231,Customer Success,Senior,Full-time,Hybrid,40,8.8,94300,7.3,18.3,10.0,4.6,3,22.1,7.6,7.4,8.2,7.5,1
EMP-04232,Engineering,Senior,Full-time,On-site,41,9.8,92200,4.9,0.0,4.8,8.3,3,10.4,6.8,6.9,7.7,6.7,0
EMP-04233,Customer Success,Senior,Full-time,Remote,39,9.0,78100,9.0,25.5,5.0,5.3,3,28.2,4.7,4.8,6.4,18.6,1
EMP-04234,Marketing,Mid,Full-time,Remote,30,3.7,74600,5.6,0.0,7.0,0.6,2,29.0,4.8,5.8,4.3,0.3,0
EMP-04235,Sales,Mid,Full-time,Hybrid,26,2.3,70500,5.9,13.6,6.9,0.1,0,3.3,4.8,4.4,7.6,3.7,0
EMP-04236,Sales,Manager,Full-time,On-site,36,6.6,109000,6.7,0.0,9.6,3.1,1,34.1,8.9,7.9,8.4,7.9,0
EMP-04237,Marketing,Senior,Full-time,Hybrid,30,3.7,76700,6.5,14.1,5.5,3.2,1,36.7,5.4,5.5,4.9,0.0,0
EMP-04238,Operations,Mid,Full-time,On-site,31,4.2,78700,7.1,9.4,5.5,3.5,1,10.2,6.0,5.0,6.0,6.2,1
EMP-04239,Customer Success,Senior,Full-time,Remote,39,4.9,75400,3.4,1.3,5.5,0.1,1,29.7,6.9,6.0,6.8,4.1,0
EMP-04240,Marketing,Mid,Full-time,Hybrid,40,3.3,72400,6.7,4.0,7.3,0.1,0,37.6,6.1,6.6,6.2,7.4,0
EMP-04241,HR,Mid,Full-time,On-site,33,4.9,67800,6.9,19.7,7.8,1.5,1,32.4,6.9,5.1,7.8,10.8,0
EMP-04242,Marketing,Manager,Full-time,Remote,31,5.8,125500,5.4,0.0,5.3,5.8,1,9.8,4.8,6.6,7.6,7.3,0
EMP-04243,Operations,Manager,Full-time,Hybrid,31,5.4,104800,6.3,0.0,6.9,0.6,1,24.8,7.3,7.5,7.3,3.1,0
EMP-04244,HR,Manager,Full-time,On-site,45,9.8,94600,4.8,9.2,5.9,6.4,3,18.8,7.3,6.8,8.1,4.1,0
EMP-04245,Customer Success,Mid,Full-time,On-site,31,2.5,58400,5.7,2.4,7.7,0.1,0,31.2,6.9,9.5,10.0,6.0,0
EMP-04246,HR,Entry,Full-time,Hybrid,31,2.8,34100,5.2,1.6,5.2,0.1,0,29.6,6.0,5.8,6.2,9.6,0
EMP-04247,Engineering,Mid,Full-time,Hybrid,27,3.6,74400,5.3,0.0,8.1,0.1,1,14.6,7.6,6.5,6.6,1.8,0
EMP-04248,Finance,Senior,Full-time,On-site,40,5.7,81900,5.0,12.9,6.2,2.6,1,4.9,5.0,8.2,9.3,7.8,0
EMP-04249,Customer Success,Entry,Full-time,On-site,23,0.2,56800,9.2,10.2,6.7,0.1,0,31.6,7.1,9.0,7.7,5.5,0
EMP-04250,Customer Success,Entry,Full-time,On-site,41,2.6,52600,8.0,15.8,5.7,1.3,0,43.2,3.5,4.2,4.5,4.8,0
EMP-04251,Engineering,Senior,Full-time,Hybrid,36,8.4,109200,6.8,11.3,8.4,5.8,2,0.0,6.9,6.8,7.3,6.1,0
EMP-04252,HR,Entry,Full-time,Hybrid,21,1.1,47800,5.4,4.3,5.9,0.4,0,32.5,7.3,7.0,6.6,11.5,0
EMP-04253,Engineering,Entry,Full-time,On-site,21,0.2,47400,6.5,14.4,7.5,0.1,0,24.6,4.3,4.2,5.4,8.2,1
EMP-04254,Engineering,Entry,Full-time,Hybrid,21,3.0,41000,6.6,6.8,5.6,0.3,0,38.0,6.8,4.9,5.5,5.8,1
EMP-04255,Operations,Manager,Full-time,Hybrid,36,7.7,104300,9.0,28.7,6.5,5.0,3,34.6,4.9,5.0,7.3,10.2,1
EMP-04256,Operations,Mid,Full-time,Hybrid,33,2.9,60600,6.7,4.6,4.7,3.0,0,24.6,7.5,6.4,4.3,9.2,1
EMP-04257,Customer Success,Mid,Full-time,On-site,36,5.7,70100,5.9,10.5,4.6,1.8,1,14.6,4.7,4.0,6.3,11.1,1
EMP-04258,Finance,Mid,Full-time,On-site,30,4.2,59600,6.3,6.7,8.0,1.8,1,25.9,7.2,6.7,7.2,1.0,0
EMP-04259,Operations,Mid,Full-time,Hybrid,28,5.2,51700,7.7,7.7,5.3,1.7,1,3.9,6.6,4.3,6.7,6.0,0
EMP-04260,HR,Manager,Full-time,Hybrid,38,8.0,111500,5.3,5.8,3.8,5.2,3,18.4,4.6,5.3,7.5,7.0,1
EMP-04261,Engineering,Mid,Full-time,Hybrid,42,5.9,73700,7.7,10.2,8.1,1.0,1,30.5,7.4,7.5,6.9,15.2,0
EMP-04262,Marketing,Mid,Full-time,Remote,31,4.1,56000,7.8,12.1,8.7,0.3,1,8.0,3.7,5.9,7.6,10.1,0
EMP-04263,Customer Success,Mid,Full-time,On-site,34,4.6,57000,5.3,14.8,4.8,1.8,2,9.8,4.2,4.9,5.9,7.5,0
EMP-04264,HR,Manager,Full-time,Hybrid,28,7.7,114700,5.3,7.0,7.4,6.1,2,37.1,7.9,8.3,8.2,5.7,0
EMP-04265,Customer Success,Mid,Full-time,On-site,33,7.3,63600,6.8,0.2,6.5,1.8,2,23.3,6.4,6.3,8.5,7.1,0
EMP-04266,Engineering,Mid,Full-time,Remote,32,4.6,78900,4.8,11.7,9.2,0.7,1,25.6,5.9,6.6,6.7,2.8,0
EMP-04267,HR,Manager,Full-time,Hybrid,47,7.6,111900,5.8,8.9,6.2,5.7,3,15.5,4.2,5.4,7.0,6.1,0
EMP-04268,HR,Senior,Full-time,On-site,33,7.7,84200,4.4,3.7,8.6,5.6,2,31.6,7.5,7.3,8.9,7.0,0
EMP-04269,Engineering,Mid,Full-time,On-site,22,1.3,83000,6.0,0.0,6.7,0.1,0,38.7,7.0,6.9,6.4,7.7,0
EMP-04270,Engineering,Mid,Full-time,Hybrid,38,4.2,75400,6.0,3.9,9.1,0.1,1,1.1,6.1,6.7,8.6,11.8,0
EMP-04271,Engineering,Senior,Full-time,Hybrid,40,8.1,90300,4.9,6.3,6.2,5.6,2,19.8,4.5,6.0,5.2,8.5,0
EMP-04272,Customer Success,Manager,Full-time,Remote,42,9.0,95400,7.4,9.9,8.2,7.4,2,29.8,5.9,7.5,6.8,5.1,0
EMP-04273,Engineering,Mid,Full-time,Hybrid,34,5.5,70200,5.7,0.0,7.5,1.4,1,16.9,8.6,7.0,6.6,5.2,0
EMP-04274,Operations,Manager,Full-time,On-site,46,10.6,106500,6.9,12.9,8.9,9.3,4,4.7,4.4,4.8,7.4,5.5,1
EMP-04275,Sales,Manager,Part-time,Hybrid,32,6.1,101300,4.4,1.5,8.2,1.9,1,28.1,9.1,9.3,8.4,8.0,1
EMP-04276,Marketing,Entry,Full-time,Hybrid,36,3.1,38300,3.8,0.0,5.8,2.3,0,28.7,6.2,5.8,6.4,3.2,0
EMP-04277,Finance,Senior,Full-time,Hybrid,48,11.3,89300,7.0,11.2,7.4,8.3,4,33.3,4.8,5.7,6.0,9.1,0
EMP-04278,HR,Senior,Full-time,Hybrid,37,6.6,103200,6.8,5.3,5.8,6.7,1,32.9,5.2,6.6,7.9,8.3,0
EMP-04279,Operations,Entry,Full-time,On-site,23,0.5,30000,5.3,0.0,7.3,0.1,0,28.9,8.0,8.1,7.7,6.7,0
EMP-04280,Operations,Entry,Part-time,On-site,23,2.5,41000,5.9,4.3,8.1,0.1,0,26.0,5.7,7.0,6.8,12.9,0
EMP-04281,Engineering,Entry,Full-time,On-site,33,5.7,69800,6.4,11.9,7.8,2.5,2,20.1,5.1,7.6,6.5,3.1,0
EMP-04282,Customer Success,Mid,Full-time,On-site,21,0.2,63300,7.8,7.3,5.8,0.1,0,28.2,5.2,5.1,7.8,9.8,1
EMP-04283,Marketing,Entry,Full-time,Hybrid,29,3.5,47600,8.8,25.4,4.7,1.7,1,35.9,3.4,3.4,4.7,1.1,0
EMP-04284,Customer Success,Entry,Full-time,On-site,22,0.2,43600,7.0,8.1,8.3,0.1,0,49.6,7.5,8.8,7.4,3.1,0
EMP-04285,Engineering,Entry,Part-time,Hybrid,26,0.7,63000,6.7,8.9,4.4,0.3,0,28.4,5.6,6.4,6.8,12.5,0
EMP-04286,Engineering,Senior,Full-time,On-site,42,6.6,87400,6.8,10.0,7.2,3.3,1,11.5,5.8,5.4,7.6,0.0,0
EMP-04287,Marketing,Entry,Part-time,Hybrid,24,0.2,45100,5.6,0.0,6.3,0.1,1,29.8,6.7,7.8,6.4,7.3,0
EMP-04288,Engineering,Manager,Full-time,Hybrid,40,8.8,127000,6.8,11.1,5.9,5.9,2,9.8,4.6,5.7,8.6,2.0,0
EMP-04289,Customer Success,Entry,Full-time,Remote,31,0.2,49300,3.2,0.0,8.4,0.1,0,36.3,7.5,7.2,7.2,0.0,0
EMP-04290,Customer Success,Mid,Full-time,Hybrid,32,2.2,53500,5.0,2.9,4.1,0.1,0,12.2,7.2,6.3,7.1,4.5,0
EMP-04291,Engineering,Mid,Full-time,Hybrid,38,5.8,78800,4.2,0.0,8.5,1.7,1,19.2,8.4,8.4,7.9,5.6,0
EMP-04292,Operations,Entry,Full-time,On-site,35,4.5,44300,9.1,22.7,7.4,0.5,1,25.9,5.8,6.9,9.4,14.8,0
EMP-04293,Marketing,Mid,Part-time,Hybrid,33,5.9,68200,5.6,2.6,8.3,5.4,1,27.2,6.0,5.6,8.0,2.5,0
EMP-04294,HR,Senior,Full-time,Hybrid,39,7.6,83100,7.6,7.7,7.5,4.9,2,27.3,6.3,4.1,5.7,16.7,0
EMP-04295,Marketing,Mid,Full-time,Hybrid,29,4.4,70200,5.1,4.5,6.4,0.9,1,13.3,7.0,7.0,5.7,4.9,0
EMP-04296,Operations,Entry,Full-time,Hybrid,28,2.8,51100,4.6,13.2,9.1,2.2,0,29.8,7.4,7.0,9.1,1.0,0
EMP-04297,Operations,Mid,Full-time,Hybrid,28,4.4,61800,7.2,20.2,5.5,1.4,2,27.4,4.5,4.4,5.8,4.3,1
EMP-04298,Sales,Entry,Full-time,On-site,34,2.3,30000,5.0,0.5,4.5,0.1,0,38.5,6.3,8.2,7.1,2.1,0
EMP-04299,Finance,Entry,Full-time,Remote,28,3.4,48700,6.1,0.0,8.4,1.3,0,37.7,7.5,7.5,6.4,5.0,0
EMP-04300,Operations,Mid,Full-time,Hybrid,42,6.3,65300,5.2,4.8,5.3,4.8,1,1.4,4.8,5.8,7.0,11.9,0
EMP-04301,Marketing,Entry,Full-time,On-site,23,0.2,59600,5.8,9.1,9.5,0.1,0,44.9,7.9,7.7,5.7,4.6,0
EMP-04302,Engineering,Mid,Full-time,Hybrid,25,2.2,78600,6.4,5.2,7.1,0.1,0,21.7,8.5,7.6,8.9,2.4,0
EMP-04303,Marketing,Senior,Full-time,Hybrid,23,2.9,87700,6.0,5.6,7.8,0.5,0,18.9,8.8,7.2,8.6,8.0,0
EMP-04304,HR,Entry,Full-time,Hybrid,27,3.7,50500,5.4,8.2,6.7,2.1,1,26.9,6.0,7.6,7.1,5.0,0
EMP-04305,Customer Success,Mid,Full-time,Hybrid,39,4.2,64200,9.1,12.9,7.1,0.9,1,53.3,6.5,8.0,7.2,9.0,0
EMP-04306,Marketing,Entry,Full-time,Hybrid,28,1.0,48500,5.4,6.3,7.9,0.1,1,27.1,7.4,7.9,6.1,6.7,0
EMP-04307,Engineering,Manager,Full-time,Hybrid,36,7.3,113600,6.6,25.0,8.3,1.3,2,27.0,6.9,7.0,7.7,7.9,0
EMP-04308,Sales,Entry,Full-time,Hybrid,26,1.3,39100,4.6,13.4,7.3,0.1,0,13.5,5.7,5.0,4.6,0.4,0
EMP-04309,Operations,Mid,Full-time,Hybrid,42,5.6,57400,7.0,10.7,7.5,1.3,1,26.8,5.9,7.4,7.8,7.9,0
EMP-04310,Sales,Senior,Full-time,On-site,36,6.3,83600,6.4,10.1,7.4,1.7,1,1.3,6.9,6.8,7.2,4.3,0
EMP-04311,Customer Success,Entry,Full-time,Hybrid,30,5.1,42300,7.2,15.6,5.2,1.1,1,27.4,5.7,5.8,7.7,8.1,0
EMP-04312,Engineering,Mid,Full-time,On-site,38,7.0,62000,6.5,3.9,8.0,0.7,2,24.1,6.3,7.6,9.1,8.9,0
EMP-04313,Finance,Mid,Full-time,On-site,35,5.4,66500,7.6,14.2,10.0,1.2,1,10.3,9.7,8.5,7.8,3.8,0
EMP-04314,Customer Success,Senior,Full-time,On-site,38,5.8,100500,7.9,22.5,8.4,1.0,1,22.6,5.8,4.5,7.6,7.6,1
EMP-04315,Finance,Mid,Full-time,On-site,31,4.3,67800,9.9,22.7,9.5,0.1,1,13.2,6.0,6.0,7.1,9.9,0
EMP-04316,Sales,Entry,Full-time,On-site,31,2.6,52100,4.0,3.7,7.6,0.1,0,27.6,7.7,7.5,6.4,3.9,0
EMP-04317,Customer Success,Senior,Full-time,Hybrid,42,8.0,89200,7.4,16.6,7.0,6.5,3,17.0,6.9,6.3,6.9,7.8,0
EMP-04318,Engineering,Entry,Full-time,Hybrid,21,2.6,65300,6.6,14.7,5.3,1.4,1,36.2,5.6,3.3,7.6,4.5,0
EMP-04319,Operations,Senior,Full-time,On-site,37,7.4,83700,5.2,13.6,6.8,4.0,3,21.2,6.8,5.0,7.5,2.2,0
EMP-04320,Customer Success,Entry,Full-time,On-site,28,2.6,42800,8.3,21.2,7.1,0.1,0,31.5,5.0,5.8,8.4,9.2,0
EMP-04321,Engineering,Mid,Full-time,Hybrid,33,6.2,56100,5.5,0.1,5.7,3.2,2,19.2,7.2,6.2,7.7,6.6,0
EMP-04322,Finance,Mid,Full-time,Hybrid,32,3.8,64600,7.1,2.5,8.1,0.8,1,38.3,8.3,4.9,5.0,4.8,0
EMP-04323,Operations,Mid,Full-time,On-site,28,3.4,56000,6.1,9.2,6.2,0.1,0,23.3,7.3,6.4,4.4,5.3,0
EMP-04324,Customer Success,Mid,Full-time,Hybrid,35,4.7,85600,5.8,5.0,7.4,2.0,1,0.0,6.7,6.2,8.7,3.2,0
EMP-04325,Operations,Mid,Full-time,Hybrid,30,3.4,54500,7.0,10.5,7.1,0.1,0,20.2,7.7,5.8,6.0,14.1,0
EMP-04326,Engineering,Senior,Full-time,On-site,34,5.9,82400,8.5,5.2,5.0,0.5,1,40.9,4.8,6.4,7.5,3.9,1
EMP-04327,HR,Senior,Full-time,On-site,36,6.5,105700,3.5,0.0,6.3,5.4,1,28.4,7.4,7.3,6.1,4.1,0
EMP-04328,Engineering,Mid,Full-time,Hybrid,29,3.6,82400,5.9,10.1,9.0,0.1,1,5.5,8.0,5.7,7.8,1.8,1
EMP-04329,Customer Success,Entry,Full-time,Hybrid,34,2.3,33200,8.4,9.5,7.3,1.0,0,37.6,5.7,5.7,5.6,7.7,0
EMP-04330,Marketing,Entry,Full-time,Hybrid,22,2.4,43400,4.8,0.0,10.0,0.1,1,22.8,10.0,9.9,9.6,6.2,0
EMP-04331,Finance,Entry,Full-time,On-site,23,2.0,40200,7.3,14.8,8.0,0.1,0,20.8,5.8,4.6,6.6,11.7,1
EMP-04332,Customer Success,Senior,Full-time,Hybrid,35,7.2,91000,5.1,11.0,7.3,3.7,2,21.2,7.1,6.3,7.0,10.9,0
EMP-04333,Operations,Entry,Full-time,On-site,29,2.1,33000,2.9,0.0,8.0,2.5,0,39.1,6.8,6.6,7.3,0.0,0
EMP-04334,Engineering,Mid,Part-time,Hybrid,34,4.4,69300,5.2,0.0,7.2,0.1,2,25.1,7.5,8.1,7.0,2.4,0
EMP-04335,Operations,Mid,Full-time,Hybrid,28,3.6,57600,6.9,5.3,6.1,0.1,1,18.5,7.7,7.1,5.9,8.4,0
EMP-04336,Engineering,Mid,Full-time,Hybrid,39,3.3,73300,6.0,8.4,5.8,1.6,0,24.0,5.2,6.0,7.8,7.6,0
EMP-04337,Engineering,Mid,Full-time,Hybrid,32,2.8,79800,6.0,0.3,6.3,0.1,0,16.8,7.5,5.2,4.6,2.3,0
EMP-04338,Engineering,Senior,Full-time,On-site,41,6.1,94300,5.6,0.5,7.2,4.3,1,29.1,6.1,7.9,8.1,8.3,0
EMP-04339,Marketing,Mid,Full-time,Hybrid,29,4.7,65900,8.3,19.5,8.5,0.1,1,19.9,5.1,3.9,6.5,8.3,0
EMP-04340,Engineering,Mid,Full-time,On-site,27,3.9,78100,8.1,0.7,9.2,0.1,1,24.8,7.6,6.4,7.3,3.3,0
EMP-04341,Finance,Manager,Full-time,Hybrid,36,7.6,124800,5.5,6.4,7.1,2.2,2,9.5,7.1,6.0,5.7,4.0,0
EMP-04342,Marketing,Mid,Full-time,Remote,36,3.5,80700,6.8,5.3,7.0,0.1,2,37.9,6.1,7.4,6.3,10.7,0
EMP-04343,Finance,Mid,Full-time,Hybrid,39,3.6,78800,6.2,0.0,4.6,1.4,1,19.7,6.1,6.5,4.8,4.8,0
EMP-04344,Sales,Entry,Full-time,Hybrid,31,1.7,48400,5.5,4.9,6.5,0.1,1,35.1,6.3,4.8,3.5,7.3,0
EMP-04345,Engineering,Entry,Full-time,Remote,21,1.1,64400,4.9,10.6,5.3,0.1,0,12.8,5.3,5.0,4.9,4.7,1
EMP-04346,Customer Success,Mid,Full-time,Hybrid,33,1.9,67000,5.5,3.0,5.5,0.3,0,21.9,5.9,6.2,6.9,9.0,0
EMP-04347,HR,Senior,Full-time,Hybrid,36,4.9,66700,4.9,12.7,6.5,1.8,1,25.7,8.1,8.7,9.1,9.7,0
EMP-04348,Sales,Entry,Full-time,On-site,21,0.2,46000,6.1,7.3,6.3,0.1,0,28.0,7.4,8.2,7.3,5.5,0
EMP-04349,Finance,Entry,Full-time,Hybrid,24,3.5,34300,9.7,14.6,7.6,1.2,1,22.4,5.7,6.5,5.7,11.2,1
EMP-04350,Engineering,Mid,Full-time,Remote,36,6.3,77700,5.9,3.1,5.0,3.7,1,17.8,8.3,8.4,6.9,2.4,0
EMP-04351,Engineering,Mid,Full-time,Hybrid,31,3.5,83100,7.0,12.5,7.3,0.1,1,28.0,4.0,5.3,4.8,2.9,0
EMP-04352,Customer Success,Mid,Full-time,Hybrid,26,1.4,72000,5.0,7.3,7.0,0.9,0,38.0,6.0,6.1,6.5,6.0,0
EMP-04353,Finance,Mid,Full-time,On-site,34,4.1,79900,6.0,14.0,7.2,0.1,1,30.0,5.6,4.8,6.0,1.6,0
EMP-04354,Sales,Senior,Full-time,On-site,29,5.0,90900,5.3,2.5,6.6,1.8,1,12.3,6.8,4.5,6.9,5.3,0
EMP-04355,HR,Entry,Full-time,Remote,22,0.2,49200,6.1,16.5,3.6,0.1,1,46.0,5.2,4.4,4.2,10.0,0
EMP-04356,HR,Senior,Full-time,On-site,27,3.5,83700,6.3,10.1,7.9,0.6,1,4.9,5.9,5.3,6.8,4.6,0
EMP-04357,Engineering,Mid,Full-time,Hybrid,29,5.3,74700,7.3,13.6,4.9,1.2,1,23.4,4.4,4.5,5.4,7.7,0
EMP-04358,Operations,Entry,Full-time,On-site,25,1.1,37500,5.4,0.0,5.0,0.1,1,33.6,5.2,6.3,6.0,11.2,0
EMP-04359,Engineering,Senior,Full-time,On-site,44,6.8,86800,4.9,0.0,7.8,2.1,1,18.0,7.8,5.3,6.4,1.3,0
EMP-04360,Sales,Mid,Full-time,Hybrid,33,7.1,59700,7.6,12.6,5.1,2.7,2,33.3,4.7,8.7,8.1,13.5,1
EMP-04361,Marketing,Senior,Full-time,Hybrid,34,4.0,102500,4.1,0.0,8.6,0.3,1,24.8,7.4,8.7,8.1,2.6,0
EMP-04362,Customer Success,Mid,Full-time,Hybrid,32,3.1,64900,6.4,6.0,7.1,0.1,1,22.9,5.7,6.4,6.0,2.2,0
EMP-04363,Operations,Entry,Full-time,Hybrid,25,2.6,36400,2.8,0.0,7.4,0.1,0,22.9,8.8,8.7,5.9,0.0,0
EMP-04364,Finance,Senior,Full-time,On-site,36,7.8,100100,7.5,12.8,8.2,6.1,2,19.6,7.4,6.6,8.9,6.6,0
EMP-04365,Operations,Entry,Full-time,Remote,30,3.1,53300,8.1,16.3,8.2,0.1,0,29.1,6.2,6.3,9.5,5.6,0
EMP-04366,Engineering,Entry,Full-time,Hybrid,22,0.2,58900,6.9,8.2,7.6,0.1,0,35.3,5.5,4.4,4.9,0.0,0
EMP-04367,HR,Senior,Full-time,On-site,39,9.9,90200,4.9,1.8,4.8,6.0,3,33.0,4.5,6.2,8.4,7.4,0
EMP-04368,Operations,Entry,Full-time,Hybrid,21,0.2,42500,8.7,17.4,8.2,0.1,1,40.3,6.4,7.2,6.9,10.5,0
EMP-04369,Marketing,Senior,Full-time,Hybrid,38,7.0,94600,5.5,9.5,6.5,3.5,2,34.0,6.8,6.5,6.8,10.1,0
EMP-04370,Operations,Senior,Full-time,Hybrid,37,7.3,72900,7.6,18.8,7.9,1.4,3,25.6,7.4,7.9,7.6,8.2,0
EMP-04371,Marketing,Mid,Full-time,Hybrid,43,9.1,71600,7.3,5.4,5.6,7.0,2,27.1,4.4,4.2,5.8,1.5,1
EMP-04372,Engineering,Entry,Full-time,Remote,21,1.4,52500,6.1,13.4,6.9,0.1,1,48.7,6.5,5.1,7.1,13.1,0
EMP-04373,Engineering,Senior,Part-time,On-site,38,8.5,89300,9.0,21.4,8.2,3.4,2,15.7,5.3,5.3,7.9,9.2,1
EMP-04374,Customer Success,Senior,Full-time,Hybrid,38,8.4,85900,6.4,13.4,7.3,2.8,2,32.1,6.5,5.8,8.1,0.7,0
EMP-04375,Engineering,Mid,Full-time,Hybrid,28,4.0,54000,7.5,13.8,8.0,1.5,1,3.9,5.1,6.1,8.3,10.3,1
EMP-04376,Sales,Entry,Full-time,Hybrid,29,2.2,45800,5.3,0.0,8.7,0.1,0,20.8,9.5,8.5,8.0,4.6,0
EMP-04377,Engineering,Senior,Full-time,On-site,41,5.9,92200,7.2,17.9,8.2,3.3,1,22.6,7.7,6.1,7.6,13.5,0
EMP-04378,Finance,Senior,Full-time,Hybrid,37,7.6,107900,4.7,13.9,4.6,4.2,2,38.1,4.6,5.5,5.9,10.7,0
EMP-04379,Customer Success,Entry,Full-time,On-site,23,1.4,41100,7.8,10.3,10.0,0.1,1,30.1,7.7,6.4,8.6,4.5,0
EMP-04380,Marketing,Entry,Full-time,Hybrid,27,0.7,38200,6.8,2.9,5.9,0.4,0,21.2,6.6,6.1,6.7,2.3,0
EMP-04381,Engineering,Senior,Full-time,Remote,40,7.9,88000,7.4,15.6,8.2,5.7,3,17.0,5.3,4.4,7.0,8.2,0
EMP-04382,Engineering,Senior,Full-time,Hybrid,30,6.1,96000,4.4,0.0,8.5,4.3,1,17.5,6.2,7.7,7.3,7.0,0
EMP-04383,Engineering,Mid,Full-time,On-site,30,0.7,66200,5.7,8.4,7.5,0.1,1,29.7,7.2,7.9,6.8,1.6,0
EMP-04384,Operations,Entry,Full-time,Hybrid,21,0.2,43000,8.5,9.2,7.0,0.1,1,44.0,6.6,4.9,7.3,0.5,1
EMP-04385,Marketing,Mid,Full-time,Hybrid,27,2.8,57700,6.3,15.0,5.8,0.1,1,23.0,5.5,6.8,6.1,4.4,0
EMP-04386,Operations,Mid,Full-time,On-site,44,7.5,68400,6.7,18.8,7.1,1.4,2,12.2,5.0,4.9,6.3,10.9,0
EMP-04387,Engineering,Mid,Full-time,Hybrid,34,5.7,71300,6.2,15.4,8.0,4.5,1,42.4,6.1,5.5,8.0,5.0,0
EMP-04388,Sales,Mid,Full-time,Hybrid,33,2.4,47500,7.7,9.2,7.1,0.1,0,33.1,5.8,6.1,7.4,7.3,0
EMP-04389,Operations,Entry,Full-time,Hybrid,33,1.0,41400,5.6,4.8,8.5,0.1,0,43.7,6.5,8.4,6.1,2.3,0
EMP-04390,Sales,Mid,Full-time,On-site,36,5.9,68800,4.9,0.0,7.0,4.3,2,33.7,5.7,6.6,6.9,5.0,0
EMP-04391,Sales,Mid,Full-time,On-site,34,3.4,61200,7.8,4.8,7.3,0.1,0,29.1,7.5,7.3,9.2,7.3,1
EMP-04392,Customer Success,Senior,Full-time,Hybrid,41,9.4,90000,7.5,13.4,9.4,6.4,3,10.3,5.9,5.8,6.0,3.1,0
EMP-04393,Customer Success,Manager,Full-time,On-site,43,10.7,104600,5.1,4.3,7.7,5.3,3,24.6,7.7,7.5,6.4,3.6,0
EMP-04394,Engineering,Mid,Full-time,Remote,22,0.4,79100,5.1,1.1,6.1,0.1,1,19.5,5.3,6.4,6.8,3.5,0
EMP-04395,HR,Senior,Full-time,On-site,38,7.5,100400,6.0,13.5,4.8,3.3,2,39.5,6.4,5.1,6.6,11.6,0
EMP-04396,Finance,Entry,Full-time,On-site,22,1.0,50700,4.5,0.0,7.8,0.1,1,22.3,9.6,9.6,7.3,1.0,0
EMP-04397,Operations,Entry,Full-time,On-site,22,2.3,30000,5.3,5.3,8.0,0.9,0,49.2,7.1,7.5,7.7,1.7,0
EMP-04398,Finance,Entry,Full-time,Remote,28,0.2,41000,4.6,0.7,5.6,0.1,1,32.7,9.3,8.5,7.5,0.6,0
EMP-04399,Engineering,Mid,Full-time,Hybrid,35,5.7,78800,3.2,4.0,7.9,1.6,2,14.6,7.1,5.8,6.6,4.3,0
EMP-04400,HR,Senior,Full-time,On-site,40,5.4,98700,6.7,10.6,6.8,0.3,2,43.4,6.0,6.2,7.2,0.7,0
EMP-04401,Operations,Mid,Full-time,Hybrid,38,5.2,67200,8.7,15.8,5.3,2.1,2,53.0,4.5,2.7,4.3,9.8,1
EMP-04402,Operations,Senior,Full-time,On-site,41,8.0,79500,6.4,6.0,6.4,5.0,2,27.5,6.0,7.2,8.0,4.7,1
EMP-04403,Marketing,Senior,Full-time,On-site,42,7.5,96000,9.2,33.3,5.0,3.8,2,29.8,4.3,5.2,6.3,6.1,1
EMP-04404,Engineering,Mid,Full-time,On-site,32,6.4,73700,5.1,8.1,10.0,4.6,1,18.1,7.9,8.2,7.3,4.3,0
EMP-04405,HR,Mid,Full-time,Hybrid,33,3.5,83700,7.8,0.8,6.3,0.1,1,10.1,5.7,4.3,5.9,0.2,0
EMP-04406,Engineering,Entry,Full-time,On-site,28,4.8,71900,5.6,1.8,9.7,4.7,1,42.5,8.9,8.4,8.2,5.1,0
EMP-04407,Engineering,Senior,Full-time,Hybrid,25,4.6,95000,4.8,13.8,5.6,4.3,2,36.9,5.2,5.7,8.4,5.4,0
EMP-04408,Sales,Mid,Full-time,Hybrid,25,2.9,60700,5.9,2.9,7.6,0.5,1,16.9,8.7,6.7,4.3,2.1,0
EMP-04409,Sales,Manager,Full-time,Remote,40,10.9,97600,8.4,18.5,5.7,6.9,4,12.2,5.8,4.7,7.5,15.4,1
EMP-04410,Customer Success,Mid,Full-time,On-site,35,5.8,75700,5.9,0.0,6.3,2.1,1,24.8,6.0,5.9,7.9,2.8,1
EMP-04411,Finance,Entry,Full-time,On-site,22,0.2,66500,4.2,2.5,6.6,0.1,1,21.1,7.8,8.3,9.5,2.9,0
EMP-04412,Operations,Mid,Full-time,Hybrid,34,4.6,35300,4.6,7.0,7.0,1.0,1,20.9,6.7,5.5,7.3,5.4,0
EMP-04413,HR,Entry,Full-time,On-site,31,2.6,43200,9.4,15.4,6.9,1.7,0,59.3,5.5,5.2,6.9,9.3,1
EMP-04414,Operations,Mid,Full-time,On-site,33,5.1,64300,7.1,1.1,6.1,1.1,1,15.5,7.3,7.5,6.1,5.4,0
EMP-04415,HR,Mid,Full-time,On-site,34,1.3,59500,5.1,2.1,9.8,0.1,1,32.4,8.7,8.7,8.6,8.5,0
EMP-04416,HR,Entry,Full-time,On-site,21,0.2,43000,7.7,11.4,7.8,0.1,0,27.3,7.1,7.9,5.8,5.3,0
EMP-04417,Finance,Senior,Full-time,Hybrid,34,6.7,83700,7.0,2.6,4.8,4.4,2,31.0,6.1,5.9,5.7,8.0,0
EMP-04418,Sales,Entry,Full-time,Hybrid,21,2.6,49200,5.5,1.4,6.0,0.1,1,45.0,7.1,7.0,5.7,3.2,0
EMP-04419,Engineering,Senior,Full-time,On-site,36,6.5,98100,4.4,0.0,5.0,1.7,1,31.1,7.7,6.4,6.0,7.7,0
EMP-04420,Engineering,Mid,Full-time,On-site,32,4.5,75000,7.7,9.2,7.1,2.7,1,29.7,5.8,5.3,6.9,7.3,0
EMP-04421,Marketing,Senior,Full-time,On-site,41,6.2,92800,7.4,14.5,5.8,2.7,1,24.9,6.4,6.4,7.6,8.5,0
EMP-04422,HR,Mid,Full-time,On-site,36,5.0,83100,4.0,0.4,6.4,0.3,1,33.8,6.2,6.7,5.9,2.8,0
EMP-04423,Marketing,Entry,Full-time,On-site,24,0.2,30000,6.1,4.3,6.5,0.1,0,18.2,5.3,6.7,8.4,6.3,0
EMP-04424,Finance,Mid,Part-time,On-site,32,4.6,71900,8.9,25.3,6.5,0.5,2,37.3,5.8,3.7,6.5,7.9,1
EMP-04425,Operations,Mid,Full-time,Hybrid,30,5.1,67400,7.1,16.1,8.5,2.3,1,8.1,4.9,7.1,7.0,9.5,1
EMP-04426,Marketing,Mid,Full-time,Hybrid,34,5.5,68200,8.2,20.3,7.5,1.4,2,25.6,6.5,6.0,7.4,5.9,1
EMP-04427,Customer Success,Entry,Full-time,Hybrid,26,1.8,55800,7.2,12.5,7.6,0.1,0,19.3,7.2,5.5,6.1,7.6,0
EMP-04428,Operations,Entry,Full-time,Hybrid,28,1.2,30100,8.3,12.6,8.1,0.1,1,38.2,7.0,5.6,8.7,3.8,0
EMP-04429,Operations,Entry,Full-time,On-site,31,0.2,46600,6.1,8.4,8.1,0.1,0,26.6,6.4,7.1,7.6,4.0,0
EMP-04430,HR,Mid,Full-time,Hybrid,33,6.2,66900,7.1,14.2,6.9,3.5,1,27.4,6.5,7.4,7.5,7.7,0
EMP-04431,Operations,Senior,Full-time,Remote,41,8.0,80000,4.9,10.9,6.7,3.4,2,30.0,8.3,7.1,7.7,7.7,0
EMP-04432,Sales,Mid,Part-time,On-site,33,2.7,58700,6.1,10.6,7.7,2.3,0,0.0,7.0,5.5,6.2,6.5,0
EMP-04433,HR,Entry,Full-time,On-site,21,3.0,48800,7.3,8.8,5.5,2.0,0,32.4,4.7,6.0,5.8,5.5,1
EMP-04434,Customer Success,Mid,Full-time,On-site,34,5.5,49600,9.2,22.4,6.0,3.0,2,11.5,4.6,5.5,6.8,4.1,1
EMP-04435,Engineering,Manager,Full-time,On-site,30,5.6,107300,8.4,21.6,8.5,5.3,1,21.3,3.1,4.4,6.5,12.6,0
EMP-04436,Marketing,Mid,Full-time,On-site,34,2.7,73800,5.4,0.0,5.9,0.2,0,0.0,6.9,6.3,6.5,4.0,0
EMP-04437,Customer Success,Mid,Full-time,On-site,35,3.6,61900,9.0,23.3,6.7,2.7,1,37.8,5.1,4.8,5.5,12.1,1
EMP-04438,Customer Success,Entry,Full-time,Remote,31,3.6,38400,5.7,22.9,7.3,3.4,2,33.6,6.2,6.0,8.3,6.2,0
EMP-04439,Operations,Mid,Full-time,Hybrid,36,7.9,66500,6.8,1.3,8.6,3.5,3,23.2,7.5,7.9,8.5,8.7,0
EMP-04440,Finance,Entry,Full-time,Hybrid,36,4.2,60600,6.4,3.5,8.9,2.2,2,45.9,6.6,7.1,6.2,0.0,0
EMP-04441,Sales,Entry,Full-time,Hybrid,37,2.7,38200,6.7,8.3,8.2,0.1,0,33.6,5.5,8.6,6.2,7.2,0
EMP-04442,Engineering,Mid,Full-time,Hybrid,29,3.8,62100,5.8,0.0,7.3,1.3,2,31.1,8.4,7.9,6.4,6.0,0
EMP-04443,Finance,Mid,Full-time,Remote,30,3.5,64700,6.9,8.8,7.3,0.1,1,24.6,6.1,4.8,5.0,2.9,0
EMP-04444,Finance,Manager,Full-time,Remote,30,6.6,108600,5.9,22.6,9.1,2.5,1,8.7,7.4,5.1,8.2,13.2,1
EMP-04445,Engineering,Mid,Full-time,On-site,34,3.4,84700,5.7,2.3,7.6,1.2,0,28.3,7.2,7.8,8.0,10.7,0
EMP-04446,Sales,Mid,Full-time,Remote,27,2.9,80800,5.8,0.3,7.4,0.1,1,27.3,7.0,6.6,6.8,8.1,0
EMP-04447,Operations,Manager,Full-time,On-site,40,9.8,105500,7.4,7.9,9.2,7.0,3,15.2,6.0,6.1,6.8,4.1,1
EMP-04448,HR,Senior,Full-time,Hybrid,45,9.1,95200,5.6,7.1,8.3,4.6,2,39.0,6.1,6.7,5.7,6.0,0
EMP-04449,Marketing,Manager,Full-time,Remote,40,10.0,105900,4.1,0.0,2.4,8.7,2,21.6,7.5,4.5,7.9,6.9,0
EMP-04450,Operations,Senior,Full-time,On-site,40,10.5,105200,7.2,12.8,6.6,8.5,3,8.6,5.6,5.8,7.3,5.4,1
EMP-04451,Customer Success,Entry,Full-time,On-site,26,2.6,41900,8.3,19.7,5.4,0.3,0,25.1,7.0,6.9,5.3,6.8,0
EMP-04452,Sales,Mid,Full-time,On-site,30,7.7,64400,7.7,12.6,7.3,5.2,2,17.9,6.4,6.6,8.2,8.0,0
EMP-04453,Customer Success,Mid,Full-time,Hybrid,30,5.5,61700,5.7,15.5,6.6,0.9,2,14.9,7.4,7.3,7.2,11.5,0
EMP-04454,Sales,Senior,Full-time,Hybrid,47,7.8,75200,5.8,0.0,8.1,5.9,2,4.6,6.0,7.3,7.4,7.8,0
EMP-04455,Marketing,Entry,Full-time,Remote,23,1.4,48200,6.3,5.0,5.7,0.1,0,29.1,7.3,7.2,7.6,4.7,0
EMP-04456,Customer Success,Senior,Full-time,On-site,40,7.4,90500,9.8,22.1,6.3,3.5,2,13.0,4.7,4.0,7.3,9.1,1
EMP-04457,Marketing,Senior,Full-time,Hybrid,33,5.2,90500,3.5,3.2,9.2,3.1,2,55.5,8.2,7.5,9.1,1.0,0
EMP-04458,Operations,Senior,Full-time,Remote,42,6.8,91400,5.2,2.9,8.9,2.1,1,29.0,6.5,6.4,7.3,7.3,0
EMP-04459,Customer Success,Mid,Full-time,Hybrid,29,3.6,62700,8.7,22.7,9.5,0.1,2,19.3,6.1,6.0,5.3,4.1,0
EMP-04460,Engineering,Entry,Full-time,Hybrid,31,2.5,56200,6.3,8.2,7.5,0.4,1,0.0,6.6,4.6,6.4,3.7,0
EMP-04461,Operations,Senior,Full-time,Hybrid,48,8.0,83600,8.4,9.3,4.3,3.8,3,34.2,5.8,6.7,10.0,3.7,0
EMP-04462,Operations,Senior,Full-time,On-site,39,7.8,90900,7.2,17.4,8.3,5.6,3,20.6,4.7,5.9,7.2,6.6,1
EMP-04463,Sales,Mid,Full-time,On-site,26,4.9,39100,6.6,8.2,6.2,0.9,2,20.8,7.4,7.7,6.7,12.2,0
EMP-04464,Customer Success,Senior,Part-time,Hybrid,34,6.4,88200,4.6,7.5,5.5,1.3,2,24.5,5.7,6.0,6.8,7.1,0
EMP-04465,Finance,Senior,Part-time,Remote,30,1.4,98100,5.0,0.7,6.6,0.1,0,27.1,7.0,7.0,7.9,3.1,0
EMP-04466,Engineering,Entry,Full-time,On-site,33,4.0,63300,8.0,10.2,8.1,3.4,1,16.6,7.2,5.9,8.7,11.5,0
EMP-04467,Sales,Senior,Full-time,Hybrid,38,4.2,91200,5.7,6.4,7.9,2.2,2,29.6,8.5,6.5,5.5,4.8,0
EMP-04468,Operations,Mid,Full-time,Hybrid,30,5.5,68600,6.2,5.4,7.8,2.2,2,23.8,8.1,6.0,7.8,10.7,0
EMP-04469,Customer Success,Entry,Full-time,On-site,23,2.3,51300,4.7,6.3,6.4,0.1,0,25.3,8.0,6.3,7.3,7.4,0
EMP-04470,Marketing,Senior,Full-time,Hybrid,36,7.4,97500,4.2,0.9,5.7,5.6,2,40.9,5.9,5.2,7.7,10.4,1
EMP-04471,Sales,Senior,Full-time,On-site,37,7.2,91400,5.5,3.6,7.5,2.0,2,32.2,7.0,6.6,8.3,5.0,0
EMP-04472,HR,Senior,Full-time,Hybrid,45,8.1,78600,6.4,10.0,6.1,5.0,2,33.3,5.2,6.5,6.2,0.0,0
EMP-04473,Operations,Manager,Full-time,On-site,50,9.7,99600,5.1,6.8,8.5,7.9,2,0.4,8.4,9.2,7.0,3.2,0
EMP-04474,Finance,Senior,Full-time,Hybrid,44,9.7,99700,6.2,0.8,9.0,7.2,2,34.9,7.6,6.9,7.7,0.0,0
EMP-04475,HR,Mid,Part-time,On-site,31,2.9,56300,6.3,17.5,8.7,0.1,0,30.3,8.4,8.3,7.6,6.8,0
EMP-04476,HR,Mid,Full-time,Hybrid,33,5.6,84800,7.1,6.4,7.0,3.4,1,7.0,6.8,7.3,8.6,6.4,0
EMP-04477,Finance,Entry,Full-time,Hybrid,22,0.2,47900,5.3,0.0,7.3,0.1,0,29.5,7.2,7.8,5.4,4.0,0
EMP-04478,Operations,Senior,Full-time,Hybrid,36,9.3,86600,6.3,13.0,6.0,4.7,3,18.7,7.4,6.3,7.1,5.0,1
EMP-04479,Operations,Mid,Full-time,On-site,36,6.2,61100,7.6,11.6,7.8,2.6,1,17.7,6.2,6.7,8.8,4.4,0
EMP-04480,Operations,Mid,Full-time,Remote,29,0.8,44200,7.7,11.0,7.0,0.1,0,30.3,8.1,9.0,5.9,9.7,0
EMP-04481,Operations,Mid,Full-time,On-site,33,6.4,60100,9.0,14.0,6.0,2.8,2,22.2,4.5,4.8,5.7,7.4,1
EMP-04482,Customer Success,Mid,Full-time,On-site,33,5.3,65500,8.9,18.6,7.5,1.6,2,27.4,4.9,4.4,7.7,15.2,1
EMP-04483,Finance,Mid,Full-time,Hybrid,31,1.8,67900,5.5,0.3,6.6,0.1,0,35.8,6.4,6.3,6.0,4.7,1
EMP-04484,Customer Success,Senior,Full-time,On-site,43,5.2,76400,7.9,20.9,4.9,0.1,1,0.0,6.0,7.2,5.5,11.0,0
EMP-04485,Customer Success,Mid,Full-time,On-site,26,3.1,59000,6.7,10.4,8.2,0.1,0,20.2,5.6,7.8,6.6,6.7,0
EMP-04486,Customer Success,Mid,Full-time,On-site,36,8.7,68700,4.7,3.5,5.9,6.4,2,15.8,5.5,7.3,7.5,6.2,1
EMP-04487,Sales,Entry,Full-time,On-site,26,0.2,33200,5.4,7.9,5.9,0.1,0,22.5,6.9,6.1,7.8,3.4,0
EMP-04488,Engineering,Mid,Part-time,On-site,21,0.2,83900,7.0,16.0,7.6,0.1,0,27.0,6.6,7.4,4.9,8.2,0
EMP-04489,Finance,Senior,Full-time,Hybrid,40,7.3,93900,5.4,6.2,6.4,3.0,2,35.7,7.2,6.2,8.2,13.3,0
EMP-04490,Finance,Mid,Full-time,Hybrid,21,0.2,64400,6.7,9.2,6.6,0.1,1,23.8,5.5,6.9,6.5,7.5,0
EMP-04491,Operations,Entry,Full-time,Hybrid,25,0.3,36500,7.4,14.3,7.4,0.1,1,43.5,5.8,6.9,8.5,4.4,0
EMP-04492,Marketing,Entry,Full-time,On-site,23,1.3,30000,4.4,0.0,9.0,0.1,0,24.1,7.4,8.5,6.2,3.3,0
EMP-04493,Sales,Mid,Full-time,Hybrid,30,4.9,62000,5.0,14.5,7.9,1.2,2,0.0,5.8,5.5,5.6,10.7,0
EMP-04494,Finance,Mid,Full-time,Remote,32,3.2,77900,6.4,1.4,7.1,0.1,1,17.2,5.9,6.3,7.9,3.6,0
EMP-04495,Engineering,Mid,Full-time,On-site,35,5.1,59900,6.0,0.0,7.2,2.6,2,23.7,5.5,6.0,8.4,1.9,0
EMP-04496,Engineering,Mid,Full-time,Hybrid,22,0.8,80500,7.5,20.6,6.3,0.1,0,28.9,5.2,7.7,5.7,10.8,0
EMP-04497,Customer Success,Entry,Full-time,Hybrid,25,2.2,30000,6.2,18.0,7.5,0.1,1,16.2,5.3,6.0,6.2,0.0,0
EMP-04498,Operations,Entry,Full-time,Hybrid,25,4.5,38900,4.3,0.5,7.4,3.1,1,22.9,9.2,7.1,6.0,5.4,0
EMP-04499,Finance,Mid,Full-time,Hybrid,31,3.3,65900,5.8,20.9,8.6,0.7,0,21.4,6.5,6.6,6.2,6.5,0
EMP-04500,Engineering,Entry,Full-time,On-site,39,6.2,47700,5.9,14.1,9.2,5.7,1,30.7,5.9,6.7,9.3,8.7,0
EMP-04501,Operations,Senior,Full-time,Remote,46,7.7,87600,6.3,5.1,7.5,6.6,2,15.5,7.3,7.2,9.9,3.8,0
EMP-04502,Sales,Mid,Full-time,Hybrid,25,2.3,57900,6.2,3.9,4.0,0.1,0,27.9,7.2,6.1,6.8,5.4,0
EMP-04503,Sales,Mid,Full-time,Hybrid,35,3.6,65900,5.4,10.6,8.3,0.1,1,22.2,9.5,8.4,7.2,2.7,0
EMP-04504,Operations,Entry,Full-time,Hybrid,22,0.2,43100,7.2,19.6,7.5,0.1,0,37.6,7.3,5.7,6.8,7.0,0
EMP-04505,Operations,Manager,Full-time,Hybrid,40,9.1,102000,8.8,17.6,7.6,4.6,3,13.0,5.6,6.1,8.6,12.8,0
EMP-04506,Engineering,Manager,Full-time,On-site,40,6.8,120100,5.2,7.3,5.4,5.5,1,31.7,6.5,5.8,5.9,1.6,0
EMP-04507,Finance,Mid,Full-time,Hybrid,35,2.4,66400,6.9,15.7,7.1,0.1,0,24.1,5.5,4.9,6.7,3.2,0
EMP-04508,Marketing,Mid,Part-time,Remote,33,4.6,74900,4.8,4.3,4.7,2.5,1,12.1,6.3,6.4,6.0,0.0,0
EMP-04509,HR,Senior,Full-time,On-site,34,9.2,86100,6.5,16.8,7.9,4.4,3,17.6,6.1,6.5,8.1,11.5,0
EMP-04510,Finance,Mid,Full-time,On-site,30,7.0,65000,7.7,10.1,6.8,2.0,2,6.8,5.1,4.6,9.0,7.4,1
EMP-04511,Sales,Mid,Full-time,Hybrid,37,1.5,63900,7.2,13.7,6.5,0.1,0,17.5,6.7,7.2,6.7,10.4,0
EMP-04512,Sales,Mid,Full-time,Remote,35,5.4,67200,8.5,21.2,7.7,1.3,2,25.2,5.3,3.9,5.6,12.1,1
EMP-04513,Sales,Mid,Full-time,Remote,47,6.1,68800,5.0,1.1,8.9,1.4,1,37.7,7.8,6.0,9.5,6.7,0
EMP-04514,Engineering,Senior,Full-time,Remote,51,10.6,89800,6.4,0.3,5.7,8.0,4,16.2,6.6,6.3,5.6,5.2,1
EMP-04515,Sales,Entry,Full-time,Hybrid,29,4.5,69100,5.6,14.9,6.8,1.9,1,27.9,5.3,7.0,7.1,7.6,0
EMP-04516,Sales,Mid,Full-time,On-site,33,5.7,76700,4.8,0.0,8.2,1.7,1,26.3,8.3,7.9,8.4,0.0,0
EMP-04517,Operations,Mid,Full-time,Hybrid,30,3.9,67800,5.8,18.7,6.7,0.1,1,15.6,7.3,6.5,7.6,9.7,0
EMP-04518,Operations,Senior,Full-time,On-site,34,7.1,95300,7.0,8.9,7.7,2.5,3,19.8,6.2,5.6,6.3,8.5,0
EMP-04519,Operations,Manager,Part-time,Remote,41,7.9,107900,5.9,6.3,8.0,7.3,3,20.2,5.6,6.8,8.4,6.5,0
EMP-04520,Sales,Mid,Full-time,On-site,24,2.3,65500,5.6,12.6,8.9,1.0,0,36.9,6.6,7.2,6.4,5.5,0
EMP-04521,Customer Success,Senior,Full-time,On-site,39,6.3,93900,6.6,16.4,5.8,2.3,2,42.0,6.1,6.4,5.5,5.5,1
EMP-04522,Engineering,Entry,Full-time,Remote,29,0.6,61600,9.4,9.1,6.4,0.1,1,33.1,4.7,4.1,3.9,9.0,0
EMP-04523,HR,Mid,Full-time,Hybrid,31,4.0,77700,7.2,5.7,6.9,2.3,2,21.5,5.8,7.6,7.9,7.8,0
EMP-04524,Marketing,Mid,Full-time,Hybrid,34,4.1,65000,6.3,4.8,5.0,0.1,1,22.1,5.9,6.1,8.0,3.5,1
EMP-04525,Operations,Senior,Full-time,On-site,38,7.6,90700,5.8,13.9,6.2,6.9,2,26.0,7.2,7.8,7.9,9.6,0
EMP-04526,HR,Manager,Full-time,Hybrid,46,9.2,104200,5.3,12.0,5.8,8.5,2,37.5,6.8,7.3,9.1,7.4,1
EMP-04527,Customer Success,Mid,Full-time,Hybrid,33,1.9,70500,9.2,19.8,7.2,0.1,0,25.7,6.9,6.2,6.5,8.9,0
EMP-04528,Customer Success,Mid,Full-time,Remote,35,5.2,63500,8.9,14.9,9.7,0.2,2,34.2,3.8,5.9,6.4,5.1,0
EMP-04529,Customer Success,Mid,Full-time,On-site,36,3.9,71700,8.2,7.4,6.1,1.0,2,15.8,5.9,5.6,4.9,8.7,1
EMP-04530,HR,Mid,Full-time,Hybrid,36,3.8,46900,8.2,4.8,5.0,0.1,1,16.4,6.3,5.2,6.4,5.1,0
EMP-04531,Marketing,Manager,Full-time,Hybrid,36,7.3,87400,6.0,16.6,5.3,6.9,2,32.8,5.1,6.7,9.0,7.1,1
EMP-04532,Engineering,Senior,Full-time,On-site,38,5.7,107600,5.0,0.0,6.2,2.5,1,22.7,7.7,7.3,6.5,5.2,0
EMP-04533,Finance,Mid,Full-time,On-site,35,2.6,71100,3.7,0.0,5.6,0.1,0,2.3,8.7,7.2,6.2,0.0,0
EMP-04534,Engineering,Mid,Full-time,Hybrid,33,4.3,85700,8.0,8.0,8.9,0.6,1,11.5,8.8,5.9,9.7,0.0,0
EMP-04535,Sales,Entry,Full-time,On-site,21,0.2,56100,4.6,10.1,8.3,0.1,0,19.7,7.4,5.5,6.6,3.6,0
EMP-04536,Operations,Mid,Full-time,Hybrid,27,5.4,70600,6.5,5.0,7.5,0.9,1,8.1,7.7,7.7,5.8,6.1,0
EMP-04537,Marketing,Manager,Full-time,Hybrid,38,6.2,113900,6.7,4.5,5.2,2.0,1,30.8,7.3,6.8,7.1,3.4,0
EMP-04538,Operations,Senior,Full-time,Remote,45,8.5,105500,7.1,8.9,7.9,3.4,2,26.1,5.3,8.5,10.0,4.4,0
EMP-04539,Engineering,Mid,Full-time,On-site,26,2.7,69600,4.0,0.0,2.4,0.1,1,19.1,7.3,5.7,6.1,1.8,0
EMP-04540,HR,Manager,Full-time,On-site,41,7.6,99900,4.2,8.8,5.9,7.0,2,18.1,8.6,6.4,8.7,6.4,0
EMP-04541,Customer Success,Mid,Full-time,Hybrid,25,1.2,64900,7.4,5.3,5.3,0.1,0,1.5,5.9,4.5,5.9,11.4,0
EMP-04542,Sales,Senior,Full-time,Remote,36,5.9,110000,7.6,5.3,7.4,3.1,1,11.6,5.3,5.4,5.8,9.7,0
EMP-04543,HR,Manager,Full-time,On-site,49,9.3,103500,7.6,8.6,7.5,9.7,3,22.3,5.1,5.9,6.4,7.5,1
EMP-04544,Engineering,Entry,Full-time,Hybrid,21,1.7,62100,4.5,0.0,6.9,0.1,0,39.5,7.7,7.7,7.4,4.5,0
EMP-04545,Engineering,Senior,Full-time,Remote,42,6.9,93300,5.6,0.0,9.7,3.4,1,15.1,8.2,8.4,6.6,9.0,0
EMP-04546,Sales,Mid,Full-time,Hybrid,40,3.9,71000,5.3,9.6,5.9,1.1,2,13.9,7.0,5.5,6.7,0.0,0
EMP-04547,Operations,Senior,Part-time,Hybrid,28,4.0,83000,6.1,11.3,7.6,2.9,1,22.8,6.7,5.8,7.6,3.8,1
EMP-04548,Marketing,Senior,Full-time,On-site,47,8.8,81200,5.0,0.0,6.5,6.6,3,43.6,4.9,6.4,6.9,15.5,1
EMP-04549,Operations,Senior,Full-time,Hybrid,36,5.8,76400,5.5,1.6,8.5,3.8,1,17.0,5.3,5.8,7.2,5.4,0
EMP-04550,Marketing,Entry,Full-time,Hybrid,23,1.3,46000,5.7,13.1,5.7,0.1,0,30.9,5.9,7.6,7.3,11.5,0
EMP-04551,HR,Entry,Full-time,On-site,29,2.7,40900,5.3,4.9,7.4,3.7,0,48.9,8.3,6.8,6.3,3.7,0
EMP-04552,Operations,Senior,Full-time,On-site,40,9.0,93200,6.6,13.9,8.3,8.0,3,8.4,5.2,5.9,6.1,3.1,1
EMP-04553,Customer Success,Entry,Full-time,On-site,32,7.1,35400,3.9,3.3,6.7,3.0,3,30.1,7.4,6.4,5.6,4.7,0
EMP-04554,Operations,Senior,Full-time,On-site,46,7.8,93900,5.7,10.2,7.7,2.8,3,35.9,7.0,8.7,7.1,5.2,0
EMP-04555,Operations,Entry,Full-time,On-site,34,4.4,46700,8.6,9.2,7.1,2.0,1,42.2,6.2,5.4,7.5,12.5,0
EMP-04556,Engineering,Mid,Full-time,Hybrid,32,7.3,93700,6.5,2.8,5.7,2.0,3,12.5,5.8,5.7,8.3,4.1,0
EMP-04557,Marketing,Senior,Full-time,Hybrid,47,8.2,82800,6.2,1.4,6.0,5.4,2,13.8,5.9,7.2,7.0,0.0,0
EMP-04558,Customer Success,Senior,Full-time,Hybrid,42,11.1,89000,6.6,15.7,8.7,8.6,3,13.2,5.8,7.1,8.4,5.2,0
EMP-04559,Engineering,Mid,Full-time,Hybrid,27,4.2,88600,7.6,9.0,10.0,1.6,1,30.1,6.9,7.3,7.7,6.1,0
EMP-04560,Customer Success,Manager,Full-time,On-site,35,6.4,110000,5.6,4.6,8.1,2.7,1,38.4,6.2,7.9,8.7,4.6,0
EMP-04561,Engineering,Mid,Full-time,Remote,32,3.7,81500,8.5,10.1,7.3,0.3,1,20.9,7.2,6.5,7.6,5.0,0
EMP-04562,Customer Success,Manager,Full-time,Remote,39,6.1,116300,7.4,13.9,8.4,0.8,1,28.5,7.0,6.7,6.8,8.6,0
EMP-04563,Engineering,Mid,Full-time,Remote,35,4.8,76300,6.9,8.3,5.9,2.1,1,27.9,6.5,6.6,7.2,10.0,0
EMP-04564,Operations,Mid,Full-time,On-site,29,4.1,67400,5.8,7.6,6.6,1.5,2,37.0,9.4,7.9,6.5,5.7,0
EMP-04565,Engineering,Mid,Full-time,On-site,26,1.7,72700,7.1,11.8,3.4,0.1,0,25.2,6.9,7.0,5.3,11.2,0
EMP-04566,Sales,Senior,Full-time,Hybrid,33,4.7,89200,6.7,5.3,6.2,1.3,1,30.1,7.7,9.0,5.3,4.0,0
EMP-04567,Operations,Entry,Full-time,Hybrid,24,0.2,30000,4.1,16.7,6.3,0.1,0,25.8,6.7,6.3,6.0,5.9,0
EMP-04568,Customer Success,Mid,Full-time,On-site,35,3.0,62500,6.9,20.9,10.0,2.6,1,16.1,4.9,5.4,6.1,8.0,0
EMP-04569,Sales,Senior,Full-time,Hybrid,38,7.9,91200,6.9,1.2,8.9,6.7,2,20.9,7.0,7.0,8.3,7.3,0
EMP-04570,Engineering,Mid,Full-time,Hybrid,24,2.8,67600,6.2,5.0,5.5,0.1,0,34.6,5.3,7.4,6.1,9.0,1
EMP-04571,Finance,Mid,Full-time,Hybrid,34,2.4,79700,4.7,4.4,7.5,0.1,1,11.2,8.6,8.1,8.7,5.5,0
EMP-04572,Operations,Mid,Full-time,Hybrid,34,5.2,56300,4.9,5.9,8.8,4.2,2,21.2,6.9,7.0,7.8,1.6,0
EMP-04573,Engineering,Entry,Full-time,On-site,29,2.0,72900,8.1,14.0,10.0,0.1,1,14.9,7.1,7.2,5.8,14.1,0
EMP-04574,Operations,Entry,Full-time,Hybrid,27,3.3,48100,6.2,18.0,7.5,1.0,0,28.5,8.8,6.9,6.3,4.0,0
EMP-04575,Engineering,Manager,Full-time,On-site,27,3.1,111900,7.5,17.6,8.1,0.1,0,26.0,5.7,7.0,5.5,14.5,0
EMP-04576,Customer Success,Mid,Part-time,Remote,24,3.2,62600,3.9,10.1,5.9,0.1,0,20.2,7.6,6.8,8.0,3.3,0
EMP-04577,Engineering,Entry,Full-time,On-site,27,2.1,32900,4.8,7.6,7.9,0.7,0,17.0,5.9,8.2,8.5,4.5,0
EMP-04578,Operations,Entry,Full-time,Hybrid,32,1.3,43300,8.4,13.6,6.6,0.1,1,38.0,6.5,4.7,5.1,10.8,0
EMP-04579,Operations,Mid,Full-time,On-site,29,3.7,69700,3.7,0.0,7.6,3.2,1,27.4,9.2,7.6,5.9,9.2,0
EMP-04580,Sales,Mid,Full-time,Hybrid,28,3.4,80100,5.4,8.9,8.8,0.1,1,28.5,7.6,7.3,8.0,3.7,0
EMP-04581,Marketing,Entry,Full-time,On-site,29,3.5,38100,7.3,15.4,9.0,0.7,1,40.3,6.0,6.8,7.3,3.0,0
EMP-04582,Marketing,Senior,Full-time,Remote,44,9.4,84100,5.5,9.8,6.1,8.2,2,34.2,6.2,6.6,8.2,6.0,1
EMP-04583,HR,Mid,Full-time,On-site,45,8.2,61200,7.3,20.7,6.5,4.1,3,23.8,6.3,4.1,6.8,13.5,1
EMP-04584,Finance,Manager,Full-time,Hybrid,35,6.3,106600,3.9,1.8,8.9,2.8,2,7.7,7.2,7.9,9.1,0.0,0
EMP-04585,Customer Success,Mid,Full-time,Remote,37,3.8,64600,5.9,7.4,8.3,0.1,1,32.7,6.5,5.6,5.9,9.6,0
EMP-04586,Engineering,Senior,Full-time,Hybrid,43,10.8,95400,5.5,5.5,7.4,7.2,3,11.9,6.9,6.3,6.9,1.7,0
EMP-04587,Engineering,Entry,Full-time,Remote,26,2.5,67900,7.0,13.0,5.7,0.4,0,36.8,5.5,7.1,5.4,8.4,0
EMP-04588,Engineering,Mid,Full-time,Remote,25,6.5,59200,7.9,2.0,6.3,2.8,1,9.2,5.0,5.9,6.3,4.8,0
EMP-04589,Engineering,Senior,Full-time,Remote,30,6.9,104900,7.8,17.8,4.5,3.1,1,9.1,3.7,4.5,6.5,8.5,1
EMP-04590,Finance,Entry,Full-time,Hybrid,35,4.7,48600,7.9,11.7,8.8,0.1,1,18.6,6.3,4.6,7.1,0.0,0
EMP-04591,Operations,Manager,Full-time,On-site,37,9.7,106300,7.3,3.9,6.5,7.3,3,26.6,8.0,6.0,6.3,10.9,0
EMP-04592,Operations,Mid,Full-time,On-site,36,7.0,75800,7.1,6.0,6.1,2.2,2,37.2,4.9,7.1,8.7,8.2,1
EMP-04593,Sales,Entry,Full-time,Hybrid,28,0.3,48500,5.4,17.7,3.9,0.1,1,30.2,5.9,6.6,6.4,3.9,0
EMP-04594,Customer Success,Mid,Full-time,Hybrid,23,4.8,53500,6.5,4.2,9.1,0.1,1,26.5,6.9,8.1,7.1,8.7,0
EMP-04595,Operations,Entry,Full-time,On-site,25,2.8,44800,3.7,10.7,7.1,0.1,1,37.7,6.7,6.8,5.9,4.6,0
EMP-04596,Engineering,Senior,Full-time,Remote,33,6.6,102900,5.2,9.7,4.1,4.9,1,23.9,6.1,5.5,5.8,2.7,1
EMP-04597,Customer Success,Entry,Full-time,Hybrid,21,0.7,35600,4.4,2.9,7.4,0.1,0,29.0,7.6,8.1,7.1,2.1,0
EMP-04598,Customer Success,Manager,Full-time,Hybrid,38,8.6,92300,7.5,11.9,6.9,5.1,3,24.7,6.1,5.5,6.3,3.0,1
EMP-04599,HR,Senior,Full-time,On-site,40,5.6,106200,7.4,9.1,9.1,0.1,1,33.5,7.1,7.0,6.3,5.2,0
EMP-04600,Marketing,Senior,Full-time,Hybrid,29,3.9,77300,8.1,15.8,7.0,3.0,1,27.8,5.6,6.8,7.4,9.9,0
EMP-04601,Operations,Mid,Full-time,Hybrid,29,6.0,56900,4.3,0.8,6.5,4.0,1,35.3,6.4,5.9,8.4,1.5,1
EMP-04602,HR,Senior,Full-time,Remote,29,4.8,103700,6.2,0.9,7.5,0.9,1,16.9,6.9,6.6,5.7,7.2,0
EMP-04603,Sales,Entry,Full-time,On-site,30,3.1,38600,8.3,10.9,9.8,0.1,1,35.9,7.2,6.2,5.8,12.2,0
EMP-04604,Engineering,Entry,Full-time,Remote,25,4.2,62400,7.2,5.8,8.3,2.1,1,20.5,8.5,6.8,5.7,6.7,0
EMP-04605,Operations,Entry,Part-time,Remote,37,3.6,52000,4.0,11.5,7.9,0.1,1,22.5,6.6,6.4,7.4,7.7,0
EMP-04606,Finance,Senior,Full-time,Hybrid,35,4.7,88800,3.5,0.0,6.9,2.4,1,29.5,6.2,7.7,7.3,3.3,0
EMP-04607,Marketing,Entry,Part-time,Hybrid,29,0.6,56500,8.6,17.6,7.5,0.1,0,23.3,6.9,9.4,6.4,6.1,1
EMP-04608,Sales,Mid,Full-time,Hybrid,37,4.7,66700,5.0,1.0,7.3,2.8,2,8.8,7.1,6.7,5.5,0.0,0
EMP-04609,Operations,Mid,Full-time,Hybrid,38,6.6,47900,10.0,37.3,8.3,2.7,2,16.7,4.5,4.9,6.8,9.4,1
EMP-04610,Operations,Entry,Full-time,Hybrid,28,0.2,30000,5.0,10.0,8.9,0.1,0,42.8,6.9,7.1,5.1,5.6,0
EMP-04611,Marketing,Mid,Full-time,Hybrid,33,3.1,63700,7.3,23.3,6.4,0.1,0,6.4,4.1,3.6,5.7,4.8,0
EMP-04612,Customer Success,Mid,Full-time,On-site,32,3.3,72800,4.4,0.0,5.8,0.1,0,54.6,8.0,7.1,8.1,0.6,0
EMP-04613,Sales,Senior,Part-time,Remote,42,7.4,92300,7.3,17.4,3.7,4.1,2,30.3,6.1,6.9,7.9,0.0,1
EMP-04614,Operations,Entry,Full-time,On-site,21,0.2,39100,7.3,20.1,10.0,0.1,1,31.2,5.9,7.8,10.0,7.0,1
EMP-04615,Engineering,Senior,Full-time,On-site,33,3.5,91100,9.3,13.1,7.5,0.1,2,21.7,4.2,5.7,7.5,8.2,0
EMP-04616,Customer Success,Mid,Full-time,Remote,36,5.5,70900,4.9,9.3,9.4,2.6,1,15.9,7.3,8.0,6.4,1.5,0
EMP-04617,Customer Success,Senior,Full-time,Hybrid,44,9.0,93000,8.4,9.5,8.3,5.2,2,28.3,5.8,6.4,8.5,7.1,1
EMP-04618,Engineering,Mid,Full-time,Remote,29,5.8,64200,5.2,2.7,4.3,1.9,2,27.3,6.4,8.0,10.0,6.1,0
EMP-04619,Engineering,Senior,Full-time,On-site,40,6.4,112100,7.3,6.5,9.9,2.8,1,27.9,7.9,7.3,9.6,5.5,1
EMP-04620,Marketing,Entry,Full-time,Hybrid,42,7.0,51600,5.4,6.4,7.6,4.4,2,22.2,7.1,5.6,7.7,1.0,0
EMP-04621,Operations,Mid,Full-time,On-site,33,5.8,72100,6.5,14.5,6.8,2.1,1,17.6,6.8,8.9,8.4,0.6,0
EMP-04622,Finance,Entry,Full-time,On-site,28,2.1,55100,6.1,10.8,2.9,2.2,0,23.3,3.9,6.2,5.3,5.0,0
EMP-04623,Operations,Senior,Full-time,Remote,52,8.4,70500,4.6,6.1,6.5,4.5,2,29.3,8.8,5.3,5.9,2.3,0
EMP-04624,Engineering,Entry,Full-time,On-site,30,0.2,54400,8.6,13.9,5.9,0.1,0,14.7,4.0,6.6,7.3,9.2,0
EMP-04625,Engineering,Senior,Full-time,Hybrid,28,5.0,101300,5.0,11.2,8.0,1.5,1,18.4,5.4,5.7,5.5,7.3,0
EMP-04626,Engineering,Manager,Full-time,Hybrid,37,8.9,128100,8.0,18.0,6.5,6.3,3,25.8,4.7,3.7,7.2,11.7,1
EMP-04627,Engineering,Entry,Full-time,On-site,21,0.4,53000,6.2,3.6,7.5,0.1,0,31.2,6.9,7.0,7.8,0.0,0
EMP-04628,Customer Success,Entry,Full-time,Remote,25,2.6,34500,6.2,8.3,5.0,0.2,0,32.2,7.2,6.5,6.1,9.8,0
EMP-04629,Sales,Senior,Full-time,Hybrid,35,6.8,82100,8.3,16.9,6.3,0.1,1,31.3,6.1,5.9,6.5,7.9,0
EMP-04630,HR,Entry,Full-time,Hybrid,28,3.4,30000,3.9,13.0,8.7,0.1,0,36.0,8.6,7.3,9.5,9.4,0
EMP-04631,Engineering,Mid,Full-time,Hybrid,32,3.3,90600,5.4,6.5,8.4,0.4,1,11.5,7.8,7.2,8.3,9.2,0
EMP-04632,Engineering,Mid,Full-time,On-site,34,5.6,79500,8.0,14.9,8.6,1.6,2,33.7,6.8,6.9,8.5,9.3,0
EMP-04633,Operations,Entry,Full-time,Hybrid,23,0.2,53000,6.1,10.6,8.8,0.1,1,33.2,6.9,6.9,7.2,6.6,0
EMP-04634,Engineering,Senior,Full-time,Hybrid,38,8.2,107000,6.3,9.5,4.0,2.9,2,18.7,5.7,6.3,6.4,12.6,0
EMP-04635,Engineering,Senior,Part-time,Hybrid,33,5.4,99400,6.1,7.0,4.6,0.1,1,14.2,7.3,5.9,6.1,5.4,0
EMP-04636,Engineering,Mid,Full-time,On-site,28,3.8,77900,3.9,0.0,4.1,3.3,1,5.7,7.8,7.5,6.6,1.7,0
EMP-04637,Operations,Entry,Full-time,Hybrid,37,4.7,40100,7.2,20.6,6.4,0.1,1,27.0,5.1,6.8,6.9,4.1,0
EMP-04638,Sales,Senior,Full-time,On-site,34,4.8,78900,4.3,1.5,7.6,0.8,1,18.5,6.8,5.7,6.9,3.5,0
EMP-04639,Engineering,Mid,Full-time,Remote,38,7.6,91200,6.8,14.7,7.5,6.4,2,27.3,6.4,5.2,5.7,6.0,0
EMP-04640,Marketing,Mid,Full-time,Remote,34,5.4,64000,5.6,5.8,8.3,1.0,1,8.8,6.9,5.0,6.0,6.5,0
EMP-04641,Marketing,Senior,Full-time,On-site,38,6.7,100000,5.1,3.4,8.4,4.6,1,30.1,7.7,7.4,9.6,10.2,0
EMP-04642,Customer Success,Mid,Full-time,Hybrid,31,4.7,65300,7.0,17.4,8.1,0.5,1,13.7,6.5,6.9,8.0,2.2,0
EMP-04643,Engineering,Mid,Full-time,Hybrid,29,3.8,72000,6.8,1.3,8.2,0.1,2,14.2,9.1,8.1,7.7,3.8,0
EMP-04644,Sales,Manager,Full-time,Hybrid,42,9.5,102200,6.4,1.5,8.1,7.4,2,25.7,5.4,7.1,8.4,5.3,0
EMP-04645,Marketing,Entry,Full-time,Remote,26,0.9,49400,7.2,10.3,7.2,0.1,0,6.7,5.6,6.3,7.4,11.2,0
EMP-04646,Marketing,Entry,Full-time,On-site,24,0.2,41500,5.7,1.6,5.0,0.1,0,12.8,6.8,4.7,6.2,5.3,0
EMP-04647,Finance,Senior,Full-time,On-site,35,7.8,86200,6.6,0.0,8.6,4.9,2,32.8,7.4,9.1,8.6,9.9,0
EMP-04648,Sales,Entry,Full-time,Hybrid,26,3.9,64500,5.0,5.2,10.0,0.1,2,28.9,8.4,8.8,8.7,3.2,0
EMP-04649,Sales,Entry,Full-time,Hybrid,21,0.8,34700,3.7,0.0,9.2,0.1,0,36.6,7.2,8.2,8.3,5.7,0
EMP-04650,Marketing,Mid,Part-time,Remote,50,7.0,63900,6.6,5.6,4.5,3.4,3,11.0,6.6,6.8,6.4,1.1,0
EMP-04651,Operations,Entry,Full-time,Remote,31,2.6,37600,5.2,10.1,9.6,3.9,0,26.4,6.9,7.0,6.7,3.9,0
EMP-04652,Operations,Mid,Full-time,Remote,24,2.0,78200,5.5,4.4,4.0,0.1,0,14.4,5.8,6.7,4.0,1.8,0
EMP-04653,Customer Success,Senior,Full-time,Hybrid,50,9.6,81300,7.8,22.7,8.1,5.7,2,25.9,3.6,6.4,6.5,8.0,1
EMP-04654,Operations,Entry,Full-time,On-site,27,1.5,30000,6.0,14.1,7.3,0.1,1,46.8,6.3,5.3,7.0,5.6,0
EMP-04655,Operations,Mid,Part-time,Hybrid,36,4.6,60100,8.0,18.9,7.9,2.1,2,32.1,6.1,3.7,4.5,9.6,1
EMP-04656,HR,Manager,Full-time,On-site,36,5.7,107000,8.9,6.4,5.4,1.4,1,17.1,4.8,4.7,6.4,10.7,1
EMP-04657,Engineering,Manager,Full-time,Remote,41,7.4,123900,6.8,2.4,5.4,2.9,2,6.5,6.1,7.7,5.7,7.7,0
EMP-04658,Sales,Entry,Full-time,Hybrid,26,2.6,41600,6.6,19.4,4.1,1.4,1,16.5,3.3,1.7,4.4,10.3,0
EMP-04659,Marketing,Senior,Full-time,On-site,42,7.4,88300,5.1,4.4,5.4,5.3,2,21.0,6.0,6.3,6.3,8.3,0
EMP-04660,Marketing,Senior,Full-time,Hybrid,37,6.8,83700,8.6,7.8,6.2,3.7,1,38.9,6.0,5.5,4.9,7.0,0
EMP-04661,Customer Success,Mid,Part-time,Hybrid,39,4.3,72000,4.4,0.0,8.9,3.0,1,24.3,7.8,9.0,8.9,0.5,0
EMP-04662,Engineering,Manager,Full-time,Hybrid,43,8.0,119900,7.3,0.9,5.6,6.0,2,52.7,5.8,6.4,5.5,6.5,0
EMP-04663,Operations,Manager,Full-time,Hybrid,45,8.1,102400,5.1,2.9,6.3,5.4,3,21.5,7.2,6.5,5.8,10.9,0
EMP-04664,Customer Success,Senior,Full-time,Remote,35,6.7,101800,6.4,20.5,6.7,4.1,1,31.1,5.4,5.6,9.3,4.1,0
EMP-04665,Engineering,Senior,Full-time,On-site,31,7.2,102700,4.9,0.0,5.5,3.3,2,58.9,5.5,6.2,7.8,2.2,1
EMP-04666,Engineering,Senior,Full-time,Hybrid,39,6.7,96300,7.2,7.8,7.7,3.9,2,51.8,5.6,6.4,7.5,5.5,1
EMP-04667,Finance,Mid,Full-time,Hybrid,34,3.0,65700,6.5,10.4,8.5,2.1,1,7.4,6.1,5.4,7.1,3.0,0
EMP-04668,Sales,Entry,Full-time,On-site,30,2.4,47800,5.7,12.4,8.0,0.5,0,21.0,6.5,5.3,7.5,2.6,0
EMP-04669,Marketing,Mid,Full-time,Remote,25,3.8,61300,4.8,0.0,7.4,3.5,1,1.2,9.2,8.4,7.8,5.8,0
EMP-04670,Engineering,Mid,Full-time,Hybrid,22,2.7,70000,7.1,8.6,6.4,0.1,1,18.0,7.6,7.1,6.8,5.7,0
EMP-04671,Sales,Entry,Full-time,On-site,30,4.0,50700,5.5,12.2,6.5,2.2,1,29.5,5.9,5.8,5.8,3.9,0
EMP-04672,Customer Success,Senior,Full-time,On-site,37,5.8,72100,6.3,11.7,7.9,2.6,1,29.9,6.5,7.5,8.4,8.6,0
EMP-04673,Customer Success,Manager,Full-time,Hybrid,35,7.7,98900,6.4,2.9,8.0,4.3,2,30.9,6.9,7.7,6.9,6.3,0
EMP-04674,Customer Success,Mid,Part-time,Remote,26,3.7,73700,10.0,14.2,6.8,0.1,1,21.5,3.7,5.1,8.5,7.2,1
EMP-04675,Customer Success,Senior,Full-time,Remote,35,6.3,90400,5.3,3.5,5.6,5.6,2,20.0,5.2,5.5,6.6,7.0,0
EMP-04676,Marketing,Mid,Full-time,Hybrid,32,4.7,68900,6.3,8.8,6.4,3.0,2,26.5,7.7,7.7,6.3,5.8,0
EMP-04677,Sales,Manager,Full-time,On-site,47,9.5,119300,4.4,0.2,8.7,7.6,3,27.1,8.9,7.1,10.0,6.8,0
EMP-04678,Sales,Mid,Full-time,Hybrid,33,3.7,61900,8.9,26.7,6.9,0.1,1,33.0,6.0,5.0,7.9,6.9,1
EMP-04679,HR,Senior,Full-time,On-site,30,5.5,92000,6.6,7.3,7.8,0.1,2,26.0,6.7,5.1,7.4,6.6,0
EMP-04680,Marketing,Mid,Full-time,Hybrid,27,2.8,65000,6.5,11.1,5.1,0.1,1,43.9,6.7,7.3,5.8,11.4,0
EMP-04681,Engineering,Entry,Full-time,Hybrid,26,0.4,42700,6.8,11.8,7.1,0.1,1,39.5,6.2,6.1,5.5,3.4,0
EMP-04682,Customer Success,Mid,Full-time,Hybrid,21,2.8,64500,3.0,6.4,5.7,0.1,0,9.5,8.0,8.0,5.6,8.9,0
EMP-04683,Sales,Senior,Full-time,On-site,44,9.5,95500,7.7,14.0,6.3,7.6,2,31.3,5.0,5.5,8.0,8.4,1
EMP-04684,Operations,Mid,Full-time,On-site,35,4.6,75000,5.9,1.6,6.1,5.3,1,0.1,6.0,6.1,6.7,3.6,0
EMP-04685,Engineering,Mid,Full-time,Hybrid,31,2.3,69100,6.1,27.7,6.3,0.1,0,10.9,5.4,4.4,5.2,6.0,1
EMP-04686,Operations,Mid,Full-time,Hybrid,40,5.7,63900,6.8,13.1,5.9,2.9,1,12.8,5.8,7.5,7.9,3.8,0
EMP-04687,Sales,Manager,Full-time,Remote,36,8.1,115300,8.1,23.3,6.6,7.0,2,12.8,5.4,4.4,8.7,10.1,0
EMP-04688,Sales,Entry,Full-time,Hybrid,36,3.9,44900,7.6,0.0,5.8,2.2,1,45.5,7.8,6.4,7.0,5.9,0
EMP-04689,Customer Success,Entry,Full-time,Hybrid,23,3.1,61600,7.4,17.3,7.6,1.6,0,62.2,5.6,5.3,8.2,9.7,0
EMP-04690,Marketing,Entry,Full-time,Hybrid,34,2.2,31700,7.4,12.6,5.4,0.2,1,23.3,4.8,7.3,5.3,8.7,0
EMP-04691,Customer Success,Mid,Full-time,On-site,36,2.9,73900,8.2,11.2,7.7,0.1,0,21.3,8.2,8.7,8.8,6.2,0
EMP-04692,Customer Success,Senior,Full-time,Remote,50,9.2,119100,5.6,9.2,8.6,6.0,2,30.9,5.7,5.0,7.7,5.2,1
EMP-04693,Operations,Senior,Full-time,Hybrid,36,6.4,79500,5.5,6.0,8.7,0.1,1,19.5,8.9,7.3,9.0,11.4,0
EMP-04694,Marketing,Mid,Full-time,On-site,31,3.2,54200,8.2,18.5,8.7,0.1,0,20.8,5.6,6.1,6.5,10.5,0
EMP-04695,Customer Success,Entry,Full-time,Hybrid,22,0.2,51100,6.3,10.3,8.9,0.1,0,34.7,7.9,8.5,8.5,8.5,0
EMP-04696,Operations,Entry,Full-time,Hybrid,29,1.1,41300,8.0,8.5,5.5,0.1,0,31.0,5.0,3.8,4.4,6.9,0
EMP-04697,Operations,Mid,Full-time,Hybrid,24,2.7,54600,6.5,9.2,6.4,0.1,0,29.7,6.1,6.3,7.9,7.4,0
EMP-04698,Marketing,Mid,Full-time,On-site,36,4.6,51300,5.6,3.4,7.5,2.8,1,28.0,6.1,5.9,7.8,1.1,0
EMP-04699,Sales,Entry,Full-time,On-site,21,0.2,57900,5.9,8.8,8.0,0.1,0,35.2,6.8,7.9,6.0,5.7,0
EMP-04700,HR,Mid,Full-time,Hybrid,28,5.2,57700,4.9,0.0,7.2,3.9,1,28.9,8.3,7.3,8.8,5.8,0
EMP-04701,Marketing,Mid,Full-time,Hybrid,32,4.3,70200,8.5,18.1,6.2,0.9,1,18.2,5.8,6.6,6.2,8.5,1
EMP-04702,Engineering,Mid,Full-time,On-site,23,2.7,72400,4.2,0.0,6.5,0.1,1,28.3,7.6,8.0,5.6,6.2,0
EMP-04703,Marketing,Mid,Full-time,On-site,29,4.2,80600,6.1,4.6,7.8,4.3,1,25.5,7.2,8.4,5.9,8.5,0
EMP-04704,Marketing,Mid,Part-time,Hybrid,31,2.2,73000,3.3,0.0,4.8,0.1,0,13.8,5.7,7.6,5.3,3.9,0
EMP-04705,Operations,Mid,Full-time,On-site,41,4.2,61500,6.5,13.3,8.6,0.7,1,42.5,7.3,6.7,9.3,5.9,0
EMP-04706,Engineering,Mid,Full-time,Hybrid,35,3.0,80900,7.8,8.3,6.0,1.0,0,24.8,6.9,6.3,9.0,5.5,0
EMP-04707,Engineering,Mid,Full-time,Hybrid,41,5.9,69300,4.1,0.0,5.8,0.1,1,28.5,6.9,5.9,6.4,4.9,0
EMP-04708,Marketing,Mid,Part-time,On-site,32,2.7,58300,5.9,14.1,7.2,0.1,0,17.8,7.1,6.1,6.2,7.9,0
EMP-04709,Customer Success,Senior,Part-time,Hybrid,47,7.7,95900,9.0,14.9,4.8,6.4,2,36.6,4.3,2.5,5.9,8.5,1
EMP-04710,Customer Success,Mid,Part-time,On-site,24,1.6,58400,6.6,16.6,9.3,0.1,1,15.4,6.5,6.3,8.6,8.3,0
EMP-04711,HR,Entry,Full-time,Hybrid,23,0.2,35900,4.2,4.6,9.0,0.1,0,16.4,8.5,5.5,6.2,4.5,0
EMP-04712,Customer Success,Mid,Full-time,Hybrid,21,0.2,64400,6.9,5.5,5.4,0.1,0,21.5,6.1,7.4,6.6,8.3,1
EMP-04713,Engineering,Mid,Full-time,Hybrid,35,6.0,61500,7.8,13.0,5.6,2.5,2,21.7,4.0,4.7,5.4,12.9,0
EMP-04714,Engineering,Manager,Full-time,Hybrid,39,7.1,131000,4.9,4.0,4.9,0.2,3,18.4,5.7,5.4,6.7,3.3,0
EMP-04715,HR,Entry,Full-time,Hybrid,27,1.3,38800,6.4,4.6,7.2,0.1,0,18.1,5.4,7.2,6.7,9.8,0
EMP-04716,Engineering,Entry,Full-time,On-site,21,0.7,55700,8.8,23.2,6.1,0.1,1,36.7,5.3,4.5,6.0,4.3,1
EMP-04717,Operations,Mid,Full-time,On-site,27,3.3,72000,5.7,4.5,7.7,1.0,1,33.1,6.8,6.1,6.2,2.6,0
EMP-04718,Sales,Mid,Full-time,Remote,27,3.6,65400,6.9,11.5,7.2,2.7,1,30.9,5.1,5.1,7.3,10.3,0
EMP-04719,Operations,Mid,Full-time,On-site,32,5.4,58500,5.3,2.7,8.1,1.0,1,27.7,8.3,7.7,5.7,0.9,0
EMP-04720,Customer Success,Mid,Full-time,Hybrid,35,3.8,83400,7.7,20.6,8.9,0.1,1,22.3,7.1,6.9,8.5,8.9,0
EMP-04721,Customer Success,Entry,Part-time,Hybrid,28,3.4,41600,5.4,0.0,8.1,0.1,0,18.9,7.3,8.9,8.4,1.6,0
EMP-04722,Engineering,Mid,Full-time,Hybrid,45,5.1,77700,4.6,0.3,5.8,1.1,1,23.2,7.5,7.1,5.6,5.0,0
EMP-04723,Finance,Mid,Full-time,Remote,32,5.3,56200,6.1,0.0,7.3,3.3,1,26.1,5.6,5.5,7.5,4.8,0
EMP-04724,Marketing,Senior,Full-time,Hybrid,35,7.0,101000,6.0,5.3,8.5,4.6,2,30.9,6.3,5.6,7.5,2.0,0
EMP-04725,Sales,Manager,Full-time,On-site,32,6.5,118500,8.1,13.4,8.4,3.4,1,21.3,7.2,8.0,9.4,6.0,0
EMP-04726,Engineering,Entry,Full-time,On-site,29,2.8,40200,4.4,0.9,6.4,0.6,0,48.6,7.2,6.0,6.8,0.9,0
EMP-04727,Marketing,Mid,Full-time,Hybrid,38,3.7,63200,5.8,0.0,7.2,0.1,1,17.4,7.1,8.2,6.5,10.1,0
EMP-04728,Sales,Entry,Full-time,Hybrid,21,0.8,61100,6.7,25.4,5.9,0.1,0,30.4,5.4,6.0,5.0,12.9,0
EMP-04729,Marketing,Mid,Full-time,Remote,30,5.3,74500,5.9,13.7,7.6,2.9,1,13.4,6.7,4.6,7.0,11.5,0
EMP-04730,Customer Success,Manager,Full-time,Hybrid,47,9.0,101300,8.4,6.8,7.4,4.7,2,18.2,5.4,5.6,6.6,6.9,1
EMP-04731,Customer Success,Entry,Full-time,On-site,30,4.1,54700,6.5,9.1,7.4,2.0,1,9.8,8.1,7.9,7.6,9.1,0
EMP-04732,Engineering,Senior,Full-time,Hybrid,29,5.7,108700,5.4,0.0,7.2,0.1,2,26.1,5.5,7.0,7.0,0.0,0
EMP-04733,Customer Success,Mid,Full-time,On-site,33,4.3,67000,6.7,8.9,10.0,1.3,1,18.1,9.1,7.2,8.5,6.1,0
EMP-04734,Sales,Entry,Full-time,Hybrid,34,1.4,43200,5.7,0.0,5.6,0.1,0,39.7,6.7,7.1,6.1,1.7,0
EMP-04735,Engineering,Mid,Full-time,Hybrid,36,1.7,76800,5.2,2.9,7.2,0.1,0,13.3,5.8,7.1,9.0,2.9,0
EMP-04736,Customer Success,Entry,Full-time,Hybrid,30,3.5,34000,5.6,8.7,7.1,0.1,1,17.2,7.2,8.6,4.1,6.8,0
EMP-04737,Engineering,Mid,Full-time,Hybrid,27,3.7,80500,5.0,2.0,7.5,2.5,2,17.5,7.2,6.9,7.9,6.5,0
EMP-04738,Sales,Mid,Full-time,Remote,32,5.6,76400,8.3,6.1,5.6,0.6,1,4.0,5.7,6.4,6.7,13.1,1
EMP-04739,Engineering,Senior,Full-time,On-site,36,5.9,96600,7.1,0.3,7.5,4.2,1,20.4,7.9,6.9,8.2,5.9,0
EMP-04740,Marketing,Mid,Full-time,Hybrid,35,7.1,57100,4.3,0.0,7.0,5.9,2,20.5,6.6,6.9,7.1,7.6,0
EMP-04741,Engineering,Mid,Full-time,On-site,32,3.8,62200,6.2,11.8,7.6,0.1,2,13.2,5.3,8.4,9.2,8.6,0
EMP-04742,Operations,Entry,Full-time,Hybrid,26,2.3,32300,6.6,11.2,7.7,0.3,0,29.4,7.3,5.3,8.3,6.8,0
EMP-04743,Customer Success,Entry,Part-time,Hybrid,32,0.2,41800,5.7,0.0,6.5,0.1,0,24.3,6.7,7.4,4.5,8.3,1
EMP-04744,Customer Success,Mid,Full-time,Hybrid,34,5.5,61200,6.0,12.2,4.4,1.5,1,5.6,4.0,6.3,6.9,5.2,0
EMP-04745,Operations,Mid,Full-time,Hybrid,28,5.1,58100,6.0,6.3,8.1,0.9,2,32.2,7.6,7.2,8.8,7.9,0
EMP-04746,Engineering,Senior,Full-time,Hybrid,27,5.6,96900,7.2,12.0,4.0,4.1,1,30.6,5.7,5.7,6.9,8.3,0
EMP-04747,Sales,Senior,Full-time,Hybrid,37,5.9,101500,5.6,1.8,10.0,3.1,1,41.6,8.1,8.3,9.0,9.5,0
EMP-04748,Sales,Entry,Full-time,Remote,23,2.7,59700,5.3,6.3,5.6,0.3,1,27.4,8.2,7.3,6.6,7.6,0
EMP-04749,Customer Success,Senior,Full-time,Hybrid,31,2.9,108400,6.2,9.5,7.6,0.1,1,17.8,5.9,6.5,7.3,12.1,0
EMP-04750,Operations,Entry,Full-time,On-site,26,1.3,38200,6.6,17.8,5.7,0.1,0,46.4,6.8,7.0,6.6,15.7,0
EMP-04751,Operations,Entry,Full-time,On-site,30,3.6,43800,7.3,13.2,7.5,0.2,1,21.4,5.1,6.8,5.5,5.1,0
EMP-04752,Sales,Mid,Full-time,On-site,29,3.0,69600,6.4,4.4,5.8,0.9,1,45.2,5.9,6.0,7.2,8.7,0
EMP-04753,Customer Success,Entry,Full-time,On-site,27,0.2,39200,6.0,10.7,6.7,0.1,1,44.8,7.4,6.1,6.0,4.7,0
EMP-04754,Operations,Senior,Full-time,On-site,43,7.6,97700,5.5,19.0,6.3,0.6,2,37.4,5.1,5.0,6.0,5.6,1
EMP-04755,Customer Success,Senior,Full-time,Hybrid,31,7.7,82600,7.7,19.8,4.1,3.4,2,37.4,3.7,3.3,7.4,2.9,1
EMP-04756,Marketing,Manager,Full-time,Hybrid,42,8.2,120100,4.9,0.3,8.5,8.5,2,20.5,7.6,8.7,8.7,0.0,0
EMP-04757,Engineering,Senior,Full-time,Hybrid,42,8.0,90600,5.7,7.1,7.5,5.4,3,19.2,5.1,6.6,6.4,9.7,0
EMP-04758,Finance,Entry,Part-time,On-site,28,1.2,47700,3.9,0.0,5.5,0.1,1,36.1,6.8,6.8,5.8,0.6,0
EMP-04759,Engineering,Manager,Full-time,On-site,44,10.1,120200,5.1,0.0,9.0,7.3,2,47.8,8.3,7.7,9.5,7.5,0
EMP-04760,Customer Success,Senior,Full-time,Hybrid,41,9.9,95700,5.9,6.0,6.9,5.5,2,18.4,4.9,3.2,8.0,5.3,1
EMP-04761,Sales,Senior,Full-time,Hybrid,45,8.4,81900,5.4,7.7,5.2,5.5,2,28.4,5.3,6.3,8.3,6.0,0
EMP-04762,Sales,Mid,Full-time,On-site,32,3.3,80300,6.3,12.1,10.0,0.2,1,7.5,6.7,7.9,7.5,3.3,0
EMP-04763,Finance,Mid,Full-time,On-site,33,5.8,58800,8.2,21.4,4.6,2.3,1,12.5,3.2,4.2,6.8,9.0,1
EMP-04764,HR,Mid,Full-time,Remote,29,2.7,47200,6.4,2.9,7.1,0.1,0,38.3,5.8,6.3,5.3,7.1,0
EMP-04765,HR,Senior,Full-time,Hybrid,29,6.6,85500,5.1,8.6,5.7,4.6,2,29.3,6.8,6.3,6.3,5.0,0
EMP-04766,Sales,Mid,Full-time,Remote,29,4.7,71200,3.2,0.0,6.3,1.9,2,20.8,6.8,6.9,7.8,2.2,0
EMP-04767,Sales,Entry,Part-time,Hybrid,24,2.7,48500,7.8,9.5,5.0,0.1,0,24.1,3.9,5.1,6.6,8.2,0
EMP-04768,Finance,Mid,Full-time,Hybrid,33,6.2,73300,6.6,5.0,7.5,2.6,2,12.7,8.4,6.5,6.5,10.7,0
EMP-04769,Marketing,Entry,Full-time,Hybrid,24,1.2,36700,6.4,7.8,7.4,0.1,0,37.4,7.1,6.8,7.6,5.3,1
EMP-04770,Marketing,Senior,Full-time,Hybrid,46,7.2,76600,4.8,9.8,7.2,4.3,2,28.7,7.4,7.6,8.9,10.0,0
EMP-04771,Customer Success,Manager,Full-time,On-site,43,8.5,103900,6.0,18.8,4.9,8.6,2,27.6,5.0,6.8,8.1,12.9,0
EMP-04772,Finance,Mid,Full-time,Hybrid,37,5.7,81200,4.8,0.0,7.0,3.1,1,24.3,8.0,7.1,9.1,7.0,0
EMP-04773,HR,Mid,Full-time,Hybrid,26,2.1,61500,4.7,4.4,8.7,3.0,0,12.0,6.9,7.6,8.3,6.7,0
EMP-04774,Engineering,Entry,Full-time,On-site,23,0.2,53800,2.7,0.0,7.3,0.1,0,15.8,9.2,6.4,7.8,0.0,0
EMP-04775,Operations,Mid,Full-time,Hybrid,38,5.9,61600,9.9,17.9,6.9,3.6,2,23.9,5.2,5.3,5.1,5.1,1
EMP-04776,Sales,Mid,Part-time,Hybrid,30,4.2,77500,6.5,5.3,8.6,1.6,1,27.3,8.1,5.3,4.4,6.7,0
EMP-04777,Finance,Entry,Full-time,Hybrid,27,1.5,41700,7.5,21.0,6.1,0.1,0,22.2,4.7,5.4,4.1,5.7,0
EMP-04778,HR,Senior,Part-time,On-site,33,6.2,73900,5.4,12.4,7.3,3.6,1,15.7,9.3,7.4,8.4,10.4,0
EMP-04779,Operations,Entry,Full-time,On-site,32,3.1,47000,7.1,8.5,7.3,1.9,1,34.9,6.9,5.3,7.0,12.0,0
EMP-04780,Engineering,Mid,Full-time,On-site,30,3.6,86800,6.8,0.6,8.1,1.3,2,35.9,6.3,7.7,7.7,8.3,0
EMP-04781,HR,Entry,Full-time,On-site,27,3.7,50700,5.4,0.0,7.3,1.7,1,21.9,7.2,6.8,7.8,10.7,0
EMP-04782,Customer Success,Entry,Full-time,Hybrid,32,2.3,57800,5.3,1.2,4.8,0.1,0,48.7,4.5,3.8,7.4,1.5,0
EMP-04783,Engineering,Mid,Full-time,Hybrid,31,3.0,81600,4.7,0.0,7.4,1.4,1,17.1,8.1,6.6,6.2,4.3,0
EMP-04784,Engineering,Entry,Full-time,Hybrid,21,2.2,46000,7.8,16.5,6.8,1.0,0,38.9,5.1,6.3,6.0,3.0,0
EMP-04785,Customer Success,Manager,Full-time,Hybrid,36,9.3,93900,9.0,18.9,8.1,7.9,3,6.7,4.4,6.6,8.4,7.2,1
EMP-04786,Engineering,Senior,Full-time,On-site,28,6.8,87600,7.2,14.2,5.4,5.6,1,38.9,4.5,5.9,4.9,6.6,0
EMP-04787,Engineering,Entry,Full-time,Remote,31,1.0,60800,5.0,5.9,5.7,0.6,0,14.7,6.0,5.7,6.1,3.1,0
EMP-04788,Operations,Senior,Full-time,Hybrid,43,8.8,94600,4.7,3.2,8.6,4.6,2,24.6,7.1,8.3,8.0,4.1,0
EMP-04789,Engineering,Senior,Full-time,Hybrid,48,8.9,108400,4.7,2.1,6.3,8.7,2,37.9,6.0,7.1,8.5,4.7,0
EMP-04790,Operations,Entry,Full-time,Hybrid,23,0.2,30000,8.8,18.3,10.0,0.1,0,21.7,7.3,7.2,7.5,5.7,0
EMP-04791,Customer Success,Senior,Full-time,Hybrid,36,4.6,95300,9.5,19.4,9.5,3.8,1,36.0,4.5,5.9,8.5,10.2,1
EMP-04792,Engineering,Mid,Full-time,Hybrid,33,5.4,70400,7.2,13.3,7.2,4.3,1,28.0,6.9,7.4,9.4,4.8,1
EMP-04793,Operations,Senior,Full-time,Hybrid,45,8.6,79500,8.2,3.7,7.3,5.6,2,23.4,5.5,6.8,7.6,4.9,0
EMP-04794,Engineering,Mid,Part-time,Hybrid,21,0.8,71500,6.0,5.9,4.8,0.1,1,3.8,6.2,6.0,5.9,9.7,0
EMP-04795,Engineering,Senior,Full-time,Hybrid,33,4.8,83400,4.1,4.0,4.7,0.1,2,20.6,4.8,5.9,5.7,8.6,1
EMP-04796,HR,Mid,Part-time,On-site,36,3.8,75300,9.0,11.6,8.4,0.1,1,10.7,6.7,6.6,5.3,4.9,1
EMP-04797,Customer Success,Senior,Full-time,Hybrid,33,5.8,90100,5.5,0.0,8.5,2.7,2,6.6,8.2,7.8,8.9,4.7,0
EMP-04798,Operations,Mid,Full-time,On-site,38,4.5,57500,5.5,9.0,6.6,0.9,1,20.0,6.1,6.1,7.9,5.3,0
EMP-04799,Marketing,Mid,Full-time,On-site,27,5.2,65300,6.2,7.8,7.5,4.3,1,31.3,4.9,5.7,6.8,9.6,0
EMP-04800,Marketing,Mid,Full-time,Hybrid,22,2.4,62500,7.2,15.4,8.8,0.1,1,30.2,6.4,9.1,9.9,6.7,0
EMP-04801,Sales,Mid,Full-time,Hybrid,24,1.8,56600,6.4,12.4,6.1,0.1,0,30.6,6.1,6.3,7.2,5.3,1
EMP-04802,Engineering,Manager,Full-time,On-site,35,7.4,122200,9.0,4.9,7.7,6.4,2,21.2,3.9,5.9,8.2,7.4,1
EMP-04803,Customer Success,Entry,Full-time,Remote,26,0.2,51200,7.0,6.0,8.1,0.1,0,27.8,8.0,6.3,8.6,5.6,0
EMP-04804,Finance,Mid,Full-time,Remote,37,5.7,71700,4.2,0.0,6.6,2.5,1,28.9,5.4,8.0,7.9,4.6,0
EMP-04805,Operations,Entry,Full-time,Hybrid,35,2.6,48400,8.5,26.6,7.2,0.1,0,41.6,7.0,4.2,6.7,9.8,1
EMP-04806,Finance,Mid,Full-time,Hybrid,35,4.6,78800,4.5,4.4,4.6,2.9,1,31.0,7.5,7.1,7.0,5.6,0
EMP-04807,Customer Success,Entry,Full-time,Hybrid,24,1.9,50600,5.5,2.1,7.9,0.1,1,31.2,8.7,8.9,7.2,4.2,0
EMP-04808,HR,Entry,Full-time,Hybrid,27,2.3,43600,6.1,5.8,6.3,0.1,0,41.2,7.6,7.7,6.6,5.1,0
EMP-04809,Sales,Manager,Full-time,On-site,40,8.2,107800,6.8,19.5,8.2,7.5,3,20.4,6.2,4.7,5.1,5.9,0
EMP-04810,Engineering,Entry,Full-time,Hybrid,21,0.2,59100,4.7,5.2,5.7,0.1,1,25.2,7.9,6.4,6.0,7.7,0
EMP-04811,HR,Mid,Full-time,Hybrid,23,3.2,59000,5.4,10.1,8.2,0.1,0,1.3,8.1,8.2,7.9,4.8,0
EMP-04812,Marketing,Mid,Full-time,Hybrid,37,6.0,69800,5.6,1.2,3.8,1.8,1,8.5,6.5,6.6,7.9,7.9,0
EMP-04813,Marketing,Manager,Full-time,Remote,48,10.8,108900,7.6,5.5,7.9,6.6,4,40.5,6.0,5.7,7.3,8.7,0
EMP-04814,Engineering,Senior,Full-time,On-site,38,6.8,104100,5.5,2.4,7.6,2.6,1,35.3,7.0,7.9,6.4,9.3,0
EMP-04815,Operations,Entry,Full-time,Hybrid,32,3.1,39700,7.1,9.9,7.3,0.9,0,22.2,6.7,5.0,5.2,1.5,0
EMP-04816,Finance,Manager,Full-time,Hybrid,53,10.8,109300,6.1,6.0,8.0,7.0,3,21.7,6.9,8.3,8.5,5.8,0
EMP-04817,Finance,Mid,Full-time,Hybrid,32,4.7,67500,4.7,10.9,10.0,1.9,1,21.4,6.1,6.8,6.2,7.4,0
EMP-04818,Finance,Entry,Full-time,On-site,36,3.7,49900,4.5,5.9,8.3,1.0,1,41.3,6.3,7.1,7.8,1.6,0
EMP-04819,Sales,Mid,Full-time,Hybrid,37,3.9,79400,5.4,11.8,5.5,1.1,1,28.7,6.8,5.3,6.6,2.3,0
EMP-04820,Sales,Senior,Full-time,Remote,38,7.1,86400,6.9,17.5,6.0,1.3,2,3.1,6.7,5.2,5.4,4.1,0
EMP-04821,Finance,Manager,Full-time,Hybrid,40,4.7,104400,6.0,11.8,9.4,1.5,1,15.2,8.1,8.4,7.2,9.6,0
EMP-04822,Sales,Entry,Full-time,Hybrid,27,3.0,55400,5.4,11.4,7.1,0.1,0,39.9,6.3,6.9,7.8,6.7,0
EMP-04823,Operations,Senior,Full-time,Hybrid,37,5.2,94800,6.8,6.1,8.2,0.5,1,38.9,7.6,9.6,8.8,4.7,0
EMP-04824,Operations,Entry,Full-time,On-site,28,3.3,43300,5.9,9.0,6.0,0.1,0,13.8,6.1,7.0,6.1,6.2,0
EMP-04825,Engineering,Senior,Full-time,Hybrid,43,7.1,87200,5.3,6.1,7.2,2.8,2,27.4,7.2,6.2,7.0,5.4,0
EMP-04826,Engineering,Mid,Full-time,Hybrid,29,4.7,78100,5.6,3.5,6.2,0.1,2,20.3,7.7,5.9,7.9,3.1,0
EMP-04827,HR,Mid,Full-time,Hybrid,40,7.0,67000,6.7,28.3,7.4,6.0,2,27.6,5.9,4.5,8.5,8.3,1
EMP-04828,Engineering,Entry,Full-time,On-site,23,0.2,62000,6.1,17.8,6.9,0.1,0,18.3,8.5,6.5,7.4,2.8,0
EMP-04829,Operations,Mid,Full-time,On-site,36,5.2,52000,7.0,12.4,5.3,3.0,2,27.1,5.3,5.5,7.0,6.6,1
EMP-04830,Finance,Entry,Full-time,On-site,28,2.1,54600,7.0,10.0,8.2,0.1,0,32.5,4.9,6.9,7.0,5.0,0
EMP-04831,HR,Manager,Full-time,Remote,43,9.8,120000,7.9,13.3,6.9,8.9,3,14.9,5.5,7.7,6.8,8.6,1
EMP-04832,Customer Success,Entry,Part-time,Hybrid,25,1.1,45600,6.9,7.4,7.6,0.1,0,10.0,7.0,6.2,6.8,1.5,0
EMP-04833,Engineering,Mid,Full-time,Hybrid,27,3.8,75300,7.4,12.7,6.1,0.1,1,15.1,6.6,6.6,5.9,3.3,0
EMP-04834,Customer Success,Entry,Full-time,Hybrid,23,1.2,39500,8.6,13.7,4.0,0.1,0,23.4,7.0,4.5,8.6,8.4,0
EMP-04835,Operations,Mid,Full-time,Hybrid,39,5.9,68300,6.4,5.3,9.9,2.6,1,15.2,7.5,7.2,8.2,0.6,0
EMP-04836,Engineering,Senior,Full-time,Hybrid,35,8.2,103700,7.6,8.2,8.2,2.9,2,34.3,6.3,8.9,8.6,13.0,0
EMP-04837,Sales,Senior,Full-time,On-site,41,6.6,102700,7.8,2.7,6.0,2.6,1,30.9,6.2,6.8,8.4,5.9,0
EMP-04838,Sales,Entry,Full-time,On-site,34,2.0,47800,8.0,8.7,6.1,0.1,0,31.5,6.3,6.9,6.0,3.1,0
EMP-04839,Operations,Entry,Full-time,On-site,33,4.0,43500,3.9,0.0,4.8,0.5,2,26.0,6.3,5.8,5.2,1.6,0
EMP-04840,Sales,Senior,Full-time,Hybrid,39,10.2,92600,4.1,0.0,9.0,5.9,2,48.6,8.2,7.4,8.2,4.3,0
EMP-04841,Engineering,Senior,Full-time,Hybrid,36,6.0,86400,4.1,14.9,10.0,1.6,1,16.6,7.8,7.7,7.2,7.0,0
EMP-04842,Operations,Mid,Full-time,Hybrid,33,3.0,69100,6.2,10.1,8.7,0.1,0,10.1,7.7,7.1,8.5,14.6,0
EMP-04843,HR,Entry,Full-time,On-site,23,0.4,50500,6.0,24.0,6.7,0.1,0,39.1,7.0,4.4,7.7,4.5,0
EMP-04844,Marketing,Senior,Full-time,Hybrid,39,8.2,93900,6.7,3.8,9.1,2.3,2,28.4,7.8,8.4,7.2,7.9,0
EMP-04845,Engineering,Entry,Part-time,On-site,30,0.2,58700,8.1,21.0,8.9,0.1,0,24.5,4.7,5.9,8.4,5.9,0
EMP-04846,Finance,Entry,Full-time,On-site,25,0.2,45300,7.0,12.5,6.6,0.1,1,24.3,7.2,7.2,5.6,4.7,0
EMP-04847,Operations,Senior,Full-time,On-site,35,6.5,80700,5.2,5.4,8.5,2.6,2,30.0,7.6,7.2,6.8,7.9,0
EMP-04848,Operations,Mid,Full-time,Hybrid,27,4.9,52900,3.8,6.0,5.1,1.1,1,28.2,6.2,6.7,6.3,3.6,0
EMP-04849,Operations,Entry,Full-time,On-site,25,2.6,41700,6.0,0.0,6.8,0.1,1,38.0,9.0,6.3,5.6,4.6,0
EMP-04850,Sales,Mid,Part-time,Hybrid,36,7.0,64400,5.0,10.0,5.9,2.2,3,27.0,7.0,5.7,7.1,4.3,0
EMP-04851,HR,Senior,Full-time,Hybrid,35,8.9,86400,7.2,16.6,8.7,5.0,2,43.0,6.9,6.2,10.0,11.5,0
EMP-04852,Engineering,Senior,Full-time,Hybrid,39,6.4,89700,7.5,18.5,7.5,2.8,1,43.5,5.5,5.0,8.3,10.3,0
EMP-04853,Customer Success,Mid,Full-time,On-site,39,6.8,62600,5.4,10.6,8.8,2.7,2,17.4,6.0,6.9,5.6,7.5,0
EMP-04854,HR,Mid,Full-time,Hybrid,23,2.4,65200,6.8,15.3,6.5,0.1,0,5.4,6.8,6.8,7.5,7.0,0
EMP-04855,Operations,Mid,Full-time,Hybrid,21,0.6,76100,6.7,12.4,6.7,0.1,1,24.1,7.8,7.4,6.7,7.0,1
EMP-04856,Customer Success,Manager,Full-time,Hybrid,33,6.3,107600,7.0,10.5,6.5,3.6,1,31.8,7.2,6.7,8.9,7.8,0
EMP-04857,Customer Success,Manager,Full-time,On-site,38,9.4,128800,5.2,15.3,4.8,6.7,2,28.3,4.8,3.4,7.1,3.6,0
EMP-04858,Finance,Senior,Full-time,On-site,35,7.8,74000,5.2,0.0,6.4,5.5,2,32.6,6.4,7.6,8.2,10.8,0
EMP-04859,Finance,Senior,Full-time,On-site,36,7.1,98100,6.7,5.8,8.6,5.9,2,30.3,2.5,6.2,5.9,6.6,0
EMP-04860,Engineering,Mid,Full-time,Hybrid,48,9.3,77600,6.0,6.1,6.9,6.5,2,31.8,7.4,6.1,7.7,9.7,0
EMP-04861,Finance,Mid,Full-time,On-site,33,4.8,57600,7.8,18.9,7.3,0.4,1,14.8,3.5,4.8,6.0,7.7,0
EMP-04862,Marketing,Senior,Full-time,On-site,31,5.4,102100,9.9,13.6,7.2,0.1,2,19.4,4.3,6.9,4.5,12.0,0
EMP-04863,Marketing,Entry,Full-time,On-site,32,4.4,42800,6.2,13.9,5.9,2.5,2,5.0,5.3,6.2,8.6,5.3,1
EMP-04864,Engineering,Mid,Part-time,Remote,28,4.2,79800,8.2,27.2,8.4,5.4,1,22.2,5.6,4.6,6.3,10.9,0
EMP-04865,Customer Success,Mid,Full-time,Hybrid,22,2.5,74100,6.5,9.7,7.9,0.1,0,24.0,7.9,6.6,6.7,4.4,0
EMP-04866,Customer Success,Mid,Full-time,Remote,26,3.4,63700,7.6,14.2,9.2,0.1,0,4.2,5.7,4.7,6.4,7.4,1
EMP-04867,Marketing,Senior,Part-time,Remote,46,7.0,108000,4.4,4.1,6.9,4.3,2,26.4,7.6,7.9,6.2,2.6,0
EMP-04868,Sales,Manager,Full-time,Hybrid,42,8.6,111500,5.5,9.2,4.4,4.0,2,4.9,5.3,5.8,5.5,0.9,0
EMP-04869,Operations,Senior,Full-time,Hybrid,37,5.9,81400,7.5,15.5,5.0,0.7,1,31.1,5.2,5.8,5.6,7.3,0
EMP-04870,Customer Success,Manager,Full-time,On-site,42,7.7,99000,9.3,18.5,7.1,4.2,2,20.5,6.5,5.0,8.3,8.9,1
EMP-04871,Customer Success,Mid,Full-time,Hybrid,29,1.2,69300,5.1,11.4,8.3,1.7,0,37.8,7.4,7.5,5.8,13.5,0
EMP-04872,Engineering,Senior,Full-time,On-site,32,4.0,81200,6.3,6.7,6.7,0.7,1,32.5,6.6,6.9,7.9,5.3,0
EMP-04873,Operations,Senior,Full-time,Hybrid,40,8.2,78800,5.3,4.5,8.1,3.4,2,0.0,5.7,5.6,8.6,3.0,0
EMP-04874,Customer Success,Manager,Full-time,Hybrid,39,6.6,103100,5.4,0.0,6.6,2.8,2,25.3,7.8,9.4,6.8,8.0,0
EMP-04875,Engineering,Senior,Full-time,On-site,41,8.1,93700,5.9,10.5,9.9,2.8,2,46.2,9.6,9.4,8.6,8.4,0
EMP-04876,Engineering,Mid,Full-time,Hybrid,42,4.7,68700,6.8,5.4,5.8,4.1,1,53.1,7.4,6.0,7.3,6.8,1
EMP-04877,Marketing,Manager,Full-time,On-site,35,6.9,103400,6.9,7.7,4.5,5.0,1,28.4,5.5,4.0,6.2,11.6,1
EMP-04878,Finance,Manager,Full-time,On-site,37,7.3,107300,5.9,5.3,7.5,4.6,2,18.5,6.7,5.0,8.0,1.1,0
EMP-04879,HR,Mid,Part-time,Hybrid,26,1.3,58000,6.9,17.5,7.7,0.1,0,15.6,6.3,5.3,6.1,1.6,0
EMP-04880,Sales,Mid,Full-time,Hybrid,35,5.9,70700,5.4,14.3,5.7,3.3,2,12.7,5.9,5.3,7.5,11.0,0
EMP-04881,Operations,Mid,Full-time,Hybrid,38,4.6,59100,8.9,17.6,9.7,2.3,2,26.0,4.2,4.5,7.3,13.4,1
EMP-04882,Sales,Mid,Full-time,Hybrid,43,4.1,62200,6.5,11.9,5.3,0.1,1,30.7,6.3,5.7,6.9,0.0,0
EMP-04883,Operations,Entry,Full-time,On-site,23,0.2,47700,6.3,11.9,5.7,0.1,0,19.2,7.3,6.4,7.4,5.9,0
EMP-04884,Engineering,Senior,Full-time,On-site,41,7.0,97500,7.9,0.8,8.0,3.2,2,36.0,6.5,7.4,7.7,7.6,0
EMP-04885,Marketing,Mid,Full-time,On-site,33,6.0,71700,5.4,9.4,6.5,1.4,1,29.9,7.0,6.1,5.6,1.6,0
EMP-04886,Customer Success,Senior,Full-time,Hybrid,36,7.8,78000,4.7,12.4,7.2,5.7,2,26.8,6.6,6.8,8.7,8.2,0
EMP-04887,Sales,Manager,Full-time,Remote,42,9.9,112400,4.5,1.1,8.6,6.3,2,32.5,7.4,7.9,8.1,0.1,0
EMP-04888,Operations,Entry,Full-time,On-site,37,2.9,32400,4.4,8.6,6.3,0.1,0,40.1,7.3,5.6,6.1,0.6,0
EMP-04889,Customer Success,Mid,Full-time,On-site,37,4.4,56300,6.7,2.2,6.1,0.9,1,16.8,5.9,4.6,5.7,2.5,0
EMP-04890,HR,Mid,Part-time,Hybrid,37,3.8,77600,6.5,1.1,7.4,1.3,1,13.0,6.7,9.2,7.1,1.5,0
EMP-04891,Sales,Mid,Full-time,Remote,30,1.4,83300,8.1,3.0,7.2,0.1,0,17.8,7.3,5.7,6.6,2.0,0
EMP-04892,Engineering,Mid,Full-time,On-site,28,2.6,60700,6.2,14.9,6.7,0.3,1,32.4,7.2,7.0,9.2,4.8,0
EMP-04893,Marketing,Manager,Full-time,On-site,39,9.0,118500,4.0,6.5,6.0,5.9,2,31.6,5.7,5.5,8.0,9.3,0
EMP-04894,Sales,Mid,Full-time,On-site,31,5.6,67400,8.5,23.7,8.1,4.0,1,25.5,5.9,6.1,6.0,9.5,0
EMP-04895,Customer Success,Entry,Full-time,Hybrid,29,0.9,49800,8.2,16.2,5.9,0.1,1,30.4,6.8,6.4,6.2,15.8,0
EMP-04896,Engineering,Entry,Full-time,On-site,23,1.3,52500,5.9,7.1,6.2,0.1,1,34.7,7.0,4.9,6.0,10.8,0
EMP-04897,Operations,Senior,Full-time,Remote,41,7.4,87900,6.7,15.1,7.3,5.3,2,31.6,5.3,7.0,8.6,10.0,0
EMP-04898,Customer Success,Entry,Full-time,On-site,30,2.2,51300,4.9,8.0,4.3,0.1,0,27.8,6.8,6.9,6.8,0.3,0
EMP-04899,Customer Success,Senior,Full-time,Hybrid,44,6.2,91400,9.7,15.1,8.6,3.5,1,21.0,5.2,6.4,7.0,9.5,0
EMP-04900,Operations,Senior,Full-time,Hybrid,40,6.2,81100,3.2,6.6,5.5,3.0,1,36.0,6.2,6.5,7.2,4.4,0
EMP-04901,HR,Entry,Full-time,Remote,26,2.8,49000,8.0,7.2,6.6,0.1,0,22.5,6.3,6.3,6.4,6.0,0
EMP-04902,Engineering,Mid,Full-time,On-site,33,5.0,70100,5.4,1.7,9.8,4.8,1,26.0,7.0,7.8,7.9,8.3,0
EMP-04903,Sales,Entry,Full-time,On-site,27,1.6,47900,5.4,2.4,5.2,0.1,1,37.4,6.6,4.4,6.1,4.1,0
EMP-04904,Operations,Senior,Full-time,On-site,37,8.8,82100,3.6,10.8,6.3,7.1,3,24.1,7.3,8.1,10.0,3.7,0
EMP-04905,Finance,Mid,Full-time,Hybrid,21,0.2,71200,6.3,20.3,8.8,0.1,0,20.5,7.1,7.2,6.8,8.6,0
EMP-04906,Marketing,Manager,Full-time,Hybrid,45,10.1,110600,8.2,3.3,8.1,7.3,2,35.9,7.7,6.6,5.6,8.6,1
EMP-04907,Finance,Mid,Part-time,Hybrid,23,1.6,69700,5.2,5.4,7.1,0.1,0,10.8,7.5,8.3,7.0,5.2,1
EMP-04908,Sales,Entry,Full-time,Hybrid,24,1.5,53100,4.4,0.0,6.8,0.1,0,24.2,6.8,7.7,6.8,0.5,0
EMP-04909,Marketing,Entry,Full-time,Hybrid,22,0.9,47600,6.1,9.2,6.4,0.1,1,32.8,6.2,6.4,7.2,5.3,0
EMP-04910,Marketing,Mid,Part-time,On-site,28,3.7,79100,7.3,5.2,6.3,0.1,1,19.1,7.5,7.7,6.6,5.7,0
EMP-04911,Marketing,Mid,Full-time,On-site,29,2.2,75300,7.0,7.6,8.0,0.1,1,30.5,5.9,7.1,9.4,0.4,0
EMP-04912,Customer Success,Senior,Full-time,Hybrid,36,5.7,86600,4.7,11.4,7.9,2.9,1,39.4,7.1,6.9,5.8,3.9,0
EMP-04913,Sales,Mid,Full-time,Hybrid,25,2.8,69100,6.9,3.8,7.9,0.1,0,45.5,5.4,6.5,6.9,8.4,0
EMP-04914,Finance,Senior,Full-time,Hybrid,45,8.2,100400,7.2,0.3,10.0,4.7,2,11.9,6.0,6.9,8.8,8.5,0
EMP-04915,Marketing,Entry,Full-time,Hybrid,23,0.2,36700,6.0,8.2,9.4,0.1,0,17.4,6.2,7.0,6.6,3.2,0
EMP-04916,Operations,Mid,Full-time,Hybrid,32,5.5,65400,7.9,13.9,7.4,2.1,1,17.1,6.1,4.7,5.7,2.4,1
EMP-04917,Engineering,Mid,Full-time,Hybrid,29,3.0,59800,7.9,12.6,8.8,1.5,1,10.9,5.0,5.4,8.4,5.4,0
EMP-04918,Marketing,Entry,Full-time,Hybrid,30,1.5,44900,5.1,3.4,5.5,0.1,0,27.8,5.4,5.3,5.0,5.9,0
EMP-04919,Sales,Mid,Full-time,Hybrid,30,5.8,85300,4.6,5.7,7.0,2.1,1,8.8,6.4,6.8,7.6,7.4,0
EMP-04920,Customer Success,Senior,Full-time,Remote,38,9.7,91200,8.2,24.4,9.3,7.8,2,39.5,4.5,6.0,6.3,10.0,1
EMP-04921,Sales,Senior,Full-time,Hybrid,28,5.8,76100,6.4,4.4,5.1,2.9,1,26.4,5.5,5.4,6.5,7.5,0
EMP-04922,HR,Senior,Part-time,On-site,35,3.2,84700,5.2,10.8,8.1,0.1,0,12.8,6.2,5.3,5.9,0.0,0
EMP-04923,Sales,Senior,Full-time,On-site,43,8.4,80100,5.9,2.9,8.1,6.1,3,43.3,6.7,6.5,8.2,5.8,1
EMP-04924,Sales,Mid,Full-time,Hybrid,26,3.3,61500,5.4,11.6,6.2,2.2,0,25.5,6.8,6.3,7.5,5.2,0
EMP-04925,Sales,Entry,Full-time,Remote,29,3.8,53400,4.9,0.0,6.1,0.1,2,31.4,6.8,8.4,6.0,8.4,0
EMP-04926,Sales,Senior,Full-time,Hybrid,45,8.8,80000,4.9,0.0,5.8,5.1,2,44.1,8.6,6.6,7.7,0.0,0
EMP-04927,Marketing,Mid,Part-time,On-site,32,5.7,74400,6.4,10.1,4.6,4.7,2,14.8,5.8,3.9,6.8,10.6,1
EMP-04928,HR,Mid,Full-time,Hybrid,32,5.1,60400,3.3,0.0,7.1,1.5,2,9.7,6.7,5.6,8.0,10.9,0
EMP-04929,Operations,Mid,Full-time,Hybrid,31,3.3,65700,6.8,17.8,5.9,0.8,0,28.4,5.3,4.3,7.5,3.3,1
EMP-04930,Operations,Mid,Full-time,Hybrid,27,3.6,64200,5.7,8.3,4.1,1.2,2,31.9,4.9,5.8,5.6,3.5,0
EMP-04931,Engineering,Mid,Full-time,Remote,38,4.8,81100,5.8,0.8,6.2,0.1,1,20.7,7.0,6.6,8.7,6.1,0
EMP-04932,Customer Success,Mid,Full-time,On-site,22,0.2,70600,5.0,12.9,7.5,0.1,0,31.8,7.7,6.2,8.3,3.1,0
EMP-04933,Sales,Mid,Full-time,On-site,37,5.8,55800,4.4,0.7,7.6,1.6,1,27.8,7.6,9.7,7.0,7.8,0
EMP-04934,Operations,Mid,Full-time,Hybrid,27,3.1,66700,7.5,18.9,6.5,0.7,0,17.1,7.0,5.1,7.5,9.5,0
EMP-04935,Sales,Mid,Full-time,On-site,32,5.4,62300,6.2,1.9,5.2,3.5,1,18.1,5.5,6.7,5.9,6.7,0
EMP-04936,Engineering,Senior,Full-time,Hybrid,39,4.9,101400,7.1,4.0,6.3,2.7,1,13.3,6.7,6.7,7.7,5.7,0
EMP-04937,Customer Success,Senior,Full-time,Hybrid,37,5.4,95400,5.1,5.3,8.3,3.3,1,24.4,6.2,8.9,9.2,6.3,0
EMP-04938,Operations,Entry,Full-time,Remote,27,0.7,46500,6.7,12.3,5.3,0.1,1,36.1,6.4,6.4,5.2,8.3,0
EMP-04939,Engineering,Mid,Full-time,Remote,33,3.8,68200,5.6,5.3,6.5,2.0,1,16.3,4.8,5.2,7.3,12.3,0
EMP-04940,Sales,Entry,Full-time,On-site,28,4.4,52400,7.3,16.4,7.9,0.9,2,28.2,8.7,8.8,9.1,2.6,1
EMP-04941,Sales,Entry,Full-time,On-site,26,0.4,61400,6.1,13.6,5.4,0.1,1,31.8,6.0,6.2,5.7,3.2,0
EMP-04942,Engineering,Mid,Full-time,Hybrid,39,7.5,66000,6.8,2.5,4.5,5.4,2,13.4,6.2,4.9,6.7,10.5,0
EMP-04943,Sales,Mid,Full-time,Hybrid,40,8.2,73400,4.6,4.7,6.5,1.6,3,14.5,7.0,7.8,7.8,10.6,0
EMP-04944,Sales,Entry,Full-time,Hybrid,24,0.5,45200,3.3,4.2,6.8,2.0,0,23.3,8.1,7.4,6.3,2.3,0
EMP-04945,HR,Entry,Full-time,Remote,29,2.9,62000,4.7,8.7,8.1,0.1,1,11.3,8.3,8.2,8.5,0.6,0
EMP-04946,Operations,Entry,Part-time,Remote,21,0.4,37500,5.3,4.7,8.6,0.1,1,31.5,8.5,8.4,7.3,6.2,1
EMP-04947,Finance,Entry,Full-time,On-site,28,1.3,54600,6.2,12.8,5.8,0.1,1,35.5,5.4,4.7,8.7,1.3,0
EMP-04948,HR,Mid,Full-time,Hybrid,26,2.1,71100,4.2,0.0,6.1,0.1,0,36.3,7.4,5.8,5.8,3.8,0
EMP-04949,Customer Success,Mid,Full-time,Hybrid,31,4.6,65400,6.1,15.0,6.5,0.1,1,38.7,6.1,4.7,7.4,9.6,0
EMP-04950,Customer Success,Senior,Full-time,Remote,41,7.5,98300,6.1,5.7,6.0,5.2,3,19.6,7.2,6.6,7.5,1.6,0
EMP-04951,Operations,Senior,Full-time,Hybrid,39,7.2,78500,8.9,18.4,5.3,1.8,2,45.5,4.0,4.0,5.4,7.9,0
EMP-04952,HR,Manager,Full-time,On-site,41,8.9,113500,6.3,4.1,6.1,6.1,2,32.5,6.2,6.9,8.7,4.5,0
EMP-04953,Finance,Senior,Full-time,Hybrid,39,5.9,86000,7.7,8.9,7.8,3.4,1,32.5,6.6,7.1,6.1,6.6,0
EMP-04954,Engineering,Entry,Full-time,On-site,24,0.2,54900,7.1,3.2,5.9,0.1,1,17.7,6.4,4.7,5.6,7.4,0
EMP-04955,Finance,Manager,Full-time,Hybrid,41,8.9,112200,6.1,12.9,5.4,6.2,2,22.4,6.3,6.3,7.9,8.5,1
EMP-04956,Engineering,Mid,Full-time,On-site,27,2.0,67800,5.1,0.0,8.9,0.1,1,11.4,7.2,7.6,8.4,1.4,0
EMP-04957,HR,Senior,Full-time,Hybrid,38,6.7,88300,5.8,1.3,8.4,4.8,1,21.9,6.6,6.5,7.1,4.4,0
EMP-04958,Customer Success,Senior,Part-time,Remote,44,8.6,101300,6.5,9.6,6.6,5.9,3,31.3,5.7,6.4,8.1,11.6,0
EMP-04959,Marketing,Entry,Full-time,On-site,38,3.7,46400,6.1,14.4,5.6,0.1,1,23.6,5.7,6.8,8.2,12.2,0
EMP-04960,Sales,Mid,Full-time,Remote,38,5.3,56900,4.6,7.0,6.3,4.0,1,16.4,6.7,8.8,7.5,7.9,0
EMP-04961,Customer Success,Senior,Full-time,Hybrid,45,8.5,80000,4.4,0.0,7.5,4.9,2,24.7,6.6,7.3,6.6,7.7,0
EMP-04962,HR,Senior,Full-time,On-site,29,3.9,81700,6.9,22.0,7.8,0.1,1,19.7,6.1,5.7,7.1,8.4,1
EMP-04963,Operations,Mid,Full-time,On-site,25,5.3,62800,6.5,11.3,7.0,1.9,1,16.2,6.9,6.4,6.4,8.2,0
EMP-04964,Finance,Entry,Full-time,Hybrid,27,2.1,50200,4.1,9.5,8.1,1.4,0,28.7,8.6,7.4,8.0,3.1,0
EMP-04965,HR,Senior,Full-time,On-site,39,7.6,98600,5.1,15.6,5.8,6.3,2,21.8,7.6,7.2,5.2,7.3,0
EMP-04966,Customer Success,Entry,Full-time,Hybrid,26,0.7,37500,7.2,13.3,6.8,0.1,0,39.2,6.1,3.5,6.3,2.5,0
EMP-04967,Marketing,Senior,Full-time,Hybrid,38,7.0,76400,5.9,0.8,6.0,7.9,2,37.1,8.4,5.7,6.4,8.9,0
EMP-04968,Finance,Mid,Full-time,On-site,26,2.6,75000,4.4,0.0,8.1,1.2,1,14.6,7.8,6.9,5.4,6.3,0
EMP-04969,Finance,Entry,Full-time,On-site,31,0.2,51900,8.1,0.0,6.7,0.1,0,10.5,5.3,6.5,7.8,12.2,0
EMP-04970,Sales,Manager,Full-time,Remote,32,5.5,103700,9.5,31.8,5.5,0.9,1,49.0,4.3,4.1,6.6,9.9,1
EMP-04971,Engineering,Senior,Full-time,Hybrid,29,5.7,103700,6.8,0.0,5.0,0.5,1,34.4,6.6,6.5,8.0,4.9,0
EMP-04972,Engineering,Entry,Full-time,Hybrid,21,0.2,54100,6.4,12.8,7.9,0.1,0,10.9,7.7,6.4,6.4,6.5,0
EMP-04973,Customer Success,Mid,Full-time,Remote,30,1.9,58400,6.3,11.9,8.8,0.1,0,10.5,6.8,6.7,6.1,14.2,0
EMP-04974,Engineering,Mid,Full-time,Hybrid,41,5.6,78000,6.7,7.3,8.4,3.1,1,7.9,5.8,6.0,6.5,5.4,0
EMP-04975,Operations,Entry,Full-time,Hybrid,25,2.7,58900,5.7,0.0,5.9,0.1,0,35.7,6.8,9.0,6.0,4.6,0
EMP-04976,Operations,Mid,Full-time,On-site,33,2.3,60100,4.2,6.4,7.7,0.1,1,26.5,6.9,6.7,7.4,8.4,0
EMP-04977,Customer Success,Entry,Full-time,Remote,27,2.4,50600,3.3,8.4,6.0,0.1,1,21.3,6.8,7.1,7.5,4.6,0
EMP-04978,Operations,Senior,Full-time,Hybrid,37,5.5,84600,3.8,0.0,4.5,1.4,1,33.5,6.1,5.7,7.7,2.3,0
EMP-04979,Operations,Entry,Full-time,Hybrid,30,1.6,39800,5.6,12.9,6.5,0.1,0,51.0,5.9,5.2,6.6,2.0,0
EMP-04980,Finance,Manager,Full-time,Remote,48,8.6,124600,5.9,0.0,4.1,8.4,2,25.3,5.9,6.0,6.9,4.1,0
EMP-04981,HR,Mid,Full-time,On-site,31,4.5,53300,6.1,11.5,7.8,1.6,1,12.0,6.4,7.1,8.1,3.2,0
EMP-04982,Operations,Mid,Full-time,Hybrid,26,2.7,58400,7.5,11.6,7.7,0.1,0,26.8,5.1,5.1,5.6,4.5,0
EMP-04983,Engineering,Manager,Full-time,On-site,38,9.5,112500,6.5,16.4,7.1,4.4,3,33.5,7.6,7.4,8.4,3.6,0
EMP-04984,Finance,Senior,Full-time,Remote,30,6.7,93700,5.2,15.2,7.4,4.8,1,11.8,4.3,6.4,7.0,4.9,0
EMP-04985,HR,Mid,Full-time,Hybrid,36,3.3,69600,5.8,17.4,8.7,0.1,0,17.3,5.9,6.5,5.6,10.8,0
EMP-04986,Operations,Mid,Part-time,Hybrid,24,0.6,68200,6.1,11.1,8.5,0.1,0,18.6,5.8,5.6,7.7,4.1,0
EMP-04987,Engineering,Manager,Full-time,Remote,32,6.5,108700,5.2,5.1,8.8,5.0,1,31.9,6.8,9.2,8.0,5.6,0
EMP-04988,Finance,Mid,Full-time,On-site,27,5.2,74800,5.6,5.2,8.5,7.5,2,0.2,7.8,8.5,8.0,3.8,0
EMP-04989,Customer Success,Mid,Full-time,On-site,25,4.9,60600,5.4,0.0,7.7,1.9,1,25.1,6.9,7.8,7.5,3.7,0
EMP-04990,Sales,Entry,Full-time,Hybrid,29,3.5,35600,6.5,14.2,6.9,0.1,1,28.3,5.7,4.8,4.3,0.5,0
EMP-04991,Operations,Senior,Full-time,On-site,34,4.7,92400,5.7,0.0,6.6,3.0,2,29.9,7.4,6.1,7.0,7.3,0
EMP-04992,Engineering,Mid,Full-time,On-site,27,4.2,68700,4.8,0.9,6.3,0.8,1,4.7,7.1,5.8,7.2,8.1,0
EMP-04993,Marketing,Senior,Full-time,Hybrid,41,8.3,88100,6.3,4.6,6.4,4.4,2,14.4,6.4,7.0,7.3,7.5,0
EMP-04994,Customer Success,Entry,Full-time,On-site,21,0.9,41700,6.4,5.5,6.8,0.1,0,36.2,7.1,6.0,7.1,4.1,0
EMP-04995,Customer Success,Entry,Full-time,Hybrid,21,2.3,30000,5.4,23.4,8.9,0.4,0,17.4,4.5,5.6,6.4,2.9,1
EMP-04996,Sales,Entry,Full-time,Hybrid,23,0.2,38700,7.5,6.1,7.9,0.1,0,26.6,7.0,6.9,7.1,9.3,0
EMP-04997,Customer Success,Senior,Full-time,On-site,39,5.9,96200,5.6,27.1,6.5,1.9,1,38.5,6.0,6.4,7.0,5.6,0
EMP-04998,HR,Mid,Full-time,On-site,28,5.2,50700,6.0,4.0,7.6,3.3,1,28.4,7.0,5.8,7.4,0.0,1
EMP-04999,Marketing,Mid,Part-time,On-site,34,5.2,69300,5.8,12.6,4.9,2.9,1,0.0,5.6,5.6,7.4,3.8,1
EMP-05000,Operations,Entry,Full-time,Hybrid,24,3.2,33000,7.9,10.8,4.9,0.1,0,12.6,6.7,6.4,6.6,7.2,0
